companyString,date,fbId,fbPhotoId,count(*),commentsCount,likesCount,reactionsCount,hasPlace,hasCaption,hasEvent,updatedLater
Recreational Equipment (REI),2013,9062006483,4461,7687,21713,450075,450081,813,474,0,5836
Mercedes-Benz USA,2014,6604386669,26757,3096,76394,5209423,5209591,11,2456,0,61
KPMG,2015,274830721660,121284,2720,188,3599,3599,1364,1253,0,59
KPMG,2013,274830721660,126294,2497,293,4077,4077,1981,2028,0,33
Mercedes-Benz USA,2015,6604386669,24299,2438,33580,2635210,2635634,1,2349,0,659
KPMG,2014,274830721660,124004,2290,219,3804,3804,1955,1345,0,76
Zappos.com,2012,7172307686,19428,2244,15090,87501,87501,1288,2073,0,297
Four Seasons Hotels,2011,106280431030,142853,2161,9003,71589,71591,222,1831,0,2
Mercedes-Benz USA,2013,6604386669,29892,2125,178952,11759330,11759411,1,1931,0,35
Four Seasons Hotels,2012,106280431030,141034,1819,16238,420060,420061,653,1787,0,41
Mercedes-Benz USA,2012,6604386669,32033,1675,114513,4028381,4028410,0,877,0,259
OhioHealth,2013,40814021698,114201,1531,568,6484,6484,784,486,0,394
Nordstrom,2010,12854644836,92475,1313,5052,18377,18377,0,421,0,28
Mayo Clinic,2015,7673082516,100736,1291,20941,749762,749767,2,1290,0,228
Zappos.com,2013,7172307686,18152,1276,17447,721939,721939,65,1268,0,657
Zappos.com,2011,7172307686,21672,1207,3026,4193,4194,21,139,0,12
Texas Instruments,2014,234443101357,167469,1155,1270,133224,133224,189,1091,0,527
Texas Instruments,2013,234443101357,168624,1144,1809,71286,71286,226,1037,0,691
Aéropostale,2013,57143807607,152063,1138,113389,9591831,9591867,14,999,0,79
Mercedes-Benz USA,2011,6604386669,33708,1115,36084,397110,397111,0,986,0,125
Salesforce.com,2011,5634829153,53372,1103,694,2948,2948,56,872,0,2
Navy Federal Credit Union,2013,160344204010636,131028,1096,15952,237748,237749,282,842,0,171
Stew Leonard's,2015,33439252677,134427,1076,7732,47395,47395,253,705,0,734
Texas Instruments,2015,234443101357,166404,1064,755,211601,211601,55,1051,0,134
Baptist Health South Florida,2011,127900310965,70280,1026,295,1928,1928,112,401,0,35
Mayo Clinic,2014,7673082516,102027,1016,11519,436286,436289,1,1015,0,592
Salesforce.com,2012,5634829153,52368,1005,5134,46052,46052,186,796,0,102
Nordstrom,2012,12854644836,91216,973,92008,1860920,1860924,1,894,0,118
Zappos.com,2014,7172307686,17186,966,55528,987376,987377,0,909,0,363
JM Family Enterprises,2012,215824265320,39629,958,183,2022,2022,628,81,0,105
Stew Leonard's,2014,33439252677,135539,922,11300,32593,32593,344,561,0,446
OhioHealth,2014,40814021698,113286,914,259,7018,7018,358,728,0,211
KPMG,2012,274830721660,128791,884,168,1708,1708,499,513,0,92
LifeBridge Health,2012,193538150681786,163200,875,281,2858,2858,157,509,0,324
Adobe,2012,305115773870,66838,869,2094,26235,26235,399,595,0,158
Four Seasons Hotels,2013,106280431030,140170,864,13840,519793,519795,385,771,0,98
Aéropostale,2012,57143807607,153201,847,104848,3453083,3453083,76,711,0,145
CHG Healthcare Services,2015,32264600947,13899,823,316,6478,6478,10,143,0,468
Nordstrom,2013,12854644836,90395,821,154476,3284566,3284568,24,789,0,323
Stew Leonard's,2013,33439252677,136462,803,23669,49530,49530,138,623,0,416
Aéropostale,2014,57143807607,151261,800,55944,22197552,22197554,0,777,0,10
David Weekley Homes,2014,8146864018,173924,795,3686,18051,18051,0,607,0,606
David Weekley Homes,2015,8146864018,173134,786,5687,23309,23315,3,346,0,580
WellStar Health System,2014,94455639888,178070,778,2093,39997,39997,74,630,0,484
LifeBridge Health,2016,193538150681786,160556,775,121,3283,3304,55,690,0,114
CHG Healthcare Services,2016,32264600947,13137,773,97,2636,2681,104,88,0,377
Recreational Equipment (REI),2015,9062006483,3104,773,42320,2757566,2757598,0,730,0,165
LifeBridge Health,2015,193538150681786,161333,756,221,4162,4162,22,483,0,372
St. Jude Children's Research Hospital,2013,6435441794,62262,752,86513,4956787,4956793,8,335,0,572
Southern Ohio Medical Center,2013,220886824589689,59897,745,645,9715,9718,130,134,0,262
Southern Ohio Medical Center,2015,220886824589689,58449,744,559,5063,5064,46,118,0,41
Recreational Equipment (REI),2012,9062006483,12148,743,14847,318589,318589,10,384,0,164
Mercedes-Benz USA,2016,6604386669,23582,742,6067,341404,350616,0,732,0,442
Southern Ohio Medical Center,2012,220886824589689,60642,725,203,2838,2838,557,118,0,78
Stew Leonard's,2012,33439252677,137264,715,10173,49926,49926,143,601,0,202
OhioHealth,2012,40814021698,115732,710,404,2507,2507,377,411,0,65
Teach For America,2014,8433834471,99046,706,3099,167173,167174,465,134,0,113
Southern Ohio Medical Center,2014,220886824589689,59193,704,322,4711,4711,137,126,0,62
Adobe,2014,305115773870,65511,702,2326,79409,79410,0,596,0,363
Robert W. Baird,2014,148731991811588,43772,686,12,513,513,400,138,0,39
Adobe,2015,305115773870,64836,675,1036,30723,30729,5,634,0,111
Four Seasons Hotels,2014,106280431030,139495,675,5225,236300,236301,243,609,0,22
Stew Leonard's,2016,33439252677,133793,670,18400,54298,55203,319,271,0,337
Aéropostale,2015,57143807607,150594,667,10552,4923200,4923225,0,661,0,27
KPMG,2016,274830721660,120644,640,84,777,783,410,291,0,55
Container Store,2012,59375573322,46714,634,3737,19648,19648,46,237,0,139
OhioHealth,2015,40814021698,112655,631,638,16255,16255,53,283,0,226
Adobe,2013,305115773870,66213,630,7004,114766,114767,25,595,0,359
LifeBridge Health,2013,193538150681786,162571,629,357,5554,5554,303,365,0,303
Baptist Health South Florida,2012,127900310965,69651,629,183,4630,4630,267,185,0,42
Aéropostale,2011,57143807607,154048,623,45760,240241,240241,3,198,0,51
Robert W. Baird,2015,148731991811588,43150,622,22,1438,1438,246,60,0,108
Salesforce.com,2013,5634829153,51760,610,8888,180475,180475,3,602,0,467
OhioHealth,2011,40814021698,116442,609,95,216,216,0,352,0,0
WellStar Health System,2015,94455639888,177477,592,2007,31724,31724,18,545,0,122
American Express,2010,6185812851,88431,589,562,1980,1980,0,568,0,0
Recreational Equipment (REI),2014,9062006483,3877,584,25302,1428518,1428523,0,557,0,220
WellStar Health System,2013,94455639888,178848,577,557,7321,7321,0,555,0,551
American Express,2014,6185812851,87130,565,6434,209730,209730,10,496,0,240
Nordstrom,2014,12854644836,89831,562,75362,2536025,2536042,0,536,0,322
Container Store,2011,59375573322,47297,560,1175,3754,3754,0,367,0,2
Container Store,2015,59375573322,45206,559,3622,219450,219453,0,504,0,187
Container Store,2014,59375573322,45761,551,2186,87946,87948,0,371,0,316
Chesapeake Energy,2010,201579567564,41669,550,257,446,446,1,511,0,1
Ultimate Software,2015,29660886831,49299,548,368,8266,8266,1,132,0,48
Navy Federal Credit Union,2015,160344204010636,129964,537,3514,175665,175666,1,147,0,48
Navy Federal Credit Union,2014,160344204010636,130501,527,2862,117301,117302,170,289,0,231
Container Store,2010,59375573322,47857,524,1887,2595,2595,0,332,0,16
Baptist Health South Florida,2013,127900310965,69093,512,214,7213,7213,276,176,0,112
"ARI, Automotive Resources International",2012,282991730710,176746,508,7,144,144,45,241,0,272
Baptist Health South Florida,2014,127900310965,68631,506,158,13182,13185,143,230,0,200
Microsoft,2013,9298666412,106300,496,3674,43679,43679,189,324,0,89
Brocade Communications Systems,2012,111983056070,147523,492,73,997,997,108,101,0,197
St. Jude Children's Research Hospital,2014,6435441794,61775,487,94454,7190066,7190123,0,411,0,286
JM Family Enterprises,2013,215824265320,39142,487,280,4188,4188,266,94,0,197
FedEx,2014,150993094945648,159353,483,48807,930609,930611,21,335,0,258
LifeBridge Health,2014,193538150681786,162091,480,158,2156,2156,72,314,0,293
Stew Leonard's,2011,33439252677,137979,474,2668,6853,6853,5,395,0,21
CHG Healthcare Services,2014,32264600947,14733,474,334,6562,6562,14,193,0,243
Build-A-Bear Workshop,2014,8783725165,94167,474,8998,105516,105519,0,202,0,115
American Express,2015,6185812851,86655,473,4720,66633,66637,20,366,0,85
American Express,2013,6185812851,87695,472,10127,309942,309942,17,423,0,252
World Wide Technology,2010,75577218799,79903,472,7,35,35,0,11,0,6
Zappos.com,2015,7172307686,16715,471,92113,1731689,1731735,0,462,0,91
MITRE,2013,151373044800,155729,467,404,6094,6094,46,400,0,119
Discovery Communications,2013,153549641890,182107,460,95,1869,1869,117,327,0,167
Stew Leonard's,2010,33439252677,138453,460,581,1649,1649,0,173,0,18
World Wide Technology,2012,75577218799,79125,457,27,418,418,257,29,0,23
CHG Healthcare Services,2013,32264600947,15206,457,506,6466,6466,27,337,0,144
Mayo Clinic,2013,7673082516,103043,454,6163,219242,219242,2,448,0,236
World Wide Technology,2014,75577218799,78311,446,52,2207,2207,328,80,0,83
JM Family Enterprises,2014,215824265320,38702,440,232,5700,5700,309,276,0,70
Intel,2015,22707976849,73529,440,18696,5783233,5783257,48,368,0,34
Publix Super Markets,2014,209968985766607,107960,438,6112,23020,23020,19,373,0,183
MITRE,2012,151373044800,156196,437,943,3334,3334,25,363,0,28
Brocade Communications Systems,2013,111983056070,147086,437,75,4341,4341,255,327,0,97
Sheetz,2014,21120170500,183555,436,21275,657282,657282,12,389,0,140
FedEx,2015,150993094945648,158919,434,31724,732474,732483,0,337,0,157
"ARI, Automotive Resources International",2014,282991730710,175996,431,25,940,940,8,41,0,80
Salesforce.com,2014,5634829153,51330,430,1329,31334,31334,0,409,0,193
Marriott International,2014,143602039041041,84827,428,2933,80986,80987,24,342,0,191
Men's Wearhouse,2014,199928852452,82507,425,2823,45653,45654,0,352,0,245
American Express,2009,6185812851,89020,422,173,1064,1064,0,299,0,2
Herman Miller,2012,162638622561,165328,420,1780,43030,43030,28,368,0,154
Capital One,2012,131080263606125,133212,415,2630,21595,21595,10,376,0,47
Herman Miller,2015,162638622561,164315,414,263,16637,16647,0,295,0,198
Baptist Health South Florida,2016,127900310965,67929,410,32,613,634,20,386,0,11
Robert W. Baird,2013,148731991811588,44458,404,44,570,570,310,48,0,63
Publix Super Markets,2013,209968985766607,108399,401,4276,14702,14702,39,356,0,301
Container Store,2013,59375573322,46320,394,2465,48779,48780,0,329,0,196
Four Seasons Hotels,2015,106280431030,139105,390,1827,78323,78337,193,344,0,38
Men's Wearhouse,2013,199928852452,82938,387,21895,450304,450309,0,380,0,94
Sheetz,2015,21120170500,183159,380,26609,1113078,1113079,0,353,0,194
Aéropostale,2010,57143807607,154671,377,18451,97108,97108,0,154,0,27
Kimpton Hotels & Restaurants,2013,51530158577,37360,373,1937,17826,17826,35,355,0,211
Brocade Communications Systems,2011,111983056070,148015,370,63,372,372,6,89,0,2
Discovery Communications,2012,153549641890,182567,368,106,1496,1496,138,315,0,72
World Wide Technology,2013,75577218799,78757,368,201,6303,6303,20,155,0,281
Marriott International,2013,143602039041041,85259,365,8861,102866,102937,3,316,0,173
DreamWorks Animation SKG,2012,104770457523,36170,364,15502,357370,357373,22,330,0,44
St. Jude Children's Research Hospital,2012,6435441794,63014,364,25066,1419084,1419086,59,318,0,37
Mayo Clinic,2016,7673082516,100370,364,3546,121947,124707,0,364,0,50
DreamWorks Animation SKG,2015,104770457523,35411,363,12732,944507,944556,0,341,0,76
Zappos.com,2009,7172307686,23006,362,1376,462,462,0,2,0,20
Chesapeake Energy,2011,201579567564,41309,360,195,590,590,0,251,0,1
Texas Instruments,2012,234443101357,169760,359,439,7912,7912,39,310,0,122
David Weekley Homes,2016,8146864018,172780,359,3195,20504,20915,0,103,0,331
Herman Miller,2013,162638622561,164970,358,1323,53380,53381,0,336,0,255
SVB Financial Group,2013,17979232866,63977,355,153,2811,2811,156,278,0,89
Quicken Loans,2016,435141649940642,15840,350,201,1358,1384,53,72,0,66
Chesapeake Energy,2013,201579567564,40727,349,419,8869,8869,23,311,0,121
Booz Allen Hamilton,2011,115188672790,110117,338,70,545,545,0,249,0,0
World Wide Technology,2015,75577218799,77975,335,77,2488,2489,160,143,0,95
David Weekley Homes,2011,8146864018,175092,331,58,392,392,0,324,0,1
Discovery Communications,2014,153549641890,181776,331,107,2507,2507,147,168,0,159
The Everett Clinic,2015,61452139395,111907,330,365,5681,5681,51,111,0,206
Publix Super Markets,2015,209968985766607,107633,328,2729,15056,15058,20,270,0,155
Sherwin-Williams,2014,309180132920,171258,326,14688,213781,213785,0,301,0,181
World Wide Technology,2011,75577218799,79582,321,20,59,59,0,9,0,2
Teach For America,2015,8433834471,98726,320,4480,249674,249678,0,228,0,77
"ARI, Automotive Resources International",2013,282991730710,176427,319,35,751,751,27,87,0,179
Mayo Clinic,2010,7673082516,103816,316,47,341,341,0,20,0,2
Nugget Market,2010,260624001193,57422,311,1209,1747,1747,0,300,0,64
Build-A-Bear Workshop,2012,8783725165,94893,310,19332,310736,310738,19,193,0,99
Ultimate Software,2013,29660886831,50030,310,540,6776,6777,4,134,0,236
Mercedes-Benz USA,2010,6604386669,34823,309,14674,90385,90391,0,203,0,2
Hitachi Data Systems,2014,124570004251813,111070,309,175,3039,3039,0,229,0,68
PCL Construction Enterprises,2015,109150299248234,54997,307,256,5560,5560,5,166,0,208
Genentech,2014,146718898672043,97314,305,85,1779,1779,30,191,0,158
SAS,2011,140344030787,1770,305,2717,19719,19719,12,234,0,24
Texas Instruments,2016,234443101357,166102,302,226,60166,60232,32,298,0,9
Nordstrom,2015,12854644836,89530,301,146677,11573125,11573273,0,287,0,84
Men's Wearhouse,2012,199928852452,83328,301,6669,111287,111287,0,285,0,19
American Fidelity Assurance,2015,333011163569,75069,300,56,2965,2965,0,272,0,81
"ARI, Automotive Resources International",2015,282991730710,175700,296,35,560,560,1,30,0,70
Grainger,2015,265544390144768,157090,296,66,1210,1210,128,138,0,57
Arkansas Children's Hospital,2015,112657538333,145442,296,3599,136460,136505,9,220,0,204
Mars,2014,211095382256023,180817,295,1256,18189,18189,30,169,0,135
MITRE,2015,151373044800,155154,295,312,2799,2799,6,280,0,101
Teach For America,2016,8433834471,98432,294,608,33229,34158,236,63,0,40
J. M. Smucker,2014,117266245005679,149551,292,2682,141833,141833,25,264,0,153
Baptist Health South Florida,2015,127900310965,68339,292,162,5754,5754,37,105,0,171
Hitachi Data Systems,2015,124570004251813,110778,292,105,1385,1385,96,50,0,87
Millennium: The Takeda Oncology Company,2013,201874996515231,57865,291,18,747,747,0,102,0,129
David Weekley Homes,2013,8146864018,174724,291,1145,9611,9611,0,289,0,201
GoDaddy.com,2010,8749090685,120307,291,293,786,786,0,108,0,8
Kimpton Hotels & Restaurants,2014,51530158577,37071,289,2261,21177,21177,0,164,0,217
Morningstar,2012,198056910214033,117317,288,29,70,70,0,268,0,1
Nordstrom,2011,12854644836,92189,286,5579,37681,37681,0,271,0,7
Recreational Equipment (REI),2016,9062006483,2822,282,20206,1519801,1539277,0,262,0,74
Accenture,2015,20341500871,118756,281,102,2442,2442,17,269,0,24
J. M. Smucker,2013,117266245005679,149841,281,10211,117243,117244,0,270,0,96
MITRE,2014,151373044800,155449,280,110,4536,4536,0,216,0,119
Arkansas Children's Hospital,2014,112657538333,145739,279,1680,58080,58080,32,195,0,131
Sherwin-Williams,2013,309180132920,171590,278,20752,63941,63941,0,272,0,202
Marriott International,2012,143602039041041,85625,278,10247,95588,95589,1,266,0,60
Aéropostale,2016,57143807607,150318,276,1170,157119,159807,0,273,0,12
FedEx,2013,150993094945648,159837,275,49903,541149,541152,0,256,0,100
St. Jude Children's Research Hospital,2015,6435441794,61498,275,50592,2602166,2602239,0,213,0,94
Sheetz,2013,21120170500,184010,272,68199,460987,460988,0,224,0,183
Men's Wearhouse,2015,199928852452,82236,268,3021,130202,130204,10,207,0,101
QuikTrip,2015,5890187327,96319,268,13594,158345,158345,0,229,0,66
Quicken Loans,2015,435141649940642,16005,268,45,442,442,178,80,0,35
Children's Healthcare of Atlanta,2014,356527358185,76786,266,83107,5406631,5406634,0,244,0,161
Salesforce.com,2015,5634829153,51067,263,920,14411,14415,0,232,0,48
Autodesk,2012,74463019717,81583,262,457,1494,1494,25,251,0,28
SAS,2012,140344030787,1510,261,5064,75024,75024,72,192,0,61
Children's Healthcare of Atlanta,2013,356527358185,77052,260,7008,323903,323905,0,249,0,121
USAA,2012,161179599992,42630,254,114,731,731,5,21,0,26
Novo Nordisk,2012,105548031768,72225,254,447,9691,9691,1,215,0,23
Kimpton Hotels & Restaurants,2015,51530158577,36816,254,1566,21712,21713,1,115,0,175
Build-A-Bear Workshop,2013,8783725165,94641,252,15119,397788,397788,7,156,0,104
Google,2014,104958162837,97,252,50757,262867,262945,0,234,0,147
Container Store,2009,59375573322,48381,248,1320,1640,1640,0,204,0,14
CH2M Hill,2014,130017893696618,148725,248,425,4912,4912,0,245,0,194
Children's Healthcare of Atlanta,2015,356527358185,76538,248,65800,2212671,2212736,0,242,0,58
St. Jude Children's Research Hospital,2011,6435441794,63378,247,3612,46858,46858,4,218,0,3
Build-A-Bear Workshop,2011,8783725165,95203,246,11412,42810,42810,0,196,0,1
Intel,2012,22707976849,74453,246,185301,6007970,6007998,25,201,0,100
JM Family Enterprises,2015,215824265320,38456,246,153,5007,5007,50,77,0,80
DreamWorks Animation SKG,2014,104770457523,35770,246,31404,1921659,1921670,0,233,0,143
Intel,2013,22707976849,74208,245,273272,15011679,15011681,0,230,0,113
Adobe,2016,305115773870,64593,243,155,14039,14487,3,222,0,44
Ultimate Software,2010,29660886831,50519,243,23,153,153,0,115,0,37
Brocade Communications Systems,2015,111983056070,146683,242,66,2294,2294,80,183,0,59
Herman Miller,2014,162638622561,164730,240,227,16529,16529,14,205,0,148
Capital One,2013,131080263606125,132973,239,2359,19112,19115,0,222,0,75
Intel,2014,22707976849,73969,239,54818,10976803,10976804,0,237,0,126
MITRE,2010,151373044800,156689,239,548,596,596,0,111,0,21
Marriott International,2015,143602039041041,84588,239,1053,36452,36455,0,171,0,132
Navy Federal Credit Union,2016,160344204010636,129729,235,1167,34289,34752,1,72,0,9
Children's Healthcare of Atlanta,2011,356527358185,77522,232,840,3694,3694,4,110,0,3
CH2M Hill,2013,130017893696618,148974,231,232,2630,2630,0,225,0,176
Teach For America,2013,8433834471,99752,231,2245,65348,65349,0,205,0,125
Capital One,2014,131080263606125,132742,231,7320,88784,88798,46,207,0,94
Novo Nordisk,2013,105548031768,71994,231,849,30321,30321,3,209,0,52
Novo Nordisk,2015,105548031768,71551,230,486,90123,90124,51,147,0,52
Autodesk,2015,74463019717,81056,230,32,1977,1977,49,123,0,86
Chesapeake Energy,2012,201579567564,41079,230,482,5160,5160,3,197,0,35
"ARI, Automotive Resources International",2016,282991730710,175475,225,72,788,825,85,17,0,14
Hitachi Data Systems,2013,124570004251813,111379,223,139,2048,2048,6,183,0,53
Booz Allen Hamilton,2016,115188672790,109547,222,109,3985,4032,0,221,0,157
CH2M Hill,2015,130017893696618,148504,221,195,1446,1446,0,214,0,161
WellStar Health System,2016,94455639888,177256,221,476,5591,5699,13,189,0,14
Salesforce.com,2009,5634829153,54686,220,91,78,78,0,16,0,6
OhioHealth,2016,40814021698,112435,220,127,2364,2426,77,76,0,101
National Instruments,2014,19822934020,72896,220,222,7117,7117,6,80,0,41
Navy Federal Credit Union,2012,160344204010636,132124,218,11526,93843,93843,40,155,0,36
Google,2010,104958162837,521,217,6442,40591,40597,0,118,0,6
SAS,2014,140344030787,1155,215,741,23069,23069,107,19,0,22
Adobe,2011,305115773870,67708,214,337,2574,2574,16,172,0,19
Novo Nordisk,2014,105548031768,71781,213,303,84121,84122,19,125,0,76
Nugget Market,2011,260624001193,57209,213,328,994,994,0,189,0,16
Intel,2011,22707976849,74699,213,12378,72949,72992,0,109,0,8
Salesforce.com,2010,5634829153,54475,211,75,363,363,0,64,0,1
Sherwin-Williams,2015,309180132920,171041,211,6574,211912,211918,11,119,0,97
Arkansas Children's Hospital,2011,112657538333,146311,211,928,6906,6906,0,200,0,11
Children's Healthcare of Atlanta,2012,356527358185,77312,210,1553,30805,30805,11,171,0,62
Discovery Communications,2015,153549641890,181568,208,234,1386,1386,79,120,0,62
Booz Allen Hamilton,2010,115188672790,110455,207,26,178,178,0,128,0,5
USAA,2011,161179599992,42884,206,87,164,166,0,7,0,1
Monsanto,2015,44495818682,158213,203,10214,32125,32197,1,159,0,114
SVB Financial Group,2012,17979232866,64332,202,52,858,858,108,118,0,36
Scripps Health,2013,12150039095,84119,201,588,10874,10874,0,199,0,126
Autodesk,2014,74463019717,81300,200,15,431,431,60,49,0,110
Sherwin-Williams,2011,309180132920,172011,198,1604,2774,2774,0,173,0,10
PricewaterhouseCoopers,2014,232561027513,75895,198,80,3430,3430,39,161,0,19
Sheetz,2011,21120170500,184438,197,828,3057,3057,0,76,0,11
GoDaddy.com,2013,8749090685,119868,196,4687,57646,57646,6,165,0,67
Build-A-Bear Workshop,2015,8783725165,93972,195,6002,102798,102880,16,161,0,110
CarMax,2011,58226901193,118272,195,714,1339,1339,0,170,0,10
Zappos.com,2008,7172307686,23368,194,26,20,20,0,40,0,189
Ernst & Young,2015,195665063800329,86131,194,249,16571,16571,58,142,0,25
QuikTrip,2014,5890187327,96587,194,8525,141458,141482,0,170,0,116
Publix Super Markets,2012,209968985766607,108800,193,2537,5764,5765,0,167,0,164
USAA,2014,161179599992,42420,191,230,2442,2444,0,184,0,118
Monsanto,2009,44495818682,158593,190,942,262,267,0,78,0,1
American Express,2012,6185812851,88167,190,12547,273308,273309,11,167,0,46
Mayo Clinic,2012,7673082516,103497,190,8625,201303,201303,8,123,0,47
Boston Consulting Group,2015,24961338115,808,189,294,12305,12305,0,171,0,50
Winchester Hospital,2012,107079996018373,157842,188,182,1363,1363,0,65,0,46
Mars,2015,211095382256023,180631,186,664,16303,16308,13,110,0,105
Allianz Life Insurance,2015,293573224082477,80552,185,34,849,849,7,67,0,162
American Express,2016,6185812851,86468,185,1223,6742,6907,0,173,0,17
Texas Instruments,2011,234443101357,170127,185,89,1226,1226,0,164,0,4
Ultimate Software,2014,29660886831,49847,183,336,8243,8243,19,163,0,99
General Mills,2013,163903596981363,95813,183,266,1996,1996,4,180,0,144
Vanderbilt University,2013,99104920858,170599,182,1356,37767,37767,0,180,0,108
PCL Construction Enterprises,2014,109150299248234,55304,182,189,3613,3613,0,116,0,119
Methodist Hospital System,2013,113508065350010,81912,181,8,151,151,151,17,0,8
CarMax,2010,58226901193,118467,181,390,682,682,0,178,0,18
Arkansas Children's Hospital,2016,112657538333,145260,179,751,16489,17232,10,143,0,127
CarMax,2012,58226901193,118093,179,1063,4046,4046,2,167,0,27
GoDaddy.com,2015,8749090685,119557,178,5798,292187,292188,12,172,0,29
Winchester Hospital,2015,107079996018373,157521,176,394,3564,3564,6,161,0,49
Starbucks,2012,22092443056,104470,176,85281,2292764,2292770,107,168,0,13
Umpqua Bank,2015,136874746358544,97764,175,823,5728,5728,0,50,0,49
Kiewit Corporation,2015,210762462323361,185478,175,452,13836,13836,0,114,0,34
Genentech,2015,146718898672043,97139,175,30,767,767,22,141,0,67
Scripps Health,2014,12150039095,83945,174,381,8930,8930,40,172,0,81
The Everett Clinic,2016,61452139395,111733,174,112,1359,1391,11,78,0,107
FedEx,2012,150993094945648,160112,174,7827,61646,61646,4,165,0,6
Container Store,2016,59375573322,45030,172,2023,87010,87792,0,168,0,97
Umpqua Bank,2013,136874746358544,98081,171,117,1908,1908,9,128,0,33
Sheetz,2012,21120170500,184282,171,12398,164766,164768,0,148,0,90
Kiewit Corporation,2014,210762462323361,185653,171,458,12048,12048,0,100,0,135
SRA International,2011,45726451297,172596,170,46,66,66,6,32,0,6
Kimpton Hotels & Restaurants,2012,51530158577,37733,170,1483,7456,7456,5,157,0,74
Scripps Health,2015,12150039095,83775,170,482,14340,14340,15,150,0,73
Scottrade,2015,15601935371,55701,169,1662,37004,37004,0,168,0,28
PricewaterhouseCoopers,2013,232561027513,76093,168,151,4038,4038,47,136,0,17
FedEx,2011,150993094945648,160286,168,1331,5634,5634,0,32,0,0
Allianz Life Insurance,2014,293573224082477,80737,168,61,793,793,0,89,0,111
Nugget Market,2012,260624001193,57041,168,295,1626,1626,0,155,0,52
Robert W. Baird,2012,148731991811588,44862,167,8,180,180,137,54,0,13
J. M. Smucker,2015,117266245005679,149379,167,14753,383618,383622,0,167,0,59
Microsoft,2014,9298666412,106135,166,454,7299,7299,22,111,0,59
National Instruments,2013,19822934020,73116,166,574,9452,9452,20,151,0,101
Arkansas Children's Hospital,2013,112657538333,146018,166,3373,48113,48113,2,146,0,118
Kimpton Hotels & Restaurants,2010,51530158577,38017,164,91,288,288,0,110,0,3
Booz Allen Hamilton,2015,115188672790,109770,163,113,5824,5824,0,148,0,80
Microsoft,2012,9298666412,106797,163,1471,14002,14002,8,123,0,74
Ernst & Young,2016,195665063800329,85969,162,118,5903,5951,13,132,0,19
GoDaddy.com,2012,8749090685,120060,162,1841,13246,13246,3,144,0,36
PricewaterhouseCoopers,2012,232561027513,76261,162,160,2380,2380,10,154,0,8
Nugget Market,2013,260624001193,56880,161,189,1507,1507,0,133,0,125
Brocade Communications Systems,2014,111983056070,146925,161,152,3134,3134,28,112,0,82
American Fidelity Assurance,2014,333011163569,75370,161,54,1872,1872,22,104,0,54
Baptist Health South Florida,2010,127900310965,71306,160,52,257,257,0,65,0,0
Recreational Equipment (REI),2011,9062006483,12891,160,1646,5272,5272,0,135,0,2
LifeBridge Health,2011,193538150681786,164075,159,19,122,122,0,99,0,0
Whole Foods Market,2015,525560857527063,56385,159,208,4527,4527,1,152,0,37
SVB Financial Group,2014,17979232866,63818,159,49,1657,1657,60,88,0,34
FactSet Research Systems,2013,47276510407,105191,157,155,7056,7056,44,133,0,29
PricewaterhouseCoopers,2015,232561027513,75739,156,113,7566,7566,0,155,0,21
Credit Acceptance,2012,168678439842388,179683,156,42,572,572,33,95,0,30
Teach For America,2012,8433834471,99983,156,1031,24395,24395,0,131,0,61
Southern Ohio Medical Center,2016,220886824589689,58294,155,41,634,648,0,71,0,6
Scottrade,2014,15601935371,55870,154,1715,16205,16205,0,146,0,84
Build-A-Bear Workshop,2010,8783725165,95449,154,6822,14620,14626,0,132,0,1
Mattel,2015,148757037599,109023,153,746,8159,8161,0,56,0,138
CarMax,2013,58226901193,117940,153,2389,12529,12529,29,150,0,62
QuikTrip,2013,5890187327,96781,152,17922,121070,121070,0,140,0,102
J. M. Smucker,2012,117266245005679,150127,152,3475,20901,20901,0,141,0,47
Starbucks,2011,22092443056,104646,152,87481,1160276,1160285,0,121,0,3
Hyatt Hotels,2014,26114710769,185025,149,164,9031,9038,1,121,0,88
Vanderbilt University,2012,99104920858,170781,149,1154,26820,26820,13,120,0,17
DreamWorks Animation SKG,2013,104770457523,36021,148,18013,645543,645547,0,144,0,74
Hyatt Hotels,2015,26114710769,184877,148,127,7114,7119,1,116,0,86
PCL Construction Enterprises,2013,109150299248234,55486,147,242,2734,2734,0,111,0,23
General Mills,2012,163903596981363,95996,145,242,1188,1188,14,132,0,38
Microsoft,2015,9298666412,105991,144,198,3413,3413,27,59,0,5
Sheetz,2016,21120170500,182996,143,10902,178988,183625,0,127,0,109
Sherwin-Williams,2012,309180132920,171868,143,8327,11019,11019,0,131,0,58
Mars,2013,211095382256023,181112,142,1416,20679,20679,0,138,0,105
JM Family Enterprises,2016,215824265320,38314,142,156,2815,2958,0,93,0,10
Kiewit Corporation,2013,210762462323361,185824,142,432,10481,10481,0,93,0,117
FactSet Research Systems,2010,47276510407,105603,142,63,427,427,0,137,0,2
Umpqua Bank,2014,136874746358544,97939,142,311,4534,4534,0,54,0,83
Children's Healthcare of Atlanta,2010,356527358185,77754,141,377,1865,1866,0,95,0,6
USAA,2015,161179599992,42280,140,879,11053,11053,0,140,0,71
SAS,2013,140344030787,1370,140,11994,109991,109992,31,76,0,77
CarMax,2014,58226901193,117801,139,6383,60907,60907,0,101,0,96
Mars,2012,211095382256023,181254,139,492,7197,7197,0,121,0,48
Four Seasons Hotels,2016,106280431030,138967,138,868,31759,32509,49,122,0,34
FedEx,2016,150993094945648,158783,136,8232,181552,183096,17,118,0,45
DreamWorks Animation SKG,2011,104770457523,36534,135,5223,50242,50244,0,135,0,0
Nugget Market,2014,260624001193,56746,134,101,2012,2012,0,77,0,96
Kimpton Hotels & Restaurants,2009,51530158577,38181,133,33,86,86,0,85,0,3
Four Seasons Hotels,2010,106280431030,145014,133,1211,6241,6241,0,132,0,0
Intel,2016,22707976849,73397,132,4471,1585752,1590690,0,92,0,53
Publix Super Markets,2016,209968985766607,107501,132,712,5695,5921,7,106,0,93
GoDaddy.com,2014,8749090685,119736,132,3263,45219,45219,0,113,0,59
FactSet Research Systems,2011,47276510407,105472,131,115,1215,1215,7,128,0,0
Herman Miller,2009,162638622561,165971,131,45,286,286,0,52,0,2
Accenture,2014,20341500871,119036,131,50,1950,1950,0,101,0,60
SRA International,2012,45726451297,172465,131,34,153,153,107,13,0,13
St. Jude Children's Research Hospital,2016,6435441794,61367,130,17660,718039,743917,0,104,0,31
Mayo Clinic,2011,7673082516,103686,129,331,1936,1939,10,26,0,1
National Instruments,2015,19822934020,72767,129,65,4611,4611,3,124,0,9
Morningstar,2014,198056910214033,117150,129,8,18,18,0,129,0,80
SVB Financial Group,2015,17979232866,63689,129,46,1369,1369,60,81,0,15
World Wide Technology,2009,75577218799,80375,128,5,1,1,0,4,0,1
Navy Federal Credit Union,2011,160344204010636,132342,128,203,576,576,42,88,0,3
Millennium: The Takeda Oncology Company,2012,201874996515231,58156,128,34,881,881,1,93,0,72
Arkansas Children's Hospital,2012,112657538333,146184,127,729,15273,15273,11,107,0,37
SAS,2010,140344030787,2075,127,1414,8357,8357,0,96,0,25
Winchester Hospital,2011,107079996018373,158030,127,111,508,508,0,127,0,5
FactSet Research Systems,2014,47276510407,105065,126,81,5877,5877,35,107,0,31
Zappos.com,2016,7172307686,16588,126,14281,485960,495955,0,119,0,66
Zappos.com,2010,7172307686,22880,126,641,674,674,0,27,0,11
Herman Miller,2010,162638622561,165845,126,115,574,574,0,94,0,2
MITRE,2009,151373044800,156928,125,149,373,373,0,87,0,2
Qualcomm,2009,115831370196,49072,125,14,58,58,0,14,0,16
Quicken Loans,2014,435141649940642,16458,124,37,415,415,26,57,0,64
FactSet Research Systems,2012,47276510407,105349,123,171,3848,3848,34,108,0,8
Roche Diagnostics,2016,116286801731230,179852,123,414,6763,6879,56,120,0,28
The Everett Clinic,2014,61452139395,112237,122,129,1215,1215,6,84,0,79
Starbucks,2014,22092443056,104257,121,24693,1932556,1932611,17,117,0,14
FactSet Research Systems,2009,47276510407,105745,120,13,62,62,0,46,0,4
Roche Diagnostics,2014,116286801731230,180069,120,1272,4293,4293,0,107,0,55
Umpqua Bank,2012,136874746358544,98252,120,5207,10790,10790,25,108,0,41
Microsoft,2011,9298666412,106960,120,179,772,772,25,75,0,3
Mars,2011,211095382256023,181393,117,59,445,445,0,29,0,1
Allianz Life Insurance,2013,293573224082477,80905,117,30,448,448,5,105,0,77
Aflac,2013,13994086254,107277,114,794,16337,16337,0,114,0,35
Kimpton Hotels & Restaurants,2011,51530158577,37903,114,237,847,847,28,45,0,0
SRA International,2015,45726451297,172274,113,14,170,170,0,93,0,62
Accenture,2013,20341500871,119169,113,71,1541,1541,1,87,0,73
Build-A-Bear Workshop,2009,8783725165,95603,113,1575,3335,3338,0,54,0,0
Four Seasons Hotels,2009,106280431030,145147,113,685,2547,2547,0,113,0,0
Build-A-Bear Workshop,2016,8783725165,93860,112,2810,20383,21488,0,108,0,17
American Fidelity Assurance,2013,333011163569,75532,112,7,130,130,43,8,0,37
Schweitzer Engineering Labs,2015,148960375131063,132506,112,46,1416,1416,1,49,0,72
Teach For America,2011,8433834471,100139,111,165,3378,3378,0,97,0,5
Qualcomm,2014,115831370196,48785,111,120,2524,2524,0,93,0,67
Men's Wearhouse,2011,199928852452,83629,110,77,475,475,0,83,0,0
Starbucks,2015,22092443056,104147,110,44086,2689770,2690014,0,110,0,2
Accenture,2009,20341500871,119392,109,4,2,2,0,91,0,5
WellStar Health System,2009,94455639888,179477,109,3,15,15,0,5,0,2
Vanderbilt University,2014,99104920858,170492,107,1825,48951,48951,0,104,0,44
Scripps Health,2010,12150039095,84408,106,44,119,119,0,105,0,1
Ultimate Software,2012,29660886831,50340,105,123,1813,1813,18,78,0,20
Men's Wearhouse,2016,199928852452,82131,105,1157,108185,112367,0,101,0,14
Scottrade,2013,15601935371,56024,102,1125,7099,7099,0,96,0,67
Vanderbilt University,2015,99104920858,170393,99,1522,39218,39218,24,77,0,32
Whole Foods Market,2014,525560857527063,56544,99,134,3095,3095,11,58,0,39
Kimley-Horn and Associates,2015,204703769542227,180367,99,43,1838,1838,0,89,0,40
Hitachi Data Systems,2012,124570004251813,111602,98,212,1670,1670,30,54,0,4
Herman Miller,2011,162638622561,165748,97,451,3291,3291,0,83,0,13
American Fidelity Assurance,2016,333011163569,74971,97,29,1043,1061,0,95,0,54
CarMax,2015,58226901193,117705,96,3098,118350,118351,3,77,0,57
The Cheesecake Factory,2015,341861972627674,184692,95,21,200,200,19,28,0,50
Genentech,2013,146718898672043,97626,95,15,679,679,15,76,0,54
Balfour Beatty Construction,2014,114292728603934,72570,95,209,2310,2311,16,82,0,76
Roche Diagnostics,2015,116286801731230,179975,94,269,6815,6818,0,93,0,33
Mattel,2011,148757037599,109308,94,585,1757,1757,1,57,0,0
Boston Consulting Group,2014,24961338115,997,94,66,2860,2860,0,86,0,45
Monsanto,2014,44495818682,158415,94,7506,16916,16936,0,64,0,50
Chesapeake Energy,2014,201579567564,40636,93,90,3249,3249,0,73,0,43
Capital One,2015,131080263606125,132649,93,6547,76958,76983,9,73,0,28
Starbucks,2013,22092443056,104378,92,43943,3752914,3752939,11,88,0,27
Winchester Hospital,2013,107079996018373,157751,91,662,5486,5486,0,46,0,83
Aéropostale,2009,57143807607,155048,91,2028,5781,5781,0,0,0,20
Morningstar,2011,198056910214033,117605,90,21,37,37,0,70,0,0
Roche Diagnostics,2013,116286801731230,180189,89,333,1983,1984,0,82,0,55
Nordstrom,2016,12854644836,89442,89,55644,5918911,6033437,0,84,0,47
CH2M Hill,2012,130017893696618,149206,89,74,656,656,0,82,0,36
Booz Allen Hamilton,2012,115188672790,110028,89,20,507,507,7,63,0,2
Burns & McDonnell,2014,193157160706830,50795,89,3,315,315,0,71,0,65
FactSet Research Systems,2015,47276510407,104977,88,51,4019,4019,15,80,0,25
Scottrade,2012,15601935371,56126,87,815,4817,4817,5,80,0,37
Qualcomm,2015,115831370196,48699,86,46,1488,1489,0,81,0,66
Accenture,2016,20341500871,118670,86,13,388,395,1,86,0,1
Camden Property Trust,2015,128051573873366,2567,86,13,545,545,0,54,0,30
DreamWorks Animation SKG,2010,104770457523,36669,85,1967,13604,13604,0,73,0,5
QuikTrip,2016,5890187327,96235,84,3581,64090,64744,0,69,0,10
Children's Healthcare of Atlanta,2016,356527358185,76456,82,8926,349483,365371,0,80,0,55
Brocade Communications Systems,2016,111983056070,146601,82,24,733,755,39,47,0,22
PCL Construction Enterprises,2016,109150299248234,54915,82,92,1893,1906,0,51,0,57
Camden Property Trust,2010,128051573873366,2740,82,10,10,10,0,0,0,0
GoDaddy.com,2011,8749090685,120225,81,463,2194,2194,0,39,0,2
Camden Property Trust,2016,128051573873366,2486,81,20,378,393,0,76,0,44
Herman Miller,2016,162638622561,164234,81,68,3818,3899,0,65,0,61
QuikTrip,2012,5890187327,96933,81,15873,127047,127047,0,75,0,25
Burns & McDonnell,2013,193157160706830,50884,80,29,255,255,0,63,0,39
Hyatt Hotels,2013,26114710769,185174,80,351,8759,8770,0,65,0,55
World Wide Technology,2016,75577218799,77895,80,35,1996,2021,22,66,0,26
CHG Healthcare Services,2012,32264600947,15662,79,92,966,966,2,47,0,37
Nugget Market,2015,260624001193,56667,79,163,5122,5122,0,72,0,38
SRA International,2013,45726451297,172388,77,41,234,234,34,31,0,24
CHG Healthcare Services,2010,32264600947,15756,77,4,21,21,0,4,0,10
Starbucks,2009,22092443056,104831,77,16747,60942,60942,0,58,0,0
Google,2015,104958162837,21,77,25124,195548,195787,0,75,0,24
Mars,2016,211095382256023,180555,76,141,4263,4339,32,51,0,29
Autodesk,2013,74463019717,81474,76,30,585,585,17,48,0,23
Microsoft,2016,9298666412,105916,75,64,1375,1405,41,33,0,9
Edward Jones,2015,180423318637979,2297,75,23,703,703,7,45,0,43
American Express,2011,6185812851,88357,74,199,1018,1018,0,35,0,0
Hyatt Hotels,2010,26114710769,185283,74,306,1152,1152,0,48,0,18
Mattel,2013,148757037599,109207,74,1966,5549,5551,5,67,0,56
Ultimate Software,2011,29660886831,50445,74,59,477,477,0,72,0,7
David Weekley Homes,2012,8146864018,175019,74,280,1644,1644,0,67,0,49
Hyatt Hotels,2016,26114710769,184804,73,40,1181,1224,0,41,0,52
Recreational Equipment (REI),2010,9062006483,13051,73,342,808,808,0,72,0,1
Aflac,2012,13994086254,107391,73,396,8685,8686,1,70,0,58
Ernst & Young,2013,195665063800329,86378,73,207,6883,6883,30,62,0,20
Ultimate Software,2016,29660886831,49227,72,115,3835,4000,24,40,0,17
Arkansas Children's Hospital,2010,112657538333,146522,72,389,2821,2821,0,55,0,8
Baptist Health South Florida,2009,127900310965,71466,72,11,59,59,0,70,0,0
Nordstrom,2009,12854644836,93788,71,701,3409,3410,0,69,0,0
Monsanto,2010,44495818682,158522,71,1410,289,341,0,7,0,1
Boston Consulting Group,2016,24961338115,739,69,95,2418,2444,0,38,0,7
Hyatt Hotels,2009,26114710769,185357,68,54,165,165,0,56,0,8
Google,2012,104958162837,415,66,82553,593654,593679,0,56,0,17
Hitachi Data Systems,2016,124570004251813,110712,66,1,56,58,14,4,0,44
Qualcomm,2013,115831370196,48896,65,127,3391,3391,0,50,0,44
NetApp,2010,144947005540685,2421,65,0,5,5,0,19,0,0
Google,2013,104958162837,351,64,18506,157094,157097,0,51,0,28
Credit Acceptance,2013,168678439842388,179620,63,27,362,362,32,62,0,11
Burns & McDonnell,2012,193157160706830,50964,62,10,138,138,0,38,0,24
Booz Allen Hamilton,2014,115188672790,109933,62,169,59273,59273,0,38,0,13
Winchester Hospital,2016,107079996018373,157459,62,130,1341,1371,12,44,0,22
Discovery Communications,2010,153549641890,182935,61,1,7,7,0,19,0,2
Intercontinental Hotels Group,2015,7933762697,133661,61,179,3329,3329,11,14,0,46
Millennium: The Takeda Oncology Company,2015,201874996515231,57752,60,10,484,484,5,39,0,46
Genentech,2016,146718898672043,97079,60,3,225,227,0,50,0,38
Umpqua Bank,2011,136874746358544,98372,60,32,94,94,0,59,0,1
Grainger,2014,265544390144768,157386,60,25,527,527,0,59,0,32
SAS,2009,140344030787,2202,60,166,629,629,0,33,0,1
Kimpton Hotels & Restaurants,2016,51530158577,36758,59,634,8322,8562,0,27,0,44
CH2M Hill,2016,130017893696618,148445,59,37,196,199,0,57,0,49
Accenture,2011,20341500871,119328,58,36,112,112,0,33,0,1
Marriott International,2016,143602039041041,84530,58,124,3932,4077,9,44,0,19
Bright Horizons Family Solutions,2015,1394887180807475,109487,58,11,577,577,3,56,0,35
Discovery Communications,2016,153549641890,181510,58,95,398,417,48,56,0,8
DPR Construction,2012,128264243859715,35304,57,48,740,740,4,52,0,12
Balfour Beatty Construction,2013,114292728603934,72665,57,134,1390,1390,9,46,0,39
MITRE,2011,151373044800,156633,56,218,247,247,0,12,0,0
USAA,2016,161179599992,42224,56,238,1679,1726,0,56,0,11
J. M. Smucker,2016,117266245005679,149323,55,7048,84660,85653,0,55,0,9
Teach For America,2009,8433834471,100299,55,1,1,1,0,0,0,5
Scripps Health,2012,12150039095,84320,55,72,1270,1270,15,35,0,21
KPMG,2011,274830721660,129674,54,6,39,39,29,6,0,0
Winchester Hospital,2014,107079996018373,157697,54,183,1377,1377,0,17,0,23
Ernst & Young,2014,195665063800329,86325,53,68,7784,7784,1,46,0,21
PricewaterhouseCoopers,2016,232561027513,75686,53,83,3614,3631,0,50,0,15
Millennium: The Takeda Oncology Company,2014,201874996515231,57812,53,12,286,286,3,33,0,22
Novo Nordisk,2011,105548031768,72479,53,51,428,428,0,43,0,0
Whole Foods Market,2016,525560857527063,56333,52,152,2310,2348,0,49,0,21
Scottrade,2010,15601935371,56256,51,30,167,167,0,40,0,2
FactSet Research Systems,2008,47276510407,105865,51,1,7,7,0,37,0,50
DPR Construction,2013,128264243859715,35253,51,68,1658,1658,1,49,0,28
National Instruments,2012,19822934020,73270,51,315,2277,2277,15,41,0,15
Booz Allen Hamilton,2009,115188672790,110662,50,9,50,50,0,33,0,3
Microsoft,2008,9298666412,107093,50,24,13,13,0,45,0,46
WellStar Health System,2012,94455639888,179425,50,22,466,466,6,48,0,35
Qualcomm,2010,115831370196,49022,50,2,8,8,0,31,0,3
DreamWorks Animation SKG,2016,104770457523,35361,50,410,15577,15743,0,45,0,11
Allianz Life Insurance,2016,293573224082477,80503,49,26,407,415,11,26,0,34
Monsanto,2016,44495818682,158164,49,1038,6562,7236,0,31,0,19
Intel,2009,22707976849,74918,49,326,1926,1926,0,45,0,4
Sherwin-Williams,2016,309180132920,170998,49,1762,67549,67958,0,32,0,33
Teach For America,2010,8433834471,100250,49,35,398,398,0,39,0,3
Kiewit Corporation,2016,210762462323361,185429,49,141,5633,5689,0,49,0,8
Vanderbilt University,2009,99104920858,170950,48,2,21,21,0,0,0,0
Orrick Herrington & Sutcliffe,2010,123116581045529,160508,48,0,42,42,0,44,0,4
OhioHealth,2010,40814021698,117051,47,7,27,27,0,35,0,2
Vanderbilt University,2016,99104920858,170346,47,881,15249,15640,0,29,0,19
Accenture,2012,20341500871,119282,46,57,970,970,0,25,0,12
Aflac,2015,13994086254,107194,45,573,12151,12151,0,45,0,7
GoDaddy.com,2016,8749090685,119513,44,1012,50340,50482,0,34,0,4
Methodist Hospital System,2014,113508065350010,81868,44,3,173,173,0,16,0,21
GoDaddy.com,2009,8749090685,120598,43,36,61,61,0,20,0,3
Scottrade,2011,15601935371,56213,43,24,74,74,0,35,0,0
American Fidelity Assurance,2012,333011163569,75644,42,12,79,79,31,17,0,0
The Everett Clinic,2013,61452139395,112360,40,80,853,853,5,27,0,26
Kimley-Horn and Associates,2014,204703769542227,180467,40,21,640,640,0,25,0,27
SRA International,2016,45726451297,172234,40,17,71,71,0,39,0,35
Google,2011,104958162837,481,40,24971,195919,195927,0,40,0,1
Salesforce.com,2016,5634829153,51028,39,198,2081,2147,0,39,0,5
Aflac,2016,13994086254,107154,39,268,7019,7307,0,38,0,31
J. M. Smucker,2011,117266245005679,150279,39,97,485,485,2,23,0,1
SVB Financial Group,2011,17979232866,64534,39,4,49,49,1,28,0,0
Morningstar,2013,198056910214033,117279,38,15,81,81,32,6,0,12
General Mills,2015,163903596981363,95737,38,44,483,483,0,23,0,33
General Mills,2014,163903596981363,95775,38,126,527,527,0,34,0,28
Camden Property Trust,2013,128051573873366,2666,37,31,739,739,0,25,0,17
Autodesk,2016,74463019717,81040,37,3,135,136,0,8,0,5
Aflac,2014,13994086254,107239,37,728,10870,10870,0,36,0,10
Roche Diagnostics,2012,116286801731230,180278,37,192,789,789,0,28,0,15
Grainger,2016,265544390144768,157053,37,12,201,207,0,35,0,17
Rackspace Hosting,2011,147298628669538,104918,36,4,13,13,0,28,0,6
Brocade Communications Systems,2010,111983056070,148385,36,9,42,42,0,4,0,1
Kiewit Corporation,2012,210762462323361,185951,35,132,2333,2333,0,18,0,19
David Weekley Homes,2008,8146864018,175440,35,10,79,79,0,35,0,35
Edward Jones,2016,180423318637979,2263,35,24,727,743,0,22,0,29
Schweitzer Engineering Labs,2016,148960375131063,132471,35,31,997,1022,0,11,0,33
DPR Construction,2015,128264243859715,35200,35,133,2254,2254,13,29,0,9
Qualcomm,2012,115831370196,48961,35,62,594,594,0,27,0,17
Scottrade,2016,15601935371,55667,34,305,20124,20354,0,34,0,12
Texas Instruments,2010,234443101357,170312,34,3,171,171,0,33,0,1
PCL Construction Enterprises,2012,109150299248234,55633,34,4,31,31,0,33,0,1
Intercontinental Hotels Group,2014,7933762697,133722,33,107,2172,2172,0,8,0,27
Booz Allen Hamilton,2013,115188672790,109995,33,15,465,465,0,13,0,5
Kimley-Horn and Associates,2016,204703769542227,180333,33,26,1015,1022,0,26,0,24
Starbucks,2010,22092443056,104798,33,25186,217964,217965,0,33,0,2
Scripps Health,2011,12150039095,84375,33,46,103,103,0,32,0,0
National Instruments,2009,19822934020,73335,32,8,34,34,0,0,0,1
Camden Property Trust,2011,128051573873366,2708,32,1,1,1,0,0,0,0
Mattel,2009,148757037599,109428,32,84,416,416,0,24,0,2
Methodist Hospital System,2012,113508065350010,82093,31,2,16,16,25,5,0,2
FedEx,2010,150993094945648,160454,31,372,1196,1202,0,2,0,0
Mattel,2014,148757037599,109176,31,252,3399,3399,4,20,0,25
Atlantic Health,2012,91507407676,96190,30,8,25,25,0,2,0,9
Capital One,2016,131080263606125,132618,30,12197,70447,72151,0,23,0,5
National Instruments,2008,19822934020,73367,30,11,43,43,0,18,0,1
Mattel,2016,148757037599,108993,30,424,4522,4769,0,13,0,29
Balfour Beatty Construction,2012,114292728603934,72722,30,14,195,195,9,21,0,10
Marriott International,2011,143602039041041,85903,29,359,1715,1715,0,16,0,1
Hitachi Data Systems,2011,124570004251813,111700,29,19,31,31,0,18,0,0
OhioHealth,2008,40814021698,117122,28,0,0,0,0,27,0,1
Mercedes-Benz USA,2009,6604386669,35132,28,2250,15652,15652,0,19,0,0
PricewaterhouseCoopers,2011,232561027513,76423,28,33,360,360,0,19,0,1
Robert W. Baird,2016,148731991811588,43122,28,14,958,966,0,28,0,17
Stew Leonard's,2008,33439252677,138918,28,13,23,23,0,27,0,1
Cooley,2014,29631010782,186025,28,8,321,321,1,25,0,23
Bright Horizons Family Solutions,2016,1394887180807475,109460,27,6,352,355,0,20,0,21
Aflac,2010,13994086254,107464,27,16,119,119,0,4,0,0
Scripps Health,2016,12150039095,83748,27,43,1504,1530,2,27,0,9
Mattel,2012,148757037599,109281,27,473,2726,2726,0,26,0,11
Mattel,2010,148757037599,109402,26,76,246,246,0,25,0,1
DPR Construction,2016,128264243859715,35174,26,36,1096,1104,11,22,0,14
Qualcomm,2011,115831370196,48996,26,2,11,11,0,8,0,1
Burns & McDonnell,2015,193157160706830,50769,26,4,92,92,1,19,0,10
Cooley,2012,29631010782,186076,26,4,51,51,17,6,0,3
Sherwin-Williams,2010,309180132920,172209,25,253,237,237,0,19,0,2
Umpqua Bank,2016,136874746358544,97739,25,71,1133,1166,0,19,0,18
Brocade Communications Systems,2009,111983056070,148421,24,4,33,33,0,2,0,2
CH2M Hill,2011,130017893696618,149295,24,16,44,44,0,16,0,2
OhioHealth,2009,40814021698,117098,24,0,3,3,0,10,0,3
Sheetz,2010,21120170500,184636,23,48,95,95,0,17,0,0
Cooley,2013,29631010782,186053,23,5,235,235,1,20,0,19
Intercontinental Hotels Group,2012,7933762697,133767,23,202,2862,2862,1,20,0,6
St. Jude Children's Research Hospital,2010,6435441794,63625,23,530,6009,6009,0,16,0,2
FactSet Research Systems,2016,47276510407,104954,23,15,1866,1902,1,22,0,20
CarMax,2009,58226901193,118648,22,21,111,111,0,14,0,8
Boston Consulting Group,2012,24961338115,1111,22,85,1632,1632,15,21,0,5
SVB Financial Group,2016,17979232866,63668,21,14,493,496,0,20,0,7
QuikTrip,2011,5890187327,97014,21,6742,13779,13779,0,18,0,1
Chesapeake Energy,2016,201579567564,40596,21,0,27,27,12,3,0,15
Boston Consulting Group,2013,24961338115,1091,20,22,910,910,5,20,0,9
Chesapeake Energy,2015,201579567564,40617,20,20,490,490,0,15,0,11
Google,2016,104958162837,1,20,6014,18000,18763,5,6,0,0
Zappos.com,2007,7172307686,23562,20,1,4,4,0,0,0,20
Balfour Beatty Construction,2015,114292728603934,72550,20,93,634,634,0,17,0,16
Millennium: The Takeda Oncology Company,2016,201874996515231,57733,19,3,250,253,0,19,0,16
The Cheesecake Factory,2016,341861972627674,184673,19,2,23,23,0,10,0,13
USAA,2013,161179599992,42611,19,33,415,415,2,13,0,15
SAS,2015,140344030787,1136,19,704,11129,11130,0,6,0,13
Qualcomm,2016,115831370196,48680,19,10,169,174,0,19,0,16
USAA,2009,161179599992,43103,19,0,1,1,0,11,0,0
Deloitte,2015,667369363331771,97055,19,1,25,25,1,11,0,13
Capital One,2011,131080263606125,133627,18,4696,29915,29915,0,4,0,7
DPR Construction,2014,128264243859715,35235,18,44,999,999,4,13,0,8
Scottrade,2009,15601935371,56307,18,3,34,34,0,15,0,2
Allianz Life Insurance,2012,293573224082477,81022,18,1,37,37,0,8,0,14
Hyatt Hotels,2011,26114710769,185265,18,50,335,335,0,12,0,2
Cooley,2015,29631010782,186008,17,5,247,247,1,12,0,11
Kimley-Horn and Associates,2012,204703769542227,180521,17,3,38,38,12,15,0,0
The Cheesecake Factory,2014,341861972627674,184787,17,1,28,28,0,0,0,6
Balfour Beatty Construction,2016,114292728603934,72533,17,19,325,327,0,8,0,14
Kimley-Horn and Associates,2011,204703769542227,180538,17,5,27,27,0,10,0,2
Roche Diagnostics,2011,116286801731230,180315,16,6,95,95,0,1,0,0
Vanderbilt University,2011,99104920858,170930,16,36,211,211,0,16,0,0
Credit Acceptance,2014,168678439842388,179604,16,60,159,159,0,11,0,16
QuikTrip,2010,5890187327,97035,16,1141,2193,2193,0,7,0,1
Teach For America,2008,8433834471,100354,16,4,1,1,0,0,0,0
David Weekley Homes,2010,8146864018,175424,15,2,28,28,0,13,0,0
Genentech,2012,146718898672043,97722,15,11,354,354,0,12,0,7
NetApp,2013,144947005540685,2403,15,1,35,35,6,7,0,8
The Everett Clinic,2011,61452139395,112410,15,18,93,93,0,14,0,2
National Instruments,2016,19822934020,72752,15,71,7508,7725,0,15,0,1
MITRE,2016,151373044800,155139,15,54,175,176,0,15,0,9
Scripps Health,2008,12150039095,84515,15,2,2,2,0,14,0,15
Atlantic Health,2014,91507407676,96165,14,1,36,36,0,3,0,12
Atlantic Health,2009,91507407676,96221,14,1,2,2,0,0,0,0
St. Jude Children's Research Hospital,2007,6435441794,63654,14,92,315,315,0,0,0,0
Mercedes-Benz USA,2007,6604386669,35160,14,600,2613,2613,0,0,0,0
Nugget Market,2016,260624001193,56653,14,10,758,771,0,8,0,7
Kimley-Horn and Associates,2013,204703769542227,180507,14,13,163,163,0,8,0,5
Credit Acceptance,2011,168678439842388,179839,13,7,48,48,0,12,0,0
Novo Nordisk,2016,105548031768,71538,13,97,4414,4496,0,11,0,5
Intercontinental Hotels Group,2016,7933762697,133648,13,14,334,336,2,7,0,6
USAA,2010,161179599992,43090,13,3,33,33,0,6,0,2
Camden Property Trust,2014,128051573873366,2653,13,7,386,386,0,4,0,12
General Mills,2011,163903596981363,96141,13,9,86,86,0,10,0,0
Alston & Bird,2009,109329898949,49214,13,0,9,9,0,11,0,1
CHG Healthcare Services,2011,32264600947,15743,13,10,55,55,0,10,0,3
SRA International,2010,45726451297,172766,13,6,5,5,0,6,0,1
Recreational Equipment (REI),2009,9062006483,13124,12,121,178,178,0,9,0,0
Orrick Herrington & Sutcliffe,2015,123116581045529,160485,12,0,33,33,0,11,0,3
Intercontinental Hotels Group,2013,7933762697,133755,12,114,1804,1804,0,8,0,12
Accenture,2008,20341500871,119501,12,2,0,0,0,9,0,12
Hyatt Hotels,2012,26114710769,185254,11,20,170,172,0,3,0,6
Atlantic Health,2013,91507407676,96179,11,4,37,37,0,3,0,6
Autodesk,2011,74463019717,81845,11,53,247,247,0,10,0,0
Microsoft,2007,9298666412,107143,11,7,2,2,0,11,0,0
Millennium: The Takeda Oncology Company,2011,201874996515231,58284,10,0,64,64,0,9,0,1
Whole Foods Market,2013,525560857527063,56643,10,3,16,16,0,0,0,2
Build-A-Bear Workshop,2007,8783725165,95718,10,108,138,138,0,10,0,10
Ernst & Young,2012,195665063800329,86452,10,15,336,336,1,9,0,0
Aflac,2009,13994086254,107491,10,3,21,21,0,10,0,0
Perkins Coie,2012,263371857101546,85959,10,3,15,15,4,7,0,0
Starbucks,2016,22092443056,104137,10,9778,568675,574647,0,10,0,0
Credit Acceptance,2015,168678439842388,179594,10,71,234,238,0,9,0,9
JM Family Enterprises,2011,215824265320,40532,9,0,11,11,6,4,0,0
SVB Financial Group,2009,17979232866,64580,9,2,10,10,0,5,0,7
Perkins Coie,2013,263371857101546,85950,9,2,38,38,0,6,0,6
Monsanto,2013,44495818682,158510,9,1136,1585,1585,0,7,0,6
Rackspace Hosting,2012,147298628669538,104909,9,1,13,13,0,8,0,0
The Everett Clinic,2012,61452139395,112401,9,34,186,186,0,8,0,2
General Mills,2016,163903596981363,95728,9,12,19,19,5,3,0,8
Men's Wearhouse,2010,199928852452,83739,9,44,73,73,0,6,0,0
Scottrade,2008,15601935371,56325,8,2,17,17,0,7,0,2
Perkins Coie,2015,263371857101546,85935,8,3,65,65,0,6,0,3
CarMax,2016,58226901193,117697,8,76,336,348,0,8,0,6
The Everett Clinic,2009,61452139395,112427,8,0,1,1,0,8,0,0
Credit Acceptance,2016,168678439842388,179586,8,37,137,142,0,8,0,5
Edward Jones,2014,180423318637979,2373,8,0,16,16,0,1,0,7
Methodist Hospital System,2016,113508065350010,81856,8,25,185,193,0,7,0,5
Methodist Hospital System,2011,113508065350010,82124,7,8,15,15,0,0,0,0
Winchester Hospital,2010,107079996018373,158157,7,14,33,33,0,4,0,1
Grainger,2011,265544390144768,157452,7,3,12,12,0,6,0,0
SVB Financial Group,2010,17979232866,64573,7,0,14,14,0,7,0,1
Atlantic Health,2015,91507407676,96158,7,0,10,10,0,1,0,7
Cooley,2016,29631010782,186001,7,1,121,121,0,6,0,6
Perkins Coie,2014,263371857101546,85943,7,4,98,98,0,3,0,5
CHG Healthcare Services,2008,32264600947,15833,7,5,0,0,0,4,0,2
Microsoft,2009,9298666412,107086,7,5,20,20,0,5,0,2
St. Jude Children's Research Hospital,2009,6435441794,63648,6,237,1610,1610,0,4,0,0
Cooley,2011,29631010782,186102,6,0,24,24,0,4,0,0
Intel,2010,22707976849,74912,6,186,983,983,0,6,0,2
Microsoft,2010,9298666412,107080,6,10,5,5,0,2,0,0
NetApp,2014,144947005540685,2397,6,0,26,26,0,4,0,3
Accenture,2010,20341500871,119386,6,1,0,0,0,6,0,0
Orrick Herrington & Sutcliffe,2014,123116581045529,160497,6,1,58,58,0,6,0,2
Ernst & Young,2011,195665063800329,86462,6,1,65,65,0,5,0,0
Quicken Loans,2013,435141649940642,16582,6,0,22,22,0,3,0,4
Mayo Clinic,2008,7673082516,104132,5,5,219,219,0,5,0,2
Shared Technologies- ARI,2012,328179703901867,138962,5,1,1,1,0,0,0,4
Alston & Bird,2013,109329898949,49198,5,0,0,0,0,0,0,5
Chesapeake Energy,2009,201579567564,42219,5,1,2,2,0,4,0,1
Edward Jones,2012,180423318637979,2385,5,3,42,42,0,1,0,2
Deloitte,2014,667369363331771,97074,5,0,10,10,0,3,0,4
Alston & Bird,2011,109329898949,49207,5,0,2,2,0,4,0,0
Shared Technologies- ARI,2015,328179703901867,138950,5,1,3,3,0,5,0,3
PricewaterhouseCoopers,2010,232561027513,76451,5,0,13,13,0,2,0,1
Shared Technologies- ARI,2013,328179703901867,138957,5,0,4,4,0,2,0,2
Camden Property Trust,2012,128051573873366,2703,5,18,173,173,0,2,0,1
Salesforce.com,2007,5634829153,54907,5,0,0,0,0,0,0,0
Burns & McDonnell,2016,193157160706830,50764,5,0,14,14,0,2,0,4
Alston & Bird,2012,109329898949,49203,4,0,10,10,0,1,0,0
NetApp,2015,144947005540685,2393,4,0,18,18,0,0,0,2
Stew Leonard's,2009,33439252677,138913,4,58,119,119,0,4,0,2
Hitachi Data Systems,2010,124570004251813,111729,4,3,18,18,0,2,0,0
Shared Technologies- ARI,2016,328179703901867,138946,4,1,16,16,0,4,0,2
Intel,2008,22707976849,74967,4,55,444,444,0,0,0,0
Hyatt Hotels,2008,26114710769,185425,4,4,12,12,0,3,0,1
Deloitte,2016,667369363331771,97051,4,0,1,1,0,4,0,4
SVB Financial Group,2008,17979232866,64589,4,0,0,0,0,0,0,4
DreamWorks Animation SKG,2009,104770457523,36754,4,192,782,782,0,3,0,0
Arkansas Children's Hospital,2009,112657538333,146594,4,38,83,83,0,3,0,1
CH2M Hill,2010,130017893696618,149319,4,0,0,0,0,0,0,0
Vanderbilt University,2010,99104920858,170946,4,0,30,30,0,3,0,1
Edward Jones,2013,180423318637979,2381,4,2,28,28,0,3,0,3
Methodist Hospital System,2015,113508065350010,81864,4,5,56,56,0,3,0,3
General Mills,2010,163903596981363,96154,4,1,9,9,0,2,0,0
SAS,2016,140344030787,1133,3,60,656,671,0,0,0,0
Adobe,2010,305115773870,67922,3,24,135,135,0,3,0,0
Grainger,2013,265544390144768,157446,3,1,15,15,0,1,0,3
Perkins Coie,2016,263371857101546,85932,3,0,17,17,0,1,0,3
GoDaddy.com,2008,8749090685,120641,3,1,9,9,0,0,0,3
Capital One,2010,131080263606125,133645,3,133,662,662,0,0,0,0
Intercontinental Hotels Group,2008,7933762697,133790,3,13,36,36,0,2,0,0
Grainger,2012,265544390144768,157449,3,2,2,2,0,0,0,0
Orrick Herrington & Sutcliffe,2012,123116581045529,160504,3,0,9,9,0,1,0,1
Edward Jones,2011,180423318637979,2390,2,0,5,5,0,2,0,0
Genentech,2011,146718898672043,97737,2,3,10,10,0,2,0,0
Alston & Bird,2010,109329898949,49212,2,0,2,2,0,2,0,2
Bright Horizons Family Solutions,2014,1394887180807475,109545,2,0,0,0,0,0,0,1
NetApp,2011,144947005540685,2419,2,0,9,9,0,2,0,1
Shared Technologies- ARI,2014,328179703901867,138955,2,0,3,3,0,0,0,1
Monsanto,2011,44495818682,158520,2,210,95,95,0,2,0,0
WellStar Health System,2011,94455639888,179475,2,2,1,1,0,0,0,0
National Instruments,2011,19822934020,73333,2,2,12,12,0,2,0,0
Burns & McDonnell,2011,193157160706830,51026,2,0,0,0,0,0,0,1
Build-A-Bear Workshop,2008,8783725165,95716,2,62,94,94,0,2,0,2
Roche Diagnostics,2010,116286801731230,180331,2,0,11,11,0,0,0,0
Gilbane,2012,258541740902855,146599,2,0,0,0,0,0,0,0
The Everett Clinic,2010,61452139395,112425,2,4,2,2,0,2,0,1
Starbucks,2008,22092443056,104908,1,758,4239,4242,0,0,0,1
Novo Nordisk,2009,105548031768,72532,1,0,13,13,0,0,0,1
"ARI, Automotive Resources International",2010,282991730710,177254,1,0,0,0,0,0,0,0
Cisco,2012,134134190357,117695,1,0,0,0,0,0,0,1
Gilbane,2013,258541740902855,146598,1,0,0,0,0,1,0,1
SRA International,2009,45726451297,172779,1,0,0,0,0,0,0,1
Scripps Health,2009,12150039095,84514,1,0,1,1,0,0,0,1
Salesforce.com,2008,5634829153,54906,1,0,5,5,0,0,0,0
Orrick Herrington & Sutcliffe,2013,123116581045529,160503,1,0,7,7,0,1,0,0
Ultimate Software,2008,29660886831,50763,1,0,1,1,0,1,0,1
Orrick Herrington & Sutcliffe,2011,123116581045529,160507,1,0,2,2,0,1,0,0
David Weekley Homes,2009,8146864018,175439,1,0,1,1,0,0,0,1
Edward Jones,2010,180423318637979,2392,1,1,6,6,0,0,0,1
Recreational Equipment (REI),2008,9062006483,13136,1,5,28,28,0,0,0,0
Atlantic Health,2011,91507407676,96220,1,0,0,0,0,0,0,0
SRA International,2014,45726451297,172387,1,0,0,0,0,0,0,0
NetApp,2012,144947005540685,2418,1,0,4,4,0,1,0,1
Monsanto,2012,44495818682,158519,1,571,108,108,0,0,0,0
Cooley,2010,29631010782,186108,1,0,0,0,0,0,0,1
"ARI, Automotive Resources International",2009,282991730710,177255,1,0,0,0,0,0,0,0
Cisco,2009,134134190357,117696,1,0,0,0,0,0,0,1
Ultimate Software,2009,29660886831,50762,1,0,0,0,0,1,0,0
Navy Federal Credit Union,2010,160344204010636,132470,1,3,8,8,0,0,0,0
Robert W. Baird,2010,148731991811588,45029,1,0,0,0,0,0,0,0
Alston & Bird,2014,109329898949,49197,1,0,0,0,0,0,0,0
Nordstrom,2008,12854644836,93859,1,8,39,39,0,1,0,0
Google,2009,104958162837,738,1,999,3862,3871,0,0,0,1
