Company Name,fbId,fbPhotoId,2007 count(*),2008 count(*),2009 count(*),2010 count(*),2011 count(*),2012 count(*),2013 count(*),2014 count(*),2015 count(*),2016 count(*),2007 commentsCount,2008 commentsCount,2009 commentsCount,2010 commentsCount,2011 commentsCount,2012 commentsCount,2013 commentsCount,2014 commentsCount,2015 commentsCount,2016 commentsCount,2007 likesCount,2008 likesCount,2009 likesCount,2010 likesCount,2011 likesCount,2012 likesCount,2013 likesCount,2014 likesCount,2015 likesCount,2016 likesCount,2007 reactionsCount,2008 reactionsCount,2009 reactionsCount,2010 reactionsCount,2011 reactionsCount,2012 reactionsCount,2013 reactionsCount,2014 reactionsCount,2015 reactionsCount,2016 reactionsCount,2007 hasPlace,2008 hasPlace,2009 hasPlace,2010 hasPlace,2011 hasPlace,2012 hasPlace,2013 hasPlace,2014 hasPlace,2015 hasPlace,2016 hasPlace,2007 hasCaption,2008 hasCaption,2009 hasCaption,2010 hasCaption,2011 hasCaption,2012 hasCaption,2013 hasCaption,2014 hasCaption,2015 hasCaption,2016 hasCaption,2007 hasEvent,2008 hasEvent,2009 hasEvent,2010 hasEvent,2011 hasEvent,2012 hasEvent,2013 hasEvent,2014 hasEvent,2015 hasEvent,2016 hasEvent,2007 updatedLater,2008 updatedLater,2009 updatedLater,2010 updatedLater,2011 updatedLater,2012 updatedLater,2013 updatedLater,2014 updatedLater,2015 updatedLater,2016 updatedLater
Texas Instruments,234443101357,170312,0,0,0,34,185,359,1144,1155,1064,302,0,0,0,3,89,439,1809,1270,755,226,0,0,0,171,1226,7912,71286,133224,211601,60166,0,0,0,171,1226,7912,71286,133224,211601,60232,0,0,0,0,0,39,226,189,55,32,0,0,0,33,164,310,1037,1091,1051,298,0,0,0,0,0,0,0,0,0,0,0,0,0,1,4,122,691,527,134,9
DPR Construction,128264243859715,35235,0,0,0,0,0,57,51,18,35,26,0,0,0,0,0,48,68,44,133,36,0,0,0,0,0,740,1658,999,2254,1096,0,0,0,0,0,740,1658,999,2254,1104,0,0,0,0,0,4,1,4,13,11,0,0,0,0,0,52,49,13,29,22,0,0,0,0,0,0,0,0,0,0,0,0,0,0,0,12,28,8,9,14
Southern Ohio Medical Center,220886824589689,58294,0,0,0,0,0,725,745,704,744,155,0,0,0,0,0,203,645,322,559,41,0,0,0,0,0,2838,9715,4711,5063,634,0,0,0,0,0,2838,9718,4711,5064,648,0,0,0,0,0,557,130,137,46,0,0,0,0,0,0,118,134,126,118,71,0,0,0,0,0,0,0,0,0,0,0,0,0,0,0,78,262,62,41,6
Orrick Herrington & Sutcliffe,123116581045529,160507,0,0,0,48,1,3,1,6,12,0,0,0,0,0,0,0,0,1,0,0,0,0,0,42,2,9,7,58,33,0,0,0,0,42,2,9,7,58,33,0,0,0,0,0,0,0,0,0,0,0,0,0,0,44,1,1,1,6,11,0,0,0,0,0,0,0,0,0,0,0,0,0,0,4,0,1,0,2,3,0
Adobe,305115773870,67922,0,0,0,3,214,869,630,702,675,243,0,0,0,24,337,2094,7004,2326,1036,155,0,0,0,135,2574,26235,114766,79409,30723,14039,0,0,0,135,2574,26235,114767,79410,30729,14487,0,0,0,0,16,399,25,0,5,3,0,0,0,3,172,595,595,596,634,222,0,0,0,0,0,0,0,0,0,0,0,0,0,0,19,158,359,363,111,44
Edward Jones,180423318637979,2392,0,0,0,1,2,5,4,8,75,35,0,0,0,1,0,3,2,0,23,24,0,0,0,6,5,42,28,16,703,727,0,0,0,6,5,42,28,16,703,743,0,0,0,0,0,0,0,0,7,0,0,0,0,0,2,1,3,1,45,22,0,0,0,0,0,0,0,0,0,0,0,0,0,1,0,2,3,7,43,29
Container Store,59375573322,45030,0,0,248,524,560,634,394,551,559,172,0,0,1320,1887,1175,3737,2465,2186,3622,2023,0,0,1640,2595,3754,19648,48779,87946,219450,87010,0,0,1640,2595,3754,19648,48780,87948,219453,87792,0,0,0,0,0,46,0,0,0,0,0,0,204,332,367,237,329,371,504,168,0,0,0,0,0,0,0,0,0,0,0,0,14,16,2,139,196,316,187,97
Four Seasons Hotels,106280431030,145147,0,0,113,133,2161,1819,864,675,390,138,0,0,685,1211,9003,16238,13840,5225,1827,868,0,0,2547,6241,71589,420060,519793,236300,78323,31759,0,0,2547,6241,71591,420061,519795,236301,78337,32509,0,0,0,0,222,653,385,243,193,49,0,0,113,132,1831,1787,771,609,344,122,0,0,0,0,0,0,0,0,0,0,0,0,0,0,2,41,98,22,38,34
Morningstar,198056910214033,117279,0,0,0,0,90,288,38,129,0,0,0,0,0,0,21,29,15,8,0,0,0,0,0,0,37,70,81,18,0,0,0,0,0,0,37,70,81,18,0,0,0,0,0,0,0,0,32,0,0,0,0,0,0,0,70,268,6,129,0,0,0,0,0,0,0,0,0,0,0,0,0,0,0,0,0,1,12,80,0,0
Bright Horizons Family Solutions,1394887180807475,109545,0,0,0,0,0,0,0,2,58,27,0,0,0,0,0,0,0,0,11,6,0,0,0,0,0,0,0,0,577,352,0,0,0,0,0,0,0,0,577,355,0,0,0,0,0,0,0,0,3,0,0,0,0,0,0,0,0,0,56,20,0,0,0,0,0,0,0,0,0,0,0,0,0,0,0,0,0,1,35,21
USAA,161179599992,43090,0,0,19,13,206,254,19,191,140,56,0,0,0,3,87,114,33,230,879,238,0,0,1,33,164,731,415,2442,11053,1679,0,0,1,33,166,731,415,2444,11053,1726,0,0,0,0,0,5,2,0,0,0,0,0,11,6,7,21,13,184,140,56,0,0,0,0,0,0,0,0,0,0,0,0,0,2,1,26,15,118,71,11
Shared Technologies- ARI,328179703901867,138955,0,0,0,0,0,5,5,2,5,4,0,0,0,0,0,1,0,0,1,1,0,0,0,0,0,1,4,3,3,16,0,0,0,0,0,1,4,3,3,16,0,0,0,0,0,0,0,0,0,0,0,0,0,0,0,0,2,0,5,4,0,0,0,0,0,0,0,0,0,0,0,0,0,0,0,4,2,1,3,2
Microsoft,9298666412,107080,11,50,7,6,120,163,496,166,144,75,7,24,5,10,179,1471,3674,454,198,64,2,13,20,5,772,14002,43679,7299,3413,1375,2,13,20,5,772,14002,43679,7299,3413,1405,0,0,0,0,25,8,189,22,27,41,11,45,5,2,75,123,324,111,59,33,0,0,0,0,0,0,0,0,0,0,0,46,2,0,3,74,89,59,5,9
JM Family Enterprises,215824265320,40532,0,0,0,0,9,958,487,440,246,142,0,0,0,0,0,183,280,232,153,156,0,0,0,0,11,2022,4188,5700,5007,2815,0,0,0,0,11,2022,4188,5700,5007,2958,0,0,0,0,6,628,266,309,50,0,0,0,0,0,4,81,94,276,77,93,0,0,0,0,0,0,0,0,0,0,0,0,0,0,0,105,197,70,80,10
David Weekley Homes,8146864018,175439,0,35,1,15,331,74,291,795,786,359,0,10,0,2,58,280,1145,3686,5687,3195,0,79,1,28,392,1644,9611,18051,23309,20504,0,79,1,28,392,1644,9611,18051,23315,20915,0,0,0,0,0,0,0,0,3,0,0,35,0,13,324,67,289,607,346,103,0,0,0,0,0,0,0,0,0,0,0,35,1,0,1,49,201,606,580,331
QuikTrip,5890187327,97035,0,0,0,16,21,81,152,194,268,84,0,0,0,1141,6742,15873,17922,8525,13594,3581,0,0,0,2193,13779,127047,121070,141458,158345,64090,0,0,0,2193,13779,127047,121070,141482,158345,64744,0,0,0,0,0,0,0,0,0,0,0,0,0,7,18,75,140,170,229,69,0,0,0,0,0,0,0,0,0,0,0,0,0,1,1,25,102,116,66,10
Robert W. Baird,148731991811588,45029,0,0,0,1,0,167,404,686,622,28,0,0,0,0,0,8,44,12,22,14,0,0,0,0,0,180,570,513,1438,958,0,0,0,0,0,180,570,513,1438,966,0,0,0,0,0,137,310,400,246,0,0,0,0,0,0,54,48,138,60,28,0,0,0,0,0,0,0,0,0,0,0,0,0,0,0,13,63,39,108,17
Boston Consulting Group,24961338115,1091,0,0,0,0,0,22,20,94,189,69,0,0,0,0,0,85,22,66,294,95,0,0,0,0,0,1632,910,2860,12305,2418,0,0,0,0,0,1632,910,2860,12305,2444,0,0,0,0,0,15,5,0,0,0,0,0,0,0,0,21,20,86,171,38,0,0,0,0,0,0,0,0,0,0,0,0,0,0,0,5,9,45,50,7
Brocade Communications Systems,111983056070,148421,0,0,24,36,370,492,437,161,242,82,0,0,4,9,63,73,75,152,66,24,0,0,33,42,372,997,4341,3134,2294,733,0,0,33,42,372,997,4341,3134,2294,755,0,0,0,0,6,108,255,28,80,39,0,0,2,4,89,101,327,112,183,47,0,0,0,0,0,0,0,0,0,0,0,0,2,1,2,197,97,82,59,22
Build-A-Bear Workshop,8783725165,95716,10,2,113,154,246,310,252,474,195,112,108,62,1575,6822,11412,19332,15119,8998,6002,2810,138,94,3335,14620,42810,310736,397788,105516,102798,20383,138,94,3338,14626,42810,310738,397788,105519,102880,21488,0,0,0,0,0,19,7,0,16,0,10,2,54,132,196,193,156,202,161,108,0,0,0,0,0,0,0,0,0,0,10,2,0,1,1,99,104,115,110,17
Google,104958162837,738,0,0,1,217,40,66,64,252,77,20,0,0,999,6442,24971,82553,18506,50757,25124,6014,0,0,3862,40591,195919,593654,157094,262867,195548,18000,0,0,3871,40597,195927,593679,157097,262945,195787,18763,0,0,0,0,0,0,0,0,0,5,0,0,0,118,40,56,51,234,75,6,0,0,0,0,0,0,0,0,0,0,0,0,1,6,1,17,28,147,24,0
St. Jude Children's Research Hospital,6435441794,63648,14,0,6,23,247,364,752,487,275,130,92,0,237,530,3612,25066,86513,94454,50592,17660,315,0,1610,6009,46858,1419084,4956787,7190066,2602166,718039,315,0,1610,6009,46858,1419086,4956793,7190123,2602239,743917,0,0,0,0,4,59,8,0,0,0,0,0,4,16,218,318,335,411,213,104,0,0,0,0,0,0,0,0,0,0,0,0,0,2,3,37,572,286,94,31
Accenture,20341500871,119386,0,12,109,6,58,46,113,131,281,86,0,2,4,1,36,57,71,50,102,13,0,0,2,0,112,970,1541,1950,2442,388,0,0,2,0,112,970,1541,1950,2442,395,0,0,0,0,0,0,1,0,17,1,0,9,91,6,33,25,87,101,269,86,0,0,0,0,0,0,0,0,0,0,0,12,5,0,1,12,73,60,24,1
Salesforce.com,5634829153,54906,5,1,220,211,1103,1005,610,430,263,39,0,0,91,75,694,5134,8888,1329,920,198,0,5,78,363,2948,46052,180475,31334,14411,2081,0,5,78,363,2948,46052,180475,31334,14415,2147,0,0,0,0,56,186,3,0,0,0,0,0,16,64,872,796,602,409,232,39,0,0,0,0,0,0,0,0,0,0,0,0,6,1,2,102,467,193,48,5
Mattel,148757037599,109402,0,0,32,26,94,27,74,31,153,30,0,0,84,76,585,473,1966,252,746,424,0,0,416,246,1757,2726,5549,3399,8159,4522,0,0,416,246,1757,2726,5551,3399,8161,4769,0,0,0,0,1,0,5,4,0,0,0,0,24,25,57,26,67,20,56,13,0,0,0,0,0,0,0,0,0,0,0,0,2,1,0,11,56,25,138,29
"ARI, Automotive Resources International",282991730710,177255,0,0,1,1,0,508,319,431,296,225,0,0,0,0,0,7,35,25,35,72,0,0,0,0,0,144,751,940,560,788,0,0,0,0,0,144,751,940,560,825,0,0,0,0,0,45,27,8,1,85,0,0,0,0,0,241,87,41,30,17,0,0,0,0,0,0,0,0,0,0,0,0,0,0,0,272,179,80,70,14
Monsanto,44495818682,158519,0,0,190,71,2,1,9,94,203,49,0,0,942,1410,210,571,1136,7506,10214,1038,0,0,262,289,95,108,1585,16916,32125,6562,0,0,267,341,95,108,1585,16936,32197,7236,0,0,0,0,0,0,0,0,1,0,0,0,78,7,2,0,7,64,159,31,0,0,0,0,0,0,0,0,0,0,0,0,1,1,0,0,6,50,114,19
Men's Wearhouse,199928852452,83739,0,0,0,9,110,301,387,425,268,105,0,0,0,44,77,6669,21895,2823,3021,1157,0,0,0,73,475,111287,450304,45653,130202,108185,0,0,0,73,475,111287,450309,45654,130204,112367,0,0,0,0,0,0,0,0,10,0,0,0,0,6,83,285,380,352,207,101,0,0,0,0,0,0,0,0,0,0,0,0,0,0,0,19,94,245,101,14
MITRE,151373044800,155139,0,0,125,239,56,437,467,280,295,15,0,0,149,548,218,943,404,110,312,54,0,0,373,596,247,3334,6094,4536,2799,175,0,0,373,596,247,3334,6094,4536,2799,176,0,0,0,0,0,25,46,0,6,0,0,0,87,111,12,363,400,216,280,15,0,0,0,0,0,0,0,0,0,0,0,0,2,21,0,28,119,119,101,9
Cisco,134134190357,117696,0,0,1,0,0,1,0,0,0,0,0,0,0,0,0,0,0,0,0,0,0,0,0,0,0,0,0,0,0,0,0,0,0,0,0,0,0,0,0,0,0,0,0,0,0,0,0,0,0,0,0,0,0,0,0,0,0,0,0,0,0,0,0,0,0,0,0,0,0,0,0,0,1,0,0,1,0,0,0,0
Kiewit Corporation,210762462323361,185951,0,0,0,0,0,35,142,171,175,49,0,0,0,0,0,132,432,458,452,141,0,0,0,0,0,2333,10481,12048,13836,5633,0,0,0,0,0,2333,10481,12048,13836,5689,0,0,0,0,0,0,0,0,0,0,0,0,0,0,0,18,93,100,114,49,0,0,0,0,0,0,0,0,0,0,0,0,0,0,0,19,117,135,34,8
Publix Super Markets,209968985766607,107501,0,0,0,0,0,193,401,438,328,132,0,0,0,0,0,2537,4276,6112,2729,712,0,0,0,0,0,5764,14702,23020,15056,5695,0,0,0,0,0,5765,14702,23020,15058,5921,0,0,0,0,0,0,39,19,20,7,0,0,0,0,0,167,356,373,270,106,0,0,0,0,0,0,0,0,0,0,0,0,0,0,0,164,301,183,155,93
Vanderbilt University,99104920858,170946,0,0,48,4,16,149,182,107,99,47,0,0,2,0,36,1154,1356,1825,1522,881,0,0,21,30,211,26820,37767,48951,39218,15249,0,0,21,30,211,26820,37767,48951,39218,15640,0,0,0,0,0,13,0,0,24,0,0,0,0,3,16,120,180,104,77,29,0,0,0,0,0,0,0,0,0,0,0,0,0,1,0,17,108,44,32,19
Allianz Life Insurance,293573224082477,81022,0,0,0,0,0,18,117,168,185,49,0,0,0,0,0,1,30,61,34,26,0,0,0,0,0,37,448,793,849,407,0,0,0,0,0,37,448,793,849,415,0,0,0,0,0,0,5,0,7,11,0,0,0,0,0,8,105,89,67,26,0,0,0,0,0,0,0,0,0,0,0,0,0,0,0,14,77,111,162,34
Starbucks,22092443056,104908,0,1,77,33,152,176,92,121,110,10,0,758,16747,25186,87481,85281,43943,24693,44086,9778,0,4239,60942,217964,1160276,2292764,3752914,1932556,2689770,568675,0,4242,60942,217965,1160285,2292770,3752939,1932611,2690014,574647,0,0,0,0,0,107,11,17,0,0,0,0,58,33,121,168,88,117,110,10,0,0,0,0,0,0,0,0,0,0,0,1,0,2,3,13,27,14,2,0
Kimpton Hotels & Restaurants,51530158577,36758,0,0,133,164,114,170,373,289,254,59,0,0,33,91,237,1483,1937,2261,1566,634,0,0,86,288,847,7456,17826,21177,21712,8322,0,0,86,288,847,7456,17826,21177,21713,8562,0,0,0,0,28,5,35,0,1,0,0,0,85,110,45,157,355,164,115,27,0,0,0,0,0,0,0,0,0,0,0,0,3,3,0,74,211,217,175,44
American Express,6185812851,88357,0,0,422,589,74,190,472,565,473,185,0,0,173,562,199,12547,10127,6434,4720,1223,0,0,1064,1980,1018,273308,309942,209730,66633,6742,0,0,1064,1980,1018,273309,309942,209730,66637,6907,0,0,0,0,0,11,17,10,20,0,0,0,299,568,35,167,423,496,366,173,0,0,0,0,0,0,0,0,0,0,0,0,2,0,0,46,252,240,85,17
American Fidelity Assurance,333011163569,75644,0,0,0,0,0,42,112,161,300,97,0,0,0,0,0,12,7,54,56,29,0,0,0,0,0,79,130,1872,2965,1043,0,0,0,0,0,79,130,1872,2965,1061,0,0,0,0,0,31,43,22,0,0,0,0,0,0,0,17,8,104,272,95,0,0,0,0,0,0,0,0,0,0,0,0,0,0,0,0,37,54,81,54
PCL Construction Enterprises,109150299248234,55633,0,0,0,0,0,34,147,182,307,82,0,0,0,0,0,4,242,189,256,92,0,0,0,0,0,31,2734,3613,5560,1893,0,0,0,0,0,31,2734,3613,5560,1906,0,0,0,0,0,0,0,0,5,0,0,0,0,0,0,33,111,116,166,51,0,0,0,0,0,0,0,0,0,0,0,0,0,0,0,1,23,119,208,57
Methodist Hospital System,113508065350010,81864,0,0,0,0,7,31,181,44,4,8,0,0,0,0,8,2,8,3,5,25,0,0,0,0,15,16,151,173,56,185,0,0,0,0,15,16,151,173,56,193,0,0,0,0,0,25,151,0,0,0,0,0,0,0,0,5,17,16,3,7,0,0,0,0,0,0,0,0,0,0,0,0,0,0,0,2,8,21,3,5
FactSet Research Systems,47276510407,104954,0,51,120,142,131,123,157,126,88,23,0,1,13,63,115,171,155,81,51,15,0,7,62,427,1215,3848,7056,5877,4019,1866,0,7,62,427,1215,3848,7056,5877,4019,1902,0,0,0,0,7,34,44,35,15,1,0,37,46,137,128,108,133,107,80,22,0,0,0,0,0,0,0,0,0,0,0,50,4,2,0,8,29,31,25,20
Autodesk,74463019717,81845,0,0,0,0,11,262,76,200,230,37,0,0,0,0,53,457,30,15,32,3,0,0,0,0,247,1494,585,431,1977,135,0,0,0,0,247,1494,585,431,1977,136,0,0,0,0,0,25,17,60,49,0,0,0,0,0,10,251,48,49,123,8,0,0,0,0,0,0,0,0,0,0,0,0,0,0,0,28,23,110,86,5
Hyatt Hotels,26114710769,185425,0,4,68,74,18,11,80,149,148,73,0,4,54,306,50,20,351,164,127,40,0,12,165,1152,335,170,8759,9031,7114,1181,0,12,165,1152,335,172,8770,9038,7119,1224,0,0,0,0,0,0,0,1,1,0,0,3,56,48,12,3,65,121,116,41,0,0,0,0,0,0,0,0,0,0,0,1,8,18,2,6,55,88,86,52
Burns & McDonnell,193157160706830,51026,0,0,0,0,2,62,80,89,26,5,0,0,0,0,0,10,29,3,4,0,0,0,0,0,0,138,255,315,92,14,0,0,0,0,0,138,255,315,92,14,0,0,0,0,0,0,0,0,1,0,0,0,0,0,0,38,63,71,19,2,0,0,0,0,0,0,0,0,0,0,0,0,0,0,1,24,39,65,10,4
Arkansas Children's Hospital,112657538333,146594,0,0,4,72,211,127,166,279,296,179,0,0,38,389,928,729,3373,1680,3599,751,0,0,83,2821,6906,15273,48113,58080,136460,16489,0,0,83,2821,6906,15273,48113,58080,136505,17232,0,0,0,0,0,11,2,32,9,10,0,0,3,55,200,107,146,195,220,143,0,0,0,0,0,0,0,0,0,0,0,0,1,8,11,37,118,131,204,127
OhioHealth,40814021698,117098,0,28,24,47,609,710,1531,914,631,220,0,0,0,7,95,404,568,259,638,127,0,0,3,27,216,2507,6484,7018,16255,2364,0,0,3,27,216,2507,6484,7018,16255,2426,0,0,0,0,0,377,784,358,53,77,0,27,10,35,352,411,486,728,283,76,0,0,0,0,0,0,0,0,0,0,0,1,3,2,0,65,394,211,226,101
Grainger,265544390144768,157449,0,0,0,0,7,3,3,60,296,37,0,0,0,0,3,2,1,25,66,12,0,0,0,0,12,2,15,527,1210,201,0,0,0,0,12,2,15,527,1210,207,0,0,0,0,0,0,0,0,128,0,0,0,0,0,6,0,1,59,138,35,0,0,0,0,0,0,0,0,0,0,0,0,0,0,0,0,3,32,57,17
Marriott International,143602039041041,85903,0,0,0,0,29,278,365,428,239,58,0,0,0,0,359,10247,8861,2933,1053,124,0,0,0,0,1715,95588,102866,80986,36452,3932,0,0,0,0,1715,95589,102937,80987,36455,4077,0,0,0,0,0,1,3,24,0,9,0,0,0,0,16,266,316,342,171,44,0,0,0,0,0,0,0,0,0,0,0,0,0,0,1,60,173,191,132,19
LifeBridge Health,193538150681786,164075,0,0,0,0,159,875,629,480,756,775,0,0,0,0,19,281,357,158,221,121,0,0,0,0,122,2858,5554,2156,4162,3283,0,0,0,0,122,2858,5554,2156,4162,3304,0,0,0,0,0,157,303,72,22,55,0,0,0,0,99,509,365,314,483,690,0,0,0,0,0,0,0,0,0,0,0,0,0,0,0,324,303,293,372,114
Hitachi Data Systems,124570004251813,111729,0,0,0,4,29,98,223,309,292,66,0,0,0,3,19,212,139,175,105,1,0,0,0,18,31,1670,2048,3039,1385,56,0,0,0,18,31,1670,2048,3039,1385,58,0,0,0,0,0,30,6,0,96,14,0,0,0,2,18,54,183,229,50,4,0,0,0,0,0,0,0,0,0,0,0,0,0,0,0,4,53,68,87,44
National Instruments,19822934020,73333,0,30,32,0,2,51,166,220,129,15,0,11,8,0,2,315,574,222,65,71,0,43,34,0,12,2277,9452,7117,4611,7508,0,43,34,0,12,2277,9452,7117,4611,7725,0,0,0,0,0,15,20,6,3,0,0,18,0,0,2,41,151,80,124,15,0,0,0,0,0,0,0,0,0,0,0,1,1,0,0,15,101,41,9,1
Whole Foods Market,525560857527063,56643,0,0,0,0,0,0,10,99,159,52,0,0,0,0,0,0,3,134,208,152,0,0,0,0,0,0,16,3095,4527,2310,0,0,0,0,0,0,16,3095,4527,2348,0,0,0,0,0,0,0,11,1,0,0,0,0,0,0,0,0,58,152,49,0,0,0,0,0,0,0,0,0,0,0,0,0,0,0,0,2,39,37,21
The Everett Clinic,61452139395,112425,0,0,8,2,15,9,40,122,330,174,0,0,0,4,18,34,80,129,365,112,0,0,1,2,93,186,853,1215,5681,1359,0,0,1,2,93,186,853,1215,5681,1391,0,0,0,0,0,0,5,6,51,11,0,0,8,2,14,8,27,84,111,78,0,0,0,0,0,0,0,0,0,0,0,0,0,1,2,2,26,79,206,107
Zappos.com,7172307686,23562,20,194,362,126,1207,2244,1276,966,471,126,1,26,1376,641,3026,15090,17447,55528,92113,14281,4,20,462,674,4193,87501,721939,987376,1731689,485960,4,20,462,674,4194,87501,721939,987377,1731735,495955,0,0,0,0,21,1288,65,0,0,0,0,40,2,27,139,2073,1268,909,462,119,0,0,0,0,0,0,0,0,0,0,20,189,20,11,12,297,657,363,91,66
Kimley-Horn and Associates,204703769542227,180507,0,0,0,0,17,17,14,40,99,33,0,0,0,0,5,3,13,21,43,26,0,0,0,0,27,38,163,640,1838,1015,0,0,0,0,27,38,163,640,1838,1022,0,0,0,0,0,12,0,0,0,0,0,0,0,0,10,15,8,25,89,26,0,0,0,0,0,0,0,0,0,0,0,0,0,0,2,0,5,27,40,24
Ernst & Young,195665063800329,86462,0,0,0,0,6,10,73,53,194,162,0,0,0,0,1,15,207,68,249,118,0,0,0,0,65,336,6883,7784,16571,5903,0,0,0,0,65,336,6883,7784,16571,5951,0,0,0,0,0,1,30,1,58,13,0,0,0,0,5,9,62,46,142,132,0,0,0,0,0,0,0,0,0,0,0,0,0,0,0,0,20,21,25,19
Cooley,29631010782,186108,0,0,0,1,6,26,23,28,17,7,0,0,0,0,0,4,5,8,5,1,0,0,0,0,24,51,235,321,247,121,0,0,0,0,24,51,235,321,247,121,0,0,0,0,0,17,1,1,1,0,0,0,0,0,4,6,20,25,12,6,0,0,0,0,0,0,0,0,0,0,0,0,0,1,0,3,19,23,11,6
SRA International,45726451297,172387,0,0,1,13,170,131,77,1,113,40,0,0,0,6,46,34,41,0,14,17,0,0,0,5,66,153,234,0,170,71,0,0,0,5,66,153,234,0,170,71,0,0,0,0,6,107,34,0,0,0,0,0,0,6,32,13,31,0,93,39,0,0,0,0,0,0,0,0,0,0,0,0,1,1,6,13,24,0,62,35
CH2M Hill,130017893696618,149319,0,0,0,4,24,89,231,248,221,59,0,0,0,0,16,74,232,425,195,37,0,0,0,0,44,656,2630,4912,1446,196,0,0,0,0,44,656,2630,4912,1446,199,0,0,0,0,0,0,0,0,0,0,0,0,0,0,16,82,225,245,214,57,0,0,0,0,0,0,0,0,0,0,0,0,0,0,2,36,176,194,161,49
J. M. Smucker,117266245005679,150279,0,0,0,0,39,152,281,292,167,55,0,0,0,0,97,3475,10211,2682,14753,7048,0,0,0,0,485,20901,117243,141833,383618,84660,0,0,0,0,485,20901,117244,141833,383622,85653,0,0,0,0,2,0,0,25,0,0,0,0,0,0,23,141,270,264,167,55,0,0,0,0,0,0,0,0,0,0,0,0,0,0,1,47,96,153,59,9
Schweitzer Engineering Labs,148960375131063,132471,0,0,0,0,0,0,0,0,112,35,0,0,0,0,0,0,0,0,46,31,0,0,0,0,0,0,0,0,1416,997,0,0,0,0,0,0,0,0,1416,1022,0,0,0,0,0,0,0,0,1,0,0,0,0,0,0,0,0,0,49,11,0,0,0,0,0,0,0,0,0,0,0,0,0,0,0,0,0,0,72,33
Ultimate Software,29660886831,50762,0,1,1,243,74,105,310,183,548,72,0,0,0,23,59,123,540,336,368,115,0,1,0,153,477,1813,6776,8243,8266,3835,0,1,0,153,477,1813,6777,8243,8266,4000,0,0,0,0,0,18,4,19,1,24,0,1,1,115,72,78,134,163,132,40,0,0,0,0,0,0,0,0,0,0,0,1,0,37,7,20,236,99,48,17
The Cheesecake Factory,341861972627674,184787,0,0,0,0,0,0,0,17,95,19,0,0,0,0,0,0,0,1,21,2,0,0,0,0,0,0,0,28,200,23,0,0,0,0,0,0,0,28,200,23,0,0,0,0,0,0,0,0,19,0,0,0,0,0,0,0,0,0,28,10,0,0,0,0,0,0,0,0,0,0,0,0,0,0,0,0,0,6,50,13
Navy Federal Credit Union,160344204010636,132470,0,0,0,1,128,218,1096,527,537,235,0,0,0,3,203,11526,15952,2862,3514,1167,0,0,0,8,576,93843,237748,117301,175665,34289,0,0,0,8,576,93843,237749,117302,175666,34752,0,0,0,0,42,40,282,170,1,1,0,0,0,0,88,155,842,289,147,72,0,0,0,0,0,0,0,0,0,0,0,0,0,0,3,36,171,231,48,9
Stew Leonard's,33439252677,138913,0,28,4,460,474,715,803,922,1076,670,0,13,58,581,2668,10173,23669,11300,7732,18400,0,23,119,1649,6853,49926,49530,32593,47395,54298,0,23,119,1649,6853,49926,49530,32593,47395,55203,0,0,0,0,5,143,138,344,253,319,0,27,4,173,395,601,623,561,705,271,0,0,0,0,0,0,0,0,0,0,0,1,2,18,21,202,416,446,734,337
World Wide Technology,75577218799,77895,0,0,128,472,321,457,368,446,335,80,0,0,5,7,20,27,201,52,77,35,0,0,1,35,59,418,6303,2207,2488,1996,0,0,1,35,59,418,6303,2207,2489,2021,0,0,0,0,0,257,20,328,160,22,0,0,4,11,9,29,155,80,143,66,0,0,0,0,0,0,0,0,0,0,0,0,1,6,2,23,281,83,95,26
Scottrade,15601935371,56325,0,8,18,51,43,87,102,154,169,34,0,2,3,30,24,815,1125,1715,1662,305,0,17,34,167,74,4817,7099,16205,37004,20124,0,17,34,167,74,4817,7099,16205,37004,20354,0,0,0,0,0,5,0,0,0,0,0,7,15,40,35,80,96,146,168,34,0,0,0,0,0,0,0,0,0,0,0,2,2,2,0,37,67,84,28,12
Intel,22707976849,74967,0,4,49,6,213,246,245,239,440,132,0,55,326,186,12378,185301,273272,54818,18696,4471,0,444,1926,983,72949,6007970,15011679,10976803,5783233,1585752,0,444,1926,983,72992,6007998,15011681,10976804,5783257,1590690,0,0,0,0,0,25,0,0,48,0,0,0,45,6,109,201,230,237,368,92,0,0,0,0,0,0,0,0,0,0,0,0,4,2,8,100,113,126,34,53
Sheetz,21120170500,184636,0,0,0,23,197,171,272,436,380,143,0,0,0,48,828,12398,68199,21275,26609,10902,0,0,0,95,3057,164766,460987,657282,1113078,178988,0,0,0,95,3057,164768,460988,657282,1113079,183625,0,0,0,0,0,0,0,12,0,0,0,0,0,17,76,148,224,389,353,127,0,0,0,0,0,0,0,0,0,0,0,0,0,0,11,90,183,140,194,109
Balfour Beatty Construction,114292728603934,72533,0,0,0,0,0,30,57,95,20,17,0,0,0,0,0,14,134,209,93,19,0,0,0,0,0,195,1390,2310,634,325,0,0,0,0,0,195,1390,2311,634,327,0,0,0,0,0,9,9,16,0,0,0,0,0,0,0,21,46,82,17,8,0,0,0,0,0,0,0,0,0,0,0,0,0,0,0,10,39,76,16,14
Discovery Communications,153549641890,181510,0,0,0,61,0,368,460,331,208,58,0,0,0,1,0,106,95,107,234,95,0,0,0,7,0,1496,1869,2507,1386,398,0,0,0,7,0,1496,1869,2507,1386,417,0,0,0,0,0,138,117,147,79,48,0,0,0,19,0,315,327,168,120,56,0,0,0,0,0,0,0,0,0,0,0,0,0,2,0,72,167,159,62,8
KPMG,274830721660,129674,0,0,0,0,54,884,2497,2290,2720,640,0,0,0,0,6,168,293,219,188,84,0,0,0,0,39,1708,4077,3804,3599,777,0,0,0,0,39,1708,4077,3804,3599,783,0,0,0,0,29,499,1981,1955,1364,410,0,0,0,0,6,513,2028,1345,1253,291,0,0,0,0,0,0,0,0,0,0,0,0,0,0,0,92,33,76,59,55
CHG Healthcare Services,32264600947,15833,0,7,0,77,13,79,457,474,823,773,0,5,0,4,10,92,506,334,316,97,0,0,0,21,55,966,6466,6562,6478,2636,0,0,0,21,55,966,6466,6562,6478,2681,0,0,0,0,0,2,27,14,10,104,0,4,0,4,10,47,337,193,143,88,0,0,0,0,0,0,0,0,0,0,0,2,0,10,3,37,144,243,468,377
Alston & Bird,109329898949,49197,0,0,13,2,5,4,5,1,0,0,0,0,0,0,0,0,0,0,0,0,0,0,9,2,2,10,0,0,0,0,0,0,9,2,2,10,0,0,0,0,0,0,0,0,0,0,0,0,0,0,0,0,11,2,4,1,0,0,0,0,0,0,0,0,0,0,0,0,0,0,0,0,1,2,0,0,5,0,0,0
Scripps Health,12150039095,84514,0,15,1,106,33,55,201,174,170,27,0,2,0,44,46,72,588,381,482,43,0,2,1,119,103,1270,10874,8930,14340,1504,0,2,1,119,103,1270,10874,8930,14340,1530,0,0,0,0,0,15,0,40,15,2,0,14,0,105,32,35,199,172,150,27,0,0,0,0,0,0,0,0,0,0,0,15,1,1,0,21,126,81,73,9
Nugget Market,260624001193,56653,0,0,0,311,213,168,161,134,79,14,0,0,0,1209,328,295,189,101,163,10,0,0,0,1747,994,1626,1507,2012,5122,758,0,0,0,1747,994,1626,1507,2012,5122,771,0,0,0,0,0,0,0,0,0,0,0,0,0,300,189,155,133,77,72,8,0,0,0,0,0,0,0,0,0,0,0,0,0,64,16,52,125,96,38,7
Children's Healthcare of Atlanta,356527358185,76456,0,0,0,141,232,210,260,266,248,82,0,0,0,377,840,1553,7008,83107,65800,8926,0,0,0,1865,3694,30805,323903,5406631,2212671,349483,0,0,0,1866,3694,30805,323905,5406634,2212736,365371,0,0,0,0,4,11,0,0,0,0,0,0,0,95,110,171,249,244,242,80,0,0,0,0,0,0,0,0,0,0,0,0,0,6,3,62,121,161,58,55
Genentech,146718898672043,97737,0,0,0,0,2,15,95,305,175,60,0,0,0,0,3,11,15,85,30,3,0,0,0,0,10,354,679,1779,767,225,0,0,0,0,10,354,679,1779,767,227,0,0,0,0,0,0,15,30,22,0,0,0,0,0,2,12,76,191,141,50,0,0,0,0,0,0,0,0,0,0,0,0,0,0,0,7,54,158,67,38
Baptist Health South Florida,127900310965,71466,0,0,72,160,1026,629,512,506,292,410,0,0,11,52,295,183,214,158,162,32,0,0,59,257,1928,4630,7213,13182,5754,613,0,0,59,257,1928,4630,7213,13185,5754,634,0,0,0,0,112,267,276,143,37,20,0,0,70,65,401,185,176,230,105,386,0,0,0,0,0,0,0,0,0,0,0,0,0,0,35,42,112,200,171,11
Capital One,131080263606125,133645,0,0,0,3,18,415,239,231,93,30,0,0,0,133,4696,2630,2359,7320,6547,12197,0,0,0,662,29915,21595,19112,88784,76958,70447,0,0,0,662,29915,21595,19115,88798,76983,72151,0,0,0,0,0,10,0,46,9,0,0,0,0,0,4,376,222,207,73,23,0,0,0,0,0,0,0,0,0,0,0,0,0,0,7,47,75,94,28,5
NetApp,144947005540685,2418,0,0,0,65,2,1,15,6,4,0,0,0,0,0,0,0,1,0,0,0,0,0,0,5,9,4,35,26,18,0,0,0,0,5,9,4,35,26,18,0,0,0,0,0,0,0,6,0,0,0,0,0,0,19,2,1,7,4,0,0,0,0,0,0,0,0,0,0,0,0,0,0,0,0,1,1,8,3,2,0
Umpqua Bank,136874746358544,97739,0,0,0,0,60,120,171,142,175,25,0,0,0,0,32,5207,117,311,823,71,0,0,0,0,94,10790,1908,4534,5728,1133,0,0,0,0,94,10790,1908,4534,5728,1166,0,0,0,0,0,25,9,0,0,0,0,0,0,0,59,108,128,54,50,19,0,0,0,0,0,0,0,0,0,0,0,0,0,0,1,41,33,83,49,18
Sherwin-Williams,309180132920,172209,0,0,0,25,198,143,278,326,211,49,0,0,0,253,1604,8327,20752,14688,6574,1762,0,0,0,237,2774,11019,63941,213781,211912,67549,0,0,0,237,2774,11019,63941,213785,211918,67958,0,0,0,0,0,0,0,0,11,0,0,0,0,19,173,131,272,301,119,32,0,0,0,0,0,0,0,0,0,0,0,0,0,2,10,58,202,181,97,33
SVB Financial Group,17979232866,64589,0,4,9,7,39,202,355,159,129,21,0,0,2,0,4,52,153,49,46,14,0,0,10,14,49,858,2811,1657,1369,493,0,0,10,14,49,858,2811,1657,1369,496,0,0,0,0,1,108,156,60,60,0,0,0,5,7,28,118,278,88,81,20,0,0,0,0,0,0,0,0,0,0,0,4,7,1,0,36,89,34,15,7
SAS,140344030787,1133,0,0,60,127,305,261,140,215,19,3,0,0,166,1414,2717,5064,11994,741,704,60,0,0,629,8357,19719,75024,109991,23069,11129,656,0,0,629,8357,19719,75024,109992,23069,11130,671,0,0,0,0,12,72,31,107,0,0,0,0,33,96,234,192,76,19,6,0,0,0,0,0,0,0,0,0,0,0,0,0,1,25,24,61,77,22,13,0
Roche Diagnostics,116286801731230,180331,0,0,0,2,16,37,89,120,94,123,0,0,0,0,6,192,333,1272,269,414,0,0,0,11,95,789,1983,4293,6815,6763,0,0,0,11,95,789,1984,4293,6818,6879,0,0,0,0,0,0,0,0,0,56,0,0,0,0,1,28,82,107,93,120,0,0,0,0,0,0,0,0,0,0,0,0,0,0,0,15,55,55,33,28
Herman Miller,162638622561,164234,0,0,131,126,97,420,358,240,414,81,0,0,45,115,451,1780,1323,227,263,68,0,0,286,574,3291,43030,53380,16529,16637,3818,0,0,286,574,3291,43030,53381,16529,16647,3899,0,0,0,0,0,28,0,14,0,0,0,0,52,94,83,368,336,205,295,65,0,0,0,0,0,0,0,0,0,0,0,0,2,2,13,154,255,148,198,61
Gilbane,258541740902855,146598,0,0,0,0,0,2,1,0,0,0,0,0,0,0,0,0,0,0,0,0,0,0,0,0,0,0,0,0,0,0,0,0,0,0,0,0,0,0,0,0,0,0,0,0,0,0,0,0,0,0,0,0,0,0,0,0,1,0,0,0,0,0,0,0,0,0,0,0,0,0,0,0,0,0,0,0,1,0,0,0
Mayo Clinic,7673082516,104132,0,5,0,316,129,190,454,1016,1291,364,0,5,0,47,331,8625,6163,11519,20941,3546,0,219,0,341,1936,201303,219242,436286,749762,121947,0,219,0,341,1939,201303,219242,436289,749767,124707,0,0,0,0,10,8,2,1,2,0,0,5,0,20,26,123,448,1015,1290,364,0,0,0,0,0,0,0,0,0,0,0,2,0,2,1,47,236,592,228,50
Recreational Equipment (REI),9062006483,13136,0,1,12,73,160,743,7687,584,773,282,0,5,121,342,1646,14847,21713,25302,42320,20206,0,28,178,808,5272,318589,450075,1428518,2757566,1519801,0,28,178,808,5272,318589,450081,1428523,2757598,1539277,0,0,0,0,0,10,813,0,0,0,0,0,9,72,135,384,474,557,730,262,0,0,0,0,0,0,0,0,0,0,0,0,0,1,2,164,5836,220,165,74
Quicken Loans,435141649940642,16582,0,0,0,0,0,0,6,124,268,350,0,0,0,0,0,0,0,37,45,201,0,0,0,0,0,0,22,415,442,1358,0,0,0,0,0,0,22,415,442,1384,0,0,0,0,0,0,0,26,178,53,0,0,0,0,0,0,3,57,80,72,0,0,0,0,0,0,0,0,0,0,0,0,0,0,0,0,4,64,35,66
Rackspace Hosting,147298628669538,104909,0,0,0,0,36,9,0,0,0,0,0,0,0,0,4,1,0,0,0,0,0,0,0,0,13,13,0,0,0,0,0,0,0,0,13,13,0,0,0,0,0,0,0,0,0,0,0,0,0,0,0,0,0,0,28,8,0,0,0,0,0,0,0,0,0,0,0,0,0,0,0,0,0,0,6,0,0,0,0,0
Mars,211095382256023,180555,0,0,0,0,117,139,142,295,186,76,0,0,0,0,59,492,1416,1256,664,141,0,0,0,0,445,7197,20679,18189,16303,4263,0,0,0,0,445,7197,20679,18189,16308,4339,0,0,0,0,0,0,0,30,13,32,0,0,0,0,29,121,138,169,110,51,0,0,0,0,0,0,0,0,0,0,0,0,0,0,1,48,105,135,105,29
Camden Property Trust,128051573873366,2703,0,0,0,82,32,5,37,13,86,81,0,0,0,10,1,18,31,7,13,20,0,0,0,10,1,173,739,386,545,378,0,0,0,10,1,173,739,386,545,393,0,0,0,0,0,0,0,0,0,0,0,0,0,0,0,2,25,4,54,76,0,0,0,0,0,0,0,0,0,0,0,0,0,0,0,1,17,12,30,44
Winchester Hospital,107079996018373,158157,0,0,0,7,127,188,91,54,176,62,0,0,0,14,111,182,662,183,394,130,0,0,0,33,508,1363,5486,1377,3564,1341,0,0,0,33,508,1363,5486,1377,3564,1371,0,0,0,0,0,0,0,0,6,12,0,0,0,4,127,65,46,17,161,44,0,0,0,0,0,0,0,0,0,0,0,0,0,1,5,46,83,23,49,22
Perkins Coie,263371857101546,85932,0,0,0,0,0,10,9,7,8,3,0,0,0,0,0,3,2,4,3,0,0,0,0,0,0,15,38,98,65,17,0,0,0,0,0,15,38,98,65,17,0,0,0,0,0,4,0,0,0,0,0,0,0,0,0,7,6,3,6,1,0,0,0,0,0,0,0,0,0,0,0,0,0,0,0,0,6,5,3,3
GoDaddy.com,8749090685,120641,0,3,43,291,81,162,196,132,178,44,0,1,36,293,463,1841,4687,3263,5798,1012,0,9,61,786,2194,13246,57646,45219,292187,50340,0,9,61,786,2194,13246,57646,45219,292188,50482,0,0,0,0,0,3,6,0,12,0,0,0,20,108,39,144,165,113,172,34,0,0,0,0,0,0,0,0,0,0,0,3,3,8,2,36,67,59,29,4
Qualcomm,115831370196,48680,0,0,125,50,26,35,65,111,86,19,0,0,14,2,2,62,127,120,46,10,0,0,58,8,11,594,3391,2524,1488,169,0,0,58,8,11,594,3391,2524,1489,174,0,0,0,0,0,0,0,0,0,0,0,0,14,31,8,27,50,93,81,19,0,0,0,0,0,0,0,0,0,0,0,0,16,3,1,17,44,67,66,16
Aéropostale,57143807607,155048,0,0,91,377,623,847,1138,800,667,276,0,0,2028,18451,45760,104848,113389,55944,10552,1170,0,0,5781,97108,240241,3453083,9591831,22197552,4923200,157119,0,0,5781,97108,240241,3453083,9591867,22197554,4923225,159807,0,0,0,0,3,76,14,0,0,0,0,0,0,154,198,711,999,777,661,273,0,0,0,0,0,0,0,0,0,0,0,0,20,27,51,145,79,10,27,12
Booz Allen Hamilton,115188672790,109995,0,0,50,207,338,89,33,62,163,222,0,0,9,26,70,20,15,169,113,109,0,0,50,178,545,507,465,59273,5824,3985,0,0,50,178,545,507,465,59273,5824,4032,0,0,0,0,0,7,0,0,0,0,0,0,33,128,249,63,13,38,148,221,0,0,0,0,0,0,0,0,0,0,0,0,3,5,0,2,5,13,80,157
Intercontinental Hotels Group,7933762697,133790,0,3,0,0,0,23,12,33,61,13,0,13,0,0,0,202,114,107,179,14,0,36,0,0,0,2862,1804,2172,3329,334,0,36,0,0,0,2862,1804,2172,3329,336,0,0,0,0,0,1,0,0,11,2,0,2,0,0,0,20,8,8,14,7,0,0,0,0,0,0,0,0,0,0,0,0,0,0,0,6,12,27,46,6
Aflac,13994086254,107491,0,0,10,27,0,73,114,37,45,39,0,0,3,16,0,396,794,728,573,268,0,0,21,119,0,8685,16337,10870,12151,7019,0,0,21,119,0,8686,16337,10870,12151,7307,0,0,0,0,0,1,0,0,0,0,0,0,10,4,0,70,114,36,45,38,0,0,0,0,0,0,0,0,0,0,0,0,0,0,0,58,35,10,7,31
Atlantic Health,91507407676,96220,0,0,14,0,1,30,11,14,7,0,0,0,1,0,0,8,4,1,0,0,0,0,2,0,0,25,37,36,10,0,0,0,2,0,0,25,37,36,10,0,0,0,0,0,0,0,0,0,0,0,0,0,0,0,0,2,3,3,1,0,0,0,0,0,0,0,0,0,0,0,0,0,0,0,0,9,6,12,7,0
Nordstrom,12854644836,93859,0,1,71,1313,286,973,821,562,301,89,0,8,701,5052,5579,92008,154476,75362,146677,55644,0,39,3409,18377,37681,1860920,3284566,2536025,11573125,5918911,0,39,3410,18377,37681,1860924,3284568,2536042,11573273,6033437,0,0,0,0,0,1,24,0,0,0,0,1,69,421,271,894,789,536,287,84,0,0,0,0,0,0,0,0,0,0,0,0,0,28,7,118,323,322,84,47
Millennium: The Takeda Oncology Company,201874996515231,58284,0,0,0,0,10,128,291,53,60,19,0,0,0,0,0,34,18,12,10,3,0,0,0,0,64,881,747,286,484,250,0,0,0,0,64,881,747,286,484,253,0,0,0,0,0,1,0,3,5,0,0,0,0,0,9,93,102,33,39,19,0,0,0,0,0,0,0,0,0,0,0,0,0,0,1,72,129,22,46,16
CarMax,58226901193,117697,0,0,22,181,195,179,153,139,96,8,0,0,21,390,714,1063,2389,6383,3098,76,0,0,111,682,1339,4046,12529,60907,118350,336,0,0,111,682,1339,4046,12529,60907,118351,348,0,0,0,0,0,2,29,0,3,0,0,0,14,178,170,167,150,101,77,8,0,0,0,0,0,0,0,0,0,0,0,0,8,18,10,27,62,96,57,6
FedEx,150993094945648,160454,0,0,0,31,168,174,275,483,434,136,0,0,0,372,1331,7827,49903,48807,31724,8232,0,0,0,1196,5634,61646,541149,930609,732474,181552,0,0,0,1202,5634,61646,541152,930611,732483,183096,0,0,0,0,0,4,0,21,0,17,0,0,0,2,32,165,256,335,337,118,0,0,0,0,0,0,0,0,0,0,0,0,0,0,0,6,100,258,157,45
Novo Nordisk,105548031768,72532,0,0,1,0,53,254,231,213,230,13,0,0,0,0,51,447,849,303,486,97,0,0,13,0,428,9691,30321,84121,90123,4414,0,0,13,0,428,9691,30321,84122,90124,4496,0,0,0,0,0,1,3,19,51,0,0,0,0,0,43,215,209,125,147,11,0,0,0,0,0,0,0,0,0,0,0,0,1,0,0,23,52,76,52,5
DreamWorks Animation SKG,104770457523,36754,0,0,4,85,135,364,148,246,363,50,0,0,192,1967,5223,15502,18013,31404,12732,410,0,0,782,13604,50242,357370,645543,1921659,944507,15577,0,0,782,13604,50244,357373,645547,1921670,944556,15743,0,0,0,0,0,22,0,0,0,0,0,0,3,73,135,330,144,233,341,45,0,0,0,0,0,0,0,0,0,0,0,0,0,5,0,44,74,143,76,11
Teach For America,8433834471,100354,0,16,55,49,111,156,231,706,320,294,0,4,1,35,165,1031,2245,3099,4480,608,0,1,1,398,3378,24395,65348,167173,249674,33229,0,1,1,398,3378,24395,65349,167174,249678,34158,0,0,0,0,0,0,0,465,0,236,0,0,0,39,97,131,205,134,228,63,0,0,0,0,0,0,0,0,0,0,0,0,5,3,5,61,125,113,77,40
PricewaterhouseCoopers,232561027513,76451,0,0,0,5,28,162,168,198,156,53,0,0,0,0,33,160,151,80,113,83,0,0,0,13,360,2380,4038,3430,7566,3614,0,0,0,13,360,2380,4038,3430,7566,3631,0,0,0,0,0,10,47,39,0,0,0,0,0,2,19,154,136,161,155,50,0,0,0,0,0,0,0,0,0,0,0,0,0,1,1,8,17,19,21,15
WellStar Health System,94455639888,179475,0,0,109,0,2,50,577,778,592,221,0,0,3,0,2,22,557,2093,2007,476,0,0,15,0,1,466,7321,39997,31724,5591,0,0,15,0,1,466,7321,39997,31724,5699,0,0,0,0,0,6,0,74,18,13,0,0,5,0,0,48,555,630,545,189,0,0,0,0,0,0,0,0,0,0,0,0,2,0,0,35,551,484,122,14
Credit Acceptance,168678439842388,179586,0,0,0,0,13,156,63,16,10,8,0,0,0,0,7,42,27,60,71,37,0,0,0,0,48,572,362,159,234,137,0,0,0,0,48,572,362,159,238,142,0,0,0,0,0,33,32,0,0,0,0,0,0,0,12,95,62,11,9,8,0,0,0,0,0,0,0,0,0,0,0,0,0,0,0,30,11,16,9,5
Mercedes-Benz USA,6604386669,35160,14,0,28,309,1115,1675,2125,3096,2438,742,600,0,2250,14674,36084,114513,178952,76394,33580,6067,2613,0,15652,90385,397110,4028381,11759330,5209423,2635210,341404,2613,0,15652,90391,397111,4028410,11759411,5209591,2635634,350616,0,0,0,0,0,0,1,11,1,0,0,0,19,203,986,877,1931,2456,2349,732,0,0,0,0,0,0,0,0,0,0,0,0,0,2,125,259,35,61,659,442
Chesapeake Energy,201579567564,42219,0,0,5,550,360,230,349,93,20,21,0,0,1,257,195,482,419,90,20,0,0,0,2,446,590,5160,8869,3249,490,27,0,0,2,446,590,5160,8869,3249,490,27,0,0,0,1,0,3,23,0,0,12,0,0,4,511,251,197,311,73,15,3,0,0,0,0,0,0,0,0,0,0,0,0,1,1,1,35,121,43,11,15
General Mills,163903596981363,96154,0,0,0,4,13,145,183,38,38,9,0,0,0,1,9,242,266,126,44,12,0,0,0,9,86,1188,1996,527,483,19,0,0,0,9,86,1188,1996,527,483,19,0,0,0,0,0,14,4,0,0,5,0,0,0,2,10,132,180,34,23,3,0,0,0,0,0,0,0,0,0,0,0,0,0,0,0,38,144,28,33,8
Deloitte,667369363331771,97051,0,0,0,0,0,0,0,5,19,4,0,0,0,0,0,0,0,0,1,0,0,0,0,0,0,0,0,10,25,1,0,0,0,0,0,0,0,10,25,1,0,0,0,0,0,0,0,0,1,0,0,0,0,0,0,0,0,3,11,4,0,0,0,0,0,0,0,0,0,0,0,0,0,0,0,0,0,4,13,4
