companyString,date,fbId,fbPageId,count(*),commentsCount,likesCount,reactionsCount,sharesCount,hasCaption,blankMessage,updatedLater,hasParent,hasPlace,hasMessageTags,hasSource,hasTo,postedFromApp,added_photosStory,shared_storyStory,added_videoStory,mobile_status_updateStory,published_storyStory,created_noteStory,wall_postStory,created_eventStory,noTypeStory
Google,2008,104958162837,1,104,1997,7711,7722,89,9,0,9,0,0,3,1,3,0,0,9,0,5,0,90,0,0,0
Google,2009,104958162837,1,344,26814,146826,146838,2088,230,5,69,2,0,33,45,33,1,26,227,2,10,1,78,0,0,0
Google,2010,104958162837,1,319,69463,507855,507865,24393,245,0,157,0,0,33,59,33,3,41,244,0,18,3,13,0,0,0
Google,2011,104958162837,1,11,5013,43530,43534,3164,7,0,3,0,0,0,2,0,0,3,7,0,1,0,0,0,0,0
Google,2012,104958162837,1,157,138193,797774,797780,102298,77,3,40,6,0,17,46,17,1,70,83,0,4,0,0,0,0,0
Google,2013,104958162837,1,203,56724,299501,299551,41376,73,2,33,6,0,32,51,32,10,112,78,11,2,0,0,0,0,0
Google,2014,104958162837,1,191,42538,220889,220957,22445,43,4,28,5,0,24,33,24,14,130,48,13,0,0,0,0,0,0
Google,2015,104958162837,1,14,8149,25028,26013,3295,3,0,1,0,0,0,5,0,13,8,1,5,0,0,0,0,0,0
Google,2016,104958162837,1,3,1416,5147,5396,707,0,0,2,0,0,1,1,1,3,2,0,1,0,0,0,0,0,0
Boston Consulting Group,2008,24961338115,2,5,9,53,53,0,3,0,2,0,0,0,0,0,0,0,3,0,2,0,0,0,0,0
Boston Consulting Group,2009,24961338115,2,102,106,976,976,2,100,1,54,0,0,0,0,0,0,0,100,0,2,0,0,0,0,0
Boston Consulting Group,2010,24961338115,2,150,214,3105,3105,370,148,76,79,0,0,24,6,24,0,0,148,0,2,0,0,0,0,0
Boston Consulting Group,2012,24961338115,2,354,454,13333,13333,2321,325,1,205,2,1,192,33,192,9,11,318,1,15,9,0,0,0,0
Boston Consulting Group,2013,24961338115,2,548,495,17661,17661,2863,462,0,383,1,0,218,67,218,1,39,465,0,44,0,0,0,0,0
Boston Consulting Group,2014,24961338115,2,402,472,17577,17577,3135,218,12,238,13,0,117,62,116,49,151,228,6,17,0,0,0,0,0
Boston Consulting Group,2015,24961338115,2,130,237,9045,9072,1444,2,8,46,14,0,25,17,25,73,100,16,14,0,0,0,0,0,0
Boston Consulting Group,2016,24961338115,2,7,13,335,338,64,0,2,3,2,0,0,2,0,4,3,2,2,0,0,0,0,0,0
SAS,2012,140344030787,3,114,9984,124651,124652,5523,26,19,32,0,2,1,8,1,0,75,25,4,10,0,0,0,0,0
SAS,2013,140344030787,3,59,8055,74023,74023,3102,8,9,11,2,3,0,2,0,0,50,7,0,2,0,0,0,0,0
SAS,2014,140344030787,3,1,4,200,200,11,1,1,0,0,0,0,0,0,0,0,1,0,0,0,0,0,0,0
Edward Jones,2009,180423318637979,4,1,0,2,2,0,0,0,1,0,0,0,0,0,0,0,0,0,1,0,0,0,0,0
Edward Jones,2010,180423318637979,4,41,0,124,124,15,22,1,41,0,0,0,1,0,0,2,22,1,16,0,0,0,0,0
Edward Jones,2012,180423318637979,4,101,22,433,433,36,90,33,85,0,0,0,0,0,58,5,10,0,4,53,0,0,29,0
Edward Jones,2013,180423318637979,4,111,22,513,513,146,103,33,100,0,0,0,1,0,67,4,9,0,3,64,0,0,31,0
Edward Jones,2014,180423318637979,4,94,40,1276,1276,628,54,6,73,0,2,2,8,2,36,31,11,8,3,35,0,0,6,0
Edward Jones,2015,180423318637979,4,53,23,1260,1279,590,12,1,41,0,0,2,10,2,1,32,10,10,0,1,0,0,0,0
Edward Jones,2016,180423318637979,4,9,7,282,291,78,1,0,7,0,0,1,0,1,0,8,1,0,0,0,0,0,0,0
NetApp,2009,144947005540685,5,27,2,41,41,0,20,2,26,0,0,0,6,0,2,2,20,0,5,0,0,0,0,0
NetApp,2010,144947005540685,5,28,6,58,58,4,22,5,24,1,0,0,3,0,0,3,23,0,2,0,0,0,0,0
NetApp,2012,144947005540685,5,58,4,144,144,30,34,32,55,17,0,0,2,0,0,3,51,0,4,0,0,0,0,0
NetApp,2013,144947005540685,5,82,5,214,214,32,46,38,77,28,3,1,4,1,0,10,72,0,0,0,0,0,0,0
NetApp,2014,144947005540685,5,52,4,158,158,4,17,33,47,28,0,0,5,0,0,7,45,0,0,0,0,0,0,0
NetApp,2015,144947005540685,5,28,0,27,27,0,1,27,28,25,0,0,1,0,0,2,26,0,0,0,0,0,0,0
NetApp,2016,144947005540685,5,2,0,4,4,0,0,2,2,2,0,0,0,0,0,0,2,0,0,0,0,0,0,0
Camden Property Trust,2009,128051573873366,6,10,13,46,46,2,10,3,5,0,0,0,4,0,0,1,9,0,0,0,0,0,0,0
Camden Property Trust,2010,128051573873366,6,78,17,193,193,13,78,59,69,0,0,1,0,1,0,1,77,0,0,0,0,0,0,0
Camden Property Trust,2011,128051573873366,6,1,0,5,5,2,1,0,1,0,0,0,0,0,0,0,1,0,0,0,0,0,0,0
Camden Property Trust,2012,128051573873366,6,233,55,1185,1185,267,213,179,212,0,0,1,0,1,8,14,205,0,6,8,0,0,0,0
Camden Property Trust,2013,128051573873366,6,230,70,1702,1702,430,200,154,206,0,0,2,2,2,15,23,187,0,5,15,0,0,0,0
Camden Property Trust,2014,128051573873366,6,326,36,1595,1595,511,261,146,300,3,0,39,4,39,0,61,264,0,1,0,0,0,0,0
Camden Property Trust,2015,128051573873366,6,246,45,1054,1084,395,150,48,222,2,0,56,3,56,0,93,152,0,1,0,0,0,0,0
Camden Property Trust,2016,128051573873366,6,32,10,125,126,22,14,0,25,3,0,16,1,16,0,15,17,0,0,0,0,0,0,0
Recreational Equipment (REI),2012,9062006483,7,440,19057,440065,440065,61616,89,8,60,53,3,56,27,62,0,272,146,3,11,0,0,0,3,5
Recreational Equipment (REI),2013,9062006483,7,138,3793,256883,256884,15008,4,1,28,5,0,26,4,26,106,128,9,0,1,0,0,0,0,0
Recreational Equipment (REI),2014,9062006483,7,612,36363,2231686,2231708,167410,44,18,85,13,0,136,28,136,422,526,57,25,4,0,0,0,0,0
Recreational Equipment (REI),2015,9062006483,7,515,35689,2263024,2279913,112992,50,29,77,16,0,112,36,112,350,418,63,29,2,0,0,0,3,0
Recreational Equipment (REI),2016,9062006483,7,61,3832,287263,292033,11859,3,3,10,2,0,9,3,9,43,52,4,3,1,0,0,0,1,0
CHG Healthcare Services,2008,32264600947,8,2,1,6,6,0,0,1,2,0,0,0,1,0,0,1,0,1,0,0,0,0,0,0
CHG Healthcare Services,2009,32264600947,8,56,31,162,162,0,33,3,38,0,0,0,3,0,0,8,29,0,15,0,4,0,0,0
CHG Healthcare Services,2010,32264600947,8,84,111,453,453,4,56,8,48,0,0,0,5,0,0,9,55,2,18,0,0,0,0,0
CHG Healthcare Services,2012,32264600947,8,301,419,3979,3979,209,155,9,170,2,0,34,14,34,12,69,158,7,66,1,0,0,0,0
CHG Healthcare Services,2013,32264600947,8,640,965,13869,13869,631,245,6,368,20,1,220,55,220,80,237,271,22,110,0,0,0,0,0
CHG Healthcare Services,2014,32264600947,8,497,680,13657,13657,856,161,2,261,9,3,183,59,183,145,267,165,36,29,0,0,0,0,0
CHG Healthcare Services,2015,32264600947,8,281,339,10013,10143,1199,127,3,132,3,2,115,45,115,39,140,110,30,1,0,0,0,0,0
CHG Healthcare Services,2016,32264600947,8,46,63,1543,1565,219,26,0,27,0,0,20,6,20,2,24,18,3,1,0,0,0,0,0
Quicken Loans,2012,435141649940642,9,33,0,27,27,12,30,1,33,0,0,8,0,8,24,2,6,0,1,24,0,0,0,0
Quicken Loans,2013,435141649940642,9,139,2,233,233,84,110,1,134,6,0,31,4,31,86,23,33,0,2,81,0,0,0,0
Quicken Loans,2014,435141649940642,9,157,52,832,832,212,84,0,121,6,5,40,10,40,46,69,51,1,2,34,0,0,0,0
Quicken Loans,2015,435141649940642,9,155,210,1549,1567,264,56,2,109,9,4,37,9,37,8,85,63,2,5,0,0,0,0,0
Quicken Loans,2016,435141649940642,9,30,31,263,272,50,10,1,22,1,1,10,2,10,3,17,11,1,1,0,0,0,0,0
Zappos.com,2007,7172307686,10,7,1,0,0,0,2,1,6,0,0,0,1,0,0,3,0,1,0,0,0,3,0,0
Zappos.com,2008,7172307686,10,215,3812,3172,3175,10,77,18,64,1,0,0,105,0,1,35,62,70,38,1,0,9,0,0
Zappos.com,2009,7172307686,10,115,2184,1936,1936,7,41,8,28,0,0,0,63,0,0,13,36,42,19,0,0,4,0,1
Zappos.com,2012,7172307686,10,848,23822,317711,317711,18422,49,0,167,6,0,121,32,121,541,687,55,11,90,0,0,0,0,5
Zappos.com,2013,7172307686,10,1244,46652,1051714,1051714,48816,67,0,271,3,1,175,30,175,1161,1117,70,23,30,0,0,0,0,4
Zappos.com,2014,7172307686,10,963,89164,1669476,1669501,94000,172,6,190,1,0,119,51,119,861,741,169,39,10,0,0,0,3,1
Zappos.com,2015,7172307686,10,419,59048,1136321,1144096,35314,96,4,57,5,1,34,29,34,312,291,99,23,4,0,0,0,2,0
Zappos.com,2016,7172307686,10,46,4539,106165,108348,2800,8,3,6,1,0,8,11,8,13,28,7,9,1,0,0,0,1,0
Mercedes-Benz USA,2012,6604386669,11,382,100921,5130190,5130197,515811,80,28,120,7,0,97,60,97,85,278,89,4,2,2,0,0,2,5
Mercedes-Benz USA,2013,6604386669,11,692,136360,11927999,11928019,790274,52,9,194,14,0,333,53,333,0,580,60,24,21,0,0,0,7,0
Mercedes-Benz USA,2014,6604386669,11,1022,108632,12008278,12009548,648929,64,10,160,44,0,508,205,507,0,749,106,154,10,0,0,0,3,0
Mercedes-Benz USA,2015,6604386669,11,705,96064,5989217,6030931,392013,74,1,99,41,1,347,192,347,4,423,111,169,1,0,0,0,1,0
Mercedes-Benz USA,2016,6604386669,11,117,14283,454592,465925,43056,22,0,15,1,0,58,32,58,0,63,23,31,0,0,0,0,0,0
DPR Construction,2012,128264243859715,12,120,68,1449,1449,111,59,16,87,3,1,12,8,12,9,58,60,0,2,0,0,0,0,0
DPR Construction,2013,128264243859715,12,82,80,2050,2050,156,31,6,54,8,1,17,4,17,9,41,39,0,2,0,0,0,0,0
DPR Construction,2014,128264243859715,12,42,113,2722,2722,238,13,1,15,3,12,10,3,10,17,26,16,0,0,0,0,0,0,0
DPR Construction,2015,128264243859715,12,43,155,3200,3210,261,6,4,9,5,7,14,3,14,10,31,11,0,1,0,0,0,0,0
DPR Construction,2016,128264243859715,12,3,17,272,272,36,2,0,0,0,0,1,1,1,1,1,2,0,0,0,0,0,0,0
DreamWorks Animation SKG,2008,104770457523,13,15,229,962,962,111,12,1,3,0,0,0,2,0,0,2,12,1,0,0,0,0,0,0
DreamWorks Animation SKG,2009,104770457523,13,163,2426,15538,15538,386,75,0,24,11,0,86,20,86,5,44,87,2,29,1,0,0,0,0
DreamWorks Animation SKG,2010,104770457523,13,284,10391,84488,84490,5765,106,1,74,20,0,157,33,157,4,125,129,1,28,0,0,0,0,1
DreamWorks Animation SKG,2011,104770457523,13,7,275,3357,3357,359,4,0,2,0,0,2,1,2,0,3,4,0,0,0,0,0,0,0
DreamWorks Animation SKG,2012,104770457523,13,462,23036,572889,572895,50912,83,7,101,18,11,315,42,290,0,346,103,0,12,0,0,0,0,1
DreamWorks Animation SKG,2013,104770457523,13,317,28952,1345527,1345535,60312,69,3,58,51,0,225,33,225,0,192,120,1,4,0,0,0,0,0
DreamWorks Animation SKG,2014,104770457523,13,407,30782,1887909,1887987,61800,21,9,69,41,0,164,53,164,166,321,61,23,2,0,0,0,0,0
DreamWorks Animation SKG,2015,104770457523,13,288,11721,660234,660876,19243,21,31,44,69,0,92,67,92,125,175,90,23,0,0,0,0,0,0
DreamWorks Animation SKG,2016,104770457523,13,42,534,24732,25544,281,2,8,3,24,0,21,8,21,5,16,26,0,0,0,0,0,0,0
Kimpton Hotels & Restaurants,2008,51530158577,15,104,678,904,904,6,56,5,30,0,0,0,3,0,0,8,56,0,35,0,5,0,0,0
Kimpton Hotels & Restaurants,2009,51530158577,15,257,1231,2669,2669,6,187,8,71,3,0,9,14,9,0,23,182,2,38,0,10,2,0,0
Kimpton Hotels & Restaurants,2010,51530158577,15,238,1018,3972,3972,103,163,1,65,3,1,36,5,36,0,36,168,1,31,0,1,0,0,1
Kimpton Hotels & Restaurants,2012,51530158577,15,367,2230,13466,13466,2153,107,4,115,16,0,113,7,113,13,219,122,1,23,0,0,0,0,2
Kimpton Hotels & Restaurants,2013,51530158577,15,336,3520,25383,25383,3283,30,5,59,6,2,141,11,142,52,286,34,3,12,0,0,0,0,1
Kimpton Hotels & Restaurants,2014,51530158577,15,231,2883,34758,34758,1662,12,3,33,6,1,110,26,110,12,194,18,18,1,0,0,0,0,0
Kimpton Hotels & Restaurants,2015,51530158577,15,124,2072,27423,27678,3218,6,2,9,0,0,64,9,64,6,110,6,7,1,0,0,0,0,0
Kimpton Hotels & Restaurants,2016,51530158577,15,3,31,461,483,17,0,0,0,0,0,2,0,2,0,3,0,0,0,0,0,0,0,0
JM Family Enterprises,2015,215824265320,16,34,17,1139,1164,182,9,4,22,3,0,9,5,9,0,21,11,2,0,0,0,0,0,0
JM Family Enterprises,2016,215824265320,16,16,132,1826,1937,184,1,2,6,0,0,3,0,3,9,12,1,0,3,0,0,0,0,0
Chesapeake Energy,2012,201579567564,17,543,1865,22339,22339,2574,345,88,247,14,3,63,50,63,299,112,280,0,66,78,0,0,6,1
Chesapeake Energy,2013,201579567564,17,253,660,13777,13777,1907,109,13,140,6,3,53,23,53,52,140,100,1,11,0,0,0,1,0
Chesapeake Energy,2014,201579567564,17,81,142,4206,4206,401,27,4,41,6,0,18,6,18,22,52,27,0,2,0,0,0,0,0
Chesapeake Energy,2015,201579567564,17,14,26,382,382,47,0,3,10,2,0,4,3,4,2,9,2,2,1,0,0,0,0,0
Chesapeake Energy,2016,201579567564,17,1,0,8,8,1,0,0,1,0,0,0,0,0,0,1,0,0,0,0,0,0,0,0
USAA,2008,161179599992,18,5,36,49,49,0,3,0,4,0,0,0,0,0,0,0,3,0,2,0,0,0,0,0
USAA,2009,161179599992,18,161,112,406,406,0,83,2,114,0,0,0,11,0,22,5,72,7,66,11,0,0,0,0
USAA,2010,161179599992,18,194,198,630,630,16,126,2,120,1,0,5,4,5,113,10,49,0,59,76,0,0,0,0
USAA,2011,161179599992,18,5,1,13,13,0,4,0,4,0,0,0,0,0,5,0,2,0,1,2,0,0,0,0
USAA,2012,161179599992,18,172,158,1428,1428,183,123,49,123,5,9,8,9,7,44,23,60,2,20,28,0,0,39,0
USAA,2013,161179599992,18,222,232,2927,2929,834,122,32,141,8,5,20,21,20,111,85,112,0,7,0,0,0,18,0
USAA,2014,161179599992,18,388,1031,14914,14914,4723,204,22,238,6,1,43,31,44,217,167,209,0,11,0,0,0,1,0
USAA,2015,161179599992,18,218,793,7290,7379,4922,105,1,135,2,0,37,6,37,121,106,107,1,4,0,0,0,0,0
USAA,2016,161179599992,18,27,86,716,737,421,11,0,17,0,0,1,1,1,27,16,11,0,0,0,0,0,0,0
Robert W. Baird,2009,148731991811588,19,1,0,0,0,0,1,1,1,0,0,0,0,0,0,0,0,0,0,0,0,0,0,1
Robert W. Baird,2010,148731991811588,19,113,0,173,173,1,69,1,113,0,0,3,0,3,89,0,20,0,7,49,0,0,0,37
Robert W. Baird,2011,148731991811588,19,1,0,8,8,0,0,0,1,0,0,0,0,0,1,0,0,0,1,0,0,0,0,0
Robert W. Baird,2012,148731991811588,19,121,25,833,833,41,71,6,108,4,2,43,7,43,28,25,59,0,25,11,0,0,0,1
Robert W. Baird,2013,148731991811588,19,149,61,1893,1893,199,82,2,102,9,7,92,12,92,29,57,81,0,10,0,0,0,0,1
Robert W. Baird,2014,148731991811588,19,178,66,3602,3602,520,110,1,111,8,3,78,21,78,51,64,113,0,1,0,0,0,0,0
Robert W. Baird,2015,148731991811588,19,86,31,2082,2100,469,30,0,64,6,1,24,6,24,17,50,35,0,1,0,0,0,0,0
Robert W. Baird,2016,148731991811588,19,10,3,121,125,50,5,0,7,0,0,1,1,1,5,5,5,0,0,0,0,0,0,0
Container Store,2008,59375573322,20,70,1411,1458,1458,11,22,4,13,0,0,0,5,0,0,34,12,5,19,0,0,0,0,0
Container Store,2009,59375573322,20,280,3842,6507,6507,21,153,1,38,0,0,14,15,14,9,95,99,15,68,3,0,0,0,0
Container Store,2010,59375573322,20,425,5517,13138,13138,493,241,1,70,0,0,43,16,43,36,101,193,14,92,15,0,0,0,10
Container Store,2011,59375573322,20,31,634,1006,1006,19,17,0,5,0,0,1,0,1,5,5,14,0,11,1,0,0,0,0
Container Store,2012,59375573322,20,460,7346,49142,49143,5989,195,45,94,3,1,38,12,36,17,219,146,10,70,1,0,0,12,2
Container Store,2013,59375573322,20,468,4660,89041,89041,8201,59,21,95,8,0,48,10,48,101,342,47,2,71,1,0,0,5,0
Container Store,2014,59375573322,20,603,4194,189251,189251,13455,35,23,192,6,0,49,34,49,308,501,41,29,32,0,0,0,0,0
Container Store,2015,59375573322,20,389,3031,147551,148172,9814,12,5,114,2,0,53,30,53,162,343,14,28,4,0,0,0,0,0
Container Store,2016,59375573322,20,50,483,24499,24585,1705,1,0,13,0,0,9,6,9,0,44,1,5,0,0,0,0,0,0
Qualcomm,2008,115831370196,21,13,19,79,79,16,4,1,9,0,0,0,7,0,0,3,3,7,0,0,0,0,0,0
Qualcomm,2009,115831370196,21,92,66,305,305,0,45,7,69,3,0,0,13,0,0,12,43,3,34,0,0,0,0,0
Qualcomm,2010,115831370196,21,61,36,236,236,18,39,2,47,2,0,1,3,1,0,7,39,0,15,0,0,0,0,0
Qualcomm,2011,115831370196,21,1,1,2,2,0,0,0,0,0,0,0,0,0,0,0,0,0,1,0,0,0,0,0
Qualcomm,2012,115831370196,21,107,114,1642,1642,599,61,4,65,0,0,0,9,0,19,38,60,0,2,0,6,0,1,0
Qualcomm,2013,115831370196,21,190,220,5216,5216,583,83,10,122,4,0,5,13,5,76,90,86,0,1,0,13,0,0,0
Qualcomm,2014,115831370196,21,142,116,2670,2671,149,23,12,91,4,0,3,5,3,51,107,26,0,6,0,3,0,0,0
Qualcomm,2015,115831370196,21,61,36,865,870,51,10,2,40,2,0,2,5,2,12,47,12,1,0,0,1,0,0,0
Qualcomm,2016,115831370196,21,5,1,10,10,0,0,0,4,0,0,0,0,0,0,5,0,0,0,0,0,0,0,0
Alston & Bird,2008,109329898949,22,5,0,5,5,0,0,0,5,0,0,0,0,0,0,2,0,0,3,0,0,0,0,0
Alston & Bird,2009,109329898949,22,28,0,16,16,0,4,1,28,0,0,0,0,0,0,4,4,0,20,0,0,0,0,0
Alston & Bird,2010,109329898949,22,36,0,11,11,1,8,2,36,0,0,0,0,0,0,5,8,0,23,0,0,0,0,0
Alston & Bird,2012,109329898949,22,20,0,33,33,5,5,2,20,0,0,0,0,0,0,3,6,0,11,0,0,0,0,0
Alston & Bird,2013,109329898949,22,6,3,47,47,2,5,0,4,0,0,0,0,0,0,0,5,0,1,0,0,0,0,0
Alston & Bird,2014,109329898949,22,5,2,11,11,1,4,0,3,0,0,1,0,1,0,0,4,0,1,0,0,0,0,0
Alston & Bird,2015,109329898949,22,6,0,6,6,0,6,0,6,0,0,0,0,0,0,0,6,0,0,0,0,0,0,0
Ultimate Software,2008,29660886831,23,70,12,114,114,0,70,0,64,0,0,0,0,0,0,0,70,0,0,0,0,0,0,0
Ultimate Software,2009,29660886831,23,171,33,375,377,1,98,0,159,1,0,0,5,0,2,71,93,2,3,2,0,0,0,0
Ultimate Software,2010,29660886831,23,162,86,1097,1097,46,83,2,132,1,2,14,7,14,1,51,81,2,23,1,0,0,0,4
Ultimate Software,2011,29660886831,23,2,3,19,19,0,1,0,2,0,0,1,0,1,0,1,1,0,0,0,0,0,0,0
Ultimate Software,2012,29660886831,23,217,288,4422,4422,512,113,25,162,6,1,43,17,43,0,83,102,1,10,0,0,0,17,4
Ultimate Software,2013,29660886831,23,251,543,9373,9373,1211,81,10,166,4,1,41,13,41,0,157,77,5,4,0,0,0,7,1
Ultimate Software,2014,29660886831,23,346,602,16404,16404,2415,170,6,200,2,4,61,30,61,93,159,170,12,5,0,0,0,0,0
Ultimate Software,2015,29660886831,23,241,443,16027,16315,3532,147,1,159,1,2,33,13,33,144,85,146,8,2,0,0,0,0,0
Ultimate Software,2016,29660886831,23,33,116,4615,4783,871,18,0,17,0,0,5,5,5,17,12,18,3,0,0,0,0,0,0
Burns & McDonnell,2010,193157160706830,24,363,11,29,29,7,354,0,357,0,0,10,1,10,0,0,354,0,9,0,0,0,0,0
Burns & McDonnell,2011,193157160706830,24,13,0,3,3,0,13,0,13,0,0,0,0,0,0,0,13,0,0,0,0,0,0,0
Burns & McDonnell,2012,193157160706830,24,692,25,558,558,172,603,55,676,47,0,51,8,51,46,42,601,0,3,46,0,0,0,0
Burns & McDonnell,2013,193157160706830,24,963,51,980,980,174,835,5,926,28,0,36,2,36,16,85,868,0,10,0,0,0,0,0
Burns & McDonnell,2014,193157160706830,24,1089,21,1174,1174,247,1015,6,1032,6,0,64,2,64,379,57,1023,1,8,0,0,0,0,0
Burns & McDonnell,2015,193157160706830,24,632,11,638,642,235,615,4,605,3,1,22,0,22,320,13,618,0,0,0,0,0,0,1
Burns & McDonnell,2016,193157160706830,24,69,1,49,49,27,69,0,68,0,0,0,0,0,22,0,69,0,0,0,0,0,0,0
Salesforce.com,2007,5634829153,25,3,0,6,6,4,0,1,3,0,0,0,3,0,0,0,0,3,0,0,0,0,0,0
Salesforce.com,2008,5634829153,25,33,104,472,472,10,20,10,17,0,0,0,8,0,0,8,18,2,5,0,0,0,0,0
Salesforce.com,2009,5634829153,25,160,623,3429,3429,25,137,11,51,2,0,5,14,5,0,21,135,0,4,0,0,0,0,0
Salesforce.com,2010,5634829153,25,143,1193,9273,9273,528,110,6,43,1,1,0,15,0,5,45,86,2,1,5,0,0,0,4
Salesforce.com,2011,5634829153,25,3,6,233,233,40,2,1,2,0,0,0,0,0,0,1,2,0,0,0,0,0,0,0
Salesforce.com,2012,5634829153,25,313,7911,116981,116981,14598,60,22,102,14,4,78,14,78,51,242,58,0,5,0,0,0,0,8
Salesforce.com,2013,5634829153,25,464,5683,94085,94085,11342,27,2,207,4,1,113,11,113,209,434,23,2,3,0,0,0,0,2
Salesforce.com,2014,5634829153,25,414,1613,32412,32415,4864,73,3,169,0,0,30,12,30,307,335,70,7,2,0,0,0,0,0
Salesforce.com,2015,5634829153,25,231,914,15405,15583,2634,88,1,58,0,0,18,11,18,217,136,87,8,0,0,0,0,0,0
Salesforce.com,2016,5634829153,25,23,107,1260,1282,271,9,0,5,0,0,5,1,5,20,13,9,1,0,0,0,0,0,0
PCL Construction Enterprises,2012,109150299248234,26,58,86,1116,1116,97,27,5,37,2,1,3,2,4,0,26,27,0,3,0,2,0,0,0
PCL Construction Enterprises,2013,109150299248234,26,358,424,7519,7519,546,200,22,207,20,1,55,32,57,6,125,217,1,15,0,0,0,0,0
PCL Construction Enterprises,2014,109150299248234,26,470,547,13285,13285,1075,221,48,258,45,2,161,33,162,0,192,261,2,14,0,0,0,1,0
PCL Construction Enterprises,2015,109150299248234,26,253,305,7840,7874,1101,116,26,137,43,0,96,27,96,1,92,158,1,2,0,0,0,0,0
PCL Construction Enterprises,2016,109150299248234,26,29,50,1066,1075,215,16,1,23,3,1,16,4,16,1,13,16,0,0,0,0,0,0,0
Scottrade,2007,15601935371,27,1,0,0,0,0,0,0,1,0,0,0,0,0,0,0,0,0,0,0,0,1,0,0
Scottrade,2008,15601935371,27,101,147,269,269,4,33,4,66,0,0,0,2,0,7,6,31,2,45,2,0,15,0,0
Scottrade,2009,15601935371,27,307,616,944,950,16,77,3,166,0,0,0,14,0,61,14,69,8,164,15,0,6,0,31
Scottrade,2010,15601935371,27,372,1547,2144,2144,27,240,1,151,2,0,2,5,2,189,10,83,1,109,155,0,0,0,14
Scottrade,2011,15601935371,27,11,27,103,103,6,5,0,5,0,0,0,0,0,9,0,1,0,6,4,0,0,0,0
Scottrade,2012,15601935371,27,313,3455,10415,10415,840,159,3,95,1,0,0,2,0,160,83,36,1,61,124,0,0,0,8
Scottrade,2013,15601935371,27,351,4668,22434,22434,2073,30,0,82,0,0,1,10,1,172,131,30,6,176,0,0,0,0,8
Scottrade,2014,15601935371,27,376,4254,50521,50521,4263,32,2,84,0,0,2,10,2,355,198,32,5,141,0,0,0,0,0
Scottrade,2015,15601935371,27,206,2235,48545,48764,3739,49,0,30,0,0,2,12,2,186,96,49,12,49,0,0,0,0,0
Scottrade,2016,15601935371,27,21,736,8866,9004,847,5,0,2,0,0,0,2,0,18,7,5,2,7,0,0,0,0,0
Whole Foods Market,2012,525560857527063,28,4,0,3,3,0,4,0,4,0,0,0,0,0,0,0,4,0,0,0,0,0,0,0
Whole Foods Market,2013,525560857527063,28,168,180,3809,3809,359,81,2,79,58,3,64,22,64,21,28,139,0,1,0,0,0,0,0
Whole Foods Market,2014,525560857527063,28,491,706,14833,14833,2124,211,6,196,159,6,227,43,227,190,120,370,0,1,0,0,0,0,0
Whole Foods Market,2015,525560857527063,28,285,417,8478,8550,1369,85,4,141,96,0,104,25,104,141,103,181,1,0,0,0,0,0,0
Whole Foods Market,2016,525560857527063,28,27,37,527,538,86,6,0,20,11,0,4,4,4,11,10,17,0,0,0,0,0,0,0
Nugget Market,2009,260624001193,30,313,1213,1867,1867,2,70,0,73,0,0,0,6,0,1,223,69,6,14,1,0,0,0,0
Nugget Market,2010,260624001193,30,365,744,2272,2272,109,149,4,157,6,0,5,6,5,2,188,162,0,14,0,0,0,0,1
Nugget Market,2011,260624001193,30,1,1,17,17,0,0,0,0,0,0,0,0,0,0,0,0,0,1,0,0,0,0,0
Nugget Market,2012,260624001193,30,282,421,2667,2667,336,113,5,163,1,0,10,1,10,2,158,113,1,9,0,0,0,1,0
Nugget Market,2013,260624001193,30,262,353,4437,4437,790,97,6,148,0,0,9,4,9,0,152,98,0,12,0,0,0,0,0
Nugget Market,2014,260624001193,30,301,687,18245,18245,1313,206,8,130,1,0,8,2,8,0,89,206,1,5,0,0,0,0,0
Nugget Market,2015,260624001193,30,269,789,23272,23518,2089,234,8,83,0,0,2,1,2,0,33,227,1,2,0,0,0,6,0
Nugget Market,2016,260624001193,30,43,78,3574,3628,300,39,3,11,0,0,2,1,2,0,3,38,1,0,0,0,0,1,0
Millennium: The Takeda Oncology Company,2010,201874996515231,31,32,10,197,197,15,24,11,27,0,0,0,6,0,0,8,22,0,0,0,0,0,0,2
Millennium: The Takeda Oncology Company,2011,201874996515231,31,1,0,3,3,0,1,0,1,0,0,0,1,0,0,0,1,0,0,0,0,0,0,0
Millennium: The Takeda Oncology Company,2012,201874996515231,31,236,60,1723,1723,137,120,13,204,0,0,1,21,1,0,108,121,0,7,0,0,0,0,0
Millennium: The Takeda Oncology Company,2013,201874996515231,31,169,33,1446,1446,149,91,11,143,0,1,1,11,1,0,87,71,2,9,0,0,0,0,0
Millennium: The Takeda Oncology Company,2014,201874996515231,31,84,27,746,746,73,31,5,68,0,2,5,6,5,0,42,30,0,12,0,0,0,0,0
Millennium: The Takeda Oncology Company,2015,201874996515231,31,65,24,979,985,208,13,2,44,10,1,17,7,17,0,36,23,4,2,0,0,0,0,0
Millennium: The Takeda Oncology Company,2016,201874996515231,31,11,3,163,164,17,4,0,8,0,0,4,2,4,0,5,4,2,0,0,0,0,0,0
Southern Ohio Medical Center,2012,220886824589689,32,271,716,6724,6725,1389,77,7,177,1,11,0,10,0,236,135,49,0,69,11,0,0,0,7
Southern Ohio Medical Center,2013,220886824589689,32,320,888,12611,12613,5257,107,6,182,3,6,3,19,4,255,160,83,12,62,0,0,0,2,1
Southern Ohio Medical Center,2014,220886824589689,32,247,527,5531,5532,2478,66,17,179,8,1,4,12,4,186,148,63,7,29,0,0,0,0,0
Southern Ohio Medical Center,2015,220886824589689,32,153,173,3130,3145,1365,32,9,108,1,0,0,4,0,115,107,26,3,14,0,0,0,3,0
Southern Ohio Medical Center,2016,220886824589689,32,24,111,581,593,177,8,0,18,0,0,0,2,0,22,10,8,2,4,0,0,0,0,0
St. Jude Children's Research Hospital,2012,6435441794,34,324,76053,3828841,3828843,283261,82,5,58,4,0,136,14,137,1,217,88,2,13,0,0,0,0,4
St. Jude Children's Research Hospital,2013,6435441794,34,453,94100,6757770,6757783,465581,61,12,64,10,2,175,9,175,79,388,61,0,4,0,0,0,0,0
St. Jude Children's Research Hospital,2014,6435441794,34,381,76677,5646406,5646476,343510,56,4,73,22,0,119,16,119,204,305,73,1,2,0,0,0,0,0
St. Jude Children's Research Hospital,2015,6435441794,34,85,11660,863694,865881,58565,29,0,23,7,0,17,12,17,68,49,36,0,0,0,0,0,0,0
SVB Financial Group,2007,17979232866,35,7,0,0,0,0,0,0,7,0,0,0,0,0,0,0,0,0,0,0,7,0,0,0
SVB Financial Group,2008,17979232866,35,95,4,12,12,0,9,2,92,0,0,0,0,0,0,5,9,0,4,0,76,1,0,0
SVB Financial Group,2009,17979232866,35,77,10,49,49,0,34,2,71,0,0,0,1,0,24,6,34,0,28,0,9,0,0,0
SVB Financial Group,2010,17979232866,35,205,43,500,502,55,148,1,186,8,0,56,3,56,38,13,148,1,35,7,0,0,0,1
SVB Financial Group,2012,17979232866,35,248,126,2331,2331,283,133,11,181,25,11,148,18,147,5,89,146,2,8,1,0,0,1,1
SVB Financial Group,2013,17979232866,35,264,209,4457,4457,431,143,3,154,17,10,138,26,135,59,105,150,1,5,0,0,0,1,2
SVB Financial Group,2014,17979232866,35,167,119,3647,3647,351,79,1,101,9,4,79,9,79,114,79,85,0,3,0,0,0,0,0
SVB Financial Group,2015,17979232866,35,76,50,2310,2320,269,35,4,52,4,2,37,4,36,62,41,35,0,0,0,0,0,0,0
SVB Financial Group,2016,17979232866,35,3,5,45,45,4,0,0,2,0,0,0,0,0,3,3,0,0,0,0,0,0,0,0
Adobe,2012,305115773870,36,585,4590,60532,60533,11367,152,14,238,10,2,154,29,154,309,411,127,1,12,31,0,0,0,3
Adobe,2013,305115773870,36,625,6077,120710,120711,18788,43,9,208,16,1,94,34,93,561,570,31,21,3,0,0,0,0,0
Adobe,2014,305115773870,36,491,2045,62735,62742,10246,86,2,162,4,0,42,26,38,452,462,5,24,0,0,0,0,0,0
Adobe,2015,305115773870,36,218,630,24688,25041,3071,69,1,81,2,1,5,17,5,200,197,6,14,1,0,0,0,0,0
Adobe,2016,305115773870,36,27,39,8097,8269,386,15,0,10,0,0,0,0,0,26,27,0,0,0,0,0,0,0,0
Baptist Health South Florida,2008,127900310965,37,22,10,54,54,0,10,2,18,0,0,0,1,0,0,9,9,1,1,0,2,0,0,0
Baptist Health South Florida,2009,127900310965,37,81,75,479,479,2,24,6,52,1,0,0,2,0,0,35,24,2,5,0,15,0,0,0
Baptist Health South Florida,2010,127900310965,37,408,446,3460,3460,119,133,17,240,32,3,88,12,88,0,151,153,0,74,0,22,1,0,7
Baptist Health South Florida,2011,127900310965,37,39,65,506,506,8,0,2,20,1,0,1,0,1,0,20,1,0,18,0,0,0,0,0
Baptist Health South Florida,2012,127900310965,37,280,314,8458,8458,1051,71,13,160,30,10,86,8,86,11,148,94,0,36,0,2,0,0,0
Baptist Health South Florida,2013,127900310965,37,466,613,15689,15689,2894,108,11,299,12,7,45,18,44,221,228,111,1,123,0,0,0,0,3
Baptist Health South Florida,2014,127900310965,37,498,738,19707,19707,3288,115,9,280,2,14,45,15,46,316,223,112,1,162,0,0,0,0,0
Baptist Health South Florida,2015,127900310965,37,194,446,9891,10012,1711,80,7,87,1,6,20,4,20,80,57,79,0,58,0,0,0,0,0
Baptist Health South Florida,2016,127900310965,37,16,20,555,568,113,6,1,5,1,1,3,0,3,9,5,6,0,5,0,0,0,0,0
Novo Nordisk,2010,105548031768,38,57,126,1582,1582,312,48,15,29,0,0,0,15,0,0,7,49,0,0,0,1,0,0,0
Novo Nordisk,2011,105548031768,38,2,9,100,100,24,2,1,1,0,0,0,2,0,0,0,2,0,0,0,0,0,0,0
Novo Nordisk,2012,105548031768,38,161,1168,36365,36365,5142,89,8,74,9,1,1,35,1,8,55,92,0,5,3,0,0,0,6
Novo Nordisk,2013,105548031768,38,221,1207,101423,101423,5083,57,14,116,26,1,13,26,13,37,115,84,4,3,14,0,0,0,1
Novo Nordisk,2014,105548031768,38,182,636,117158,117160,6039,37,11,77,7,6,13,36,13,2,122,36,24,0,0,0,0,0,0
Novo Nordisk,2015,105548031768,38,91,815,240795,241066,4792,37,5,25,6,2,18,22,18,0,37,37,17,0,0,0,0,0,0
Novo Nordisk,2016,105548031768,38,10,33,1746,1765,266,7,0,2,1,0,1,1,1,0,2,8,0,0,0,0,0,0,0
Balfour Beatty Construction,2009,114292728603934,39,2,0,0,0,0,2,2,2,0,0,0,0,0,0,0,2,0,0,0,0,0,0,0
Balfour Beatty Construction,2010,114292728603934,39,8,2,18,18,1,7,0,8,0,0,0,1,0,0,0,7,0,1,0,0,0,0,0
Balfour Beatty Construction,2012,114292728603934,39,86,134,1141,1141,104,21,1,54,0,1,1,1,1,39,21,18,0,11,0,1,0,0,35
Balfour Beatty Construction,2013,114292728603934,39,98,193,2346,2346,185,28,16,60,8,2,16,2,16,7,58,29,0,9,0,0,0,0,2
Balfour Beatty Construction,2014,114292728603934,39,89,224,2426,2428,284,9,12,39,5,0,21,0,21,0,65,14,0,10,0,0,0,0,0
Balfour Beatty Construction,2015,114292728603934,39,50,118,1465,1475,257,16,3,28,6,0,8,12,8,6,17,22,10,1,0,0,0,0,0
Balfour Beatty Construction,2016,114292728603934,39,10,11,283,286,26,3,0,5,0,0,0,2,0,1,5,3,2,0,0,0,0,0,0
National Instruments,2008,19822934020,40,28,16,163,163,7,19,1,21,0,0,0,1,0,0,1,17,0,5,0,1,3,0,1
National Instruments,2009,19822934020,40,105,65,673,673,2,63,0,83,0,0,1,3,1,25,1,62,0,42,0,0,0,0,0
National Instruments,2010,19822934020,40,137,63,1246,1246,51,108,1,96,1,0,3,12,3,3,2,110,7,18,0,0,0,0,0
National Instruments,2012,19822934020,40,219,534,8504,8504,1415,136,8,119,3,4,12,17,12,135,64,114,4,13,24,0,0,0,0
National Instruments,2013,19822934020,40,297,808,19801,19801,4262,149,5,159,13,1,9,46,9,244,112,160,19,6,0,0,0,0,0
National Instruments,2014,19822934020,40,357,377,16392,16392,2653,208,4,224,4,1,24,51,24,332,108,208,24,14,1,0,0,2,0
National Instruments,2015,19822934020,40,242,285,22318,22660,2609,151,2,142,3,1,39,34,39,219,70,153,13,6,0,0,0,0,0
National Instruments,2016,19822934020,40,26,69,7236,7287,364,22,0,18,1,0,7,3,7,24,3,23,0,0,0,0,0,0,0
Intel,2007,22707976849,41,39,2,97,97,1,0,0,38,0,0,0,0,0,0,0,0,0,0,0,39,0,0,0
Intel,2008,22707976849,41,326,909,4391,4459,171,57,5,217,0,0,1,25,1,1,3,59,22,6,1,234,1,0,0
Intel,2009,22707976849,41,342,8931,26238,26276,712,52,2,121,0,0,0,50,0,24,5,51,44,108,18,111,0,0,5
Intel,2010,22707976849,41,262,45490,341303,341344,14376,95,13,59,1,0,1,23,1,87,52,55,13,77,64,0,0,0,1
Intel,2011,22707976849,41,31,5961,56967,56967,2157,10,2,6,0,0,0,1,0,6,17,5,0,3,6,0,0,0,0
Intel,2012,22707976849,41,347,262504,9562260,9562289,692423,61,38,65,2,25,5,7,5,210,254,25,3,17,43,0,0,3,2
Intel,2013,22707976849,41,312,258567,17371261,17371264,644757,16,20,28,0,0,9,19,9,261,280,6,15,2,0,0,0,9,0
Intel,2014,22707976849,41,380,50624,10640590,10641225,195773,50,16,57,3,3,33,87,32,322,266,22,77,0,0,0,0,15,0
Intel,2015,22707976849,41,295,27181,4784725,4802368,177258,37,9,33,5,4,32,114,30,238,165,19,110,1,0,0,0,0,0
Intel,2016,22707976849,41,70,7674,598086,601832,33703,1,0,9,1,0,16,24,16,57,44,2,24,0,0,0,0,0,0
American Fidelity Assurance,2012,333011163569,42,330,66,1843,1843,79,106,1,301,0,0,14,5,14,217,6,69,0,220,35,0,0,0,0
American Fidelity Assurance,2013,333011163569,42,452,157,4254,4254,380,56,5,380,2,2,101,3,101,37,50,56,0,346,0,0,0,0,0
American Fidelity Assurance,2014,333011163569,42,420,101,5084,5084,557,15,10,343,13,0,96,11,96,4,228,27,5,160,0,0,0,0,0
American Fidelity Assurance,2015,333011163569,42,237,76,2714,2733,457,10,8,190,8,0,46,11,46,1,188,17,9,23,0,0,0,0,0
American Fidelity Assurance,2016,333011163569,42,21,8,330,336,136,2,0,16,1,0,5,2,5,0,16,3,1,1,0,0,0,0,0
PricewaterhouseCoopers,2009,232561027513,43,106,85,993,993,3,96,0,74,0,0,0,6,0,0,0,96,1,9,0,0,0,0,0
PricewaterhouseCoopers,2010,232561027513,43,169,318,2538,2538,74,133,4,88,1,0,0,11,0,0,21,130,0,18,0,0,0,0,0
PricewaterhouseCoopers,2011,232561027513,43,2,1,14,14,0,2,0,1,0,0,0,0,0,0,0,2,0,0,0,0,0,0,0
PricewaterhouseCoopers,2012,232561027513,43,309,527,14403,14403,818,149,24,176,4,8,4,15,6,5,104,141,0,52,2,3,0,2,5
PricewaterhouseCoopers,2013,232561027513,43,199,351,17707,17707,1262,110,7,102,5,3,17,11,22,33,67,102,3,25,0,0,0,1,1
PricewaterhouseCoopers,2014,232561027513,43,270,320,18512,18512,2039,140,3,160,6,3,19,32,26,156,96,129,22,23,0,0,0,0,0
PricewaterhouseCoopers,2015,232561027513,43,187,229,10989,11054,1778,87,4,117,1,0,3,17,3,146,80,87,13,7,0,0,0,0,0
PricewaterhouseCoopers,2016,232561027513,43,22,33,1403,1415,207,8,0,13,0,0,0,0,0,21,14,8,0,0,0,0,0,0,0
Children's Healthcare of Atlanta,2009,356527358185,44,185,780,3981,3982,23,137,3,46,3,0,15,27,15,0,45,137,0,3,0,0,0,0,0
Children's Healthcare of Atlanta,2010,356527358185,44,390,1901,10450,10450,759,267,15,130,14,0,82,45,83,0,102,281,0,6,0,0,0,0,1
Children's Healthcare of Atlanta,2011,356527358185,44,21,86,638,638,82,15,2,10,0,1,5,5,5,0,6,15,0,0,0,0,0,0,0
Children's Healthcare of Atlanta,2012,356527358185,44,437,3571,111401,111401,13706,188,15,109,25,2,91,45,91,0,219,215,0,3,0,0,0,0,0
Children's Healthcare of Atlanta,2013,356527358185,44,366,71746,4782773,4782778,108004,31,29,37,34,0,108,8,112,0,293,65,3,5,0,0,0,0,0
Children's Healthcare of Atlanta,2014,356527358185,44,352,75381,2710378,2710434,432072,23,10,30,12,0,64,4,65,0,311,34,2,5,0,0,0,0,0
Children's Healthcare of Atlanta,2015,356527358185,44,160,22121,957157,970579,242114,12,5,10,4,0,23,7,23,0,138,16,5,1,0,0,0,0,0
Children's Healthcare of Atlanta,2016,356527358185,44,13,1318,52538,55997,3392,2,0,2,0,0,1,0,1,0,9,2,0,2,0,0,0,0,0
World Wide Technology,2008,75577218799,45,13,1,6,6,0,11,1,12,0,0,0,0,0,0,4,8,0,1,0,0,0,0,0
World Wide Technology,2009,75577218799,45,28,9,52,52,0,14,5,23,0,0,0,1,0,0,11,13,1,3,0,0,0,0,0
World Wide Technology,2010,75577218799,45,70,16,335,335,24,34,10,60,0,0,0,7,0,0,18,33,4,15,0,0,0,0,0
World Wide Technology,2011,75577218799,45,2,0,5,5,0,1,0,2,0,0,0,0,0,0,0,1,0,1,0,0,0,0,0
World Wide Technology,2012,75577218799,45,328,96,2240,2240,153,111,9,277,2,5,5,1,5,149,48,110,0,21,17,0,0,0,132
World Wide Technology,2013,75577218799,45,193,222,7690,7690,519,43,7,101,0,7,16,5,16,0,150,36,1,6,0,0,0,0,0
World Wide Technology,2014,75577218799,45,156,100,5001,5001,759,74,10,98,4,28,33,12,33,2,78,71,2,4,0,0,0,1,0
World Wide Technology,2015,75577218799,45,248,141,7023,7101,1062,171,20,177,5,23,62,19,61,6,65,163,7,12,0,0,0,1,0
World Wide Technology,2016,75577218799,45,43,28,1315,1325,93,32,8,23,1,5,13,5,13,0,10,32,1,0,0,0,0,0,0
Allianz Life Insurance,2012,293573224082477,46,81,3,220,220,14,57,3,79,0,0,0,0,0,0,15,55,0,10,0,0,0,1,0
Allianz Life Insurance,2013,293573224082477,46,282,55,1141,1141,74,141,5,253,2,1,0,10,0,0,127,140,1,14,0,0,0,0,0
Allianz Life Insurance,2014,293573224082477,46,253,103,1923,1923,90,83,16,208,17,1,3,8,3,1,134,99,1,18,0,0,0,0,1
Allianz Life Insurance,2015,293573224082477,46,116,53,1186,1195,53,15,3,88,17,4,0,9,0,0,77,32,5,2,0,0,0,0,0
Allianz Life Insurance,2016,293573224082477,46,9,2,89,91,5,0,0,7,1,1,0,0,0,0,7,1,0,1,0,0,0,0,0
Autodesk,2009,74463019717,47,3,7,52,52,0,2,0,1,0,0,0,0,0,0,0,2,0,1,0,0,0,0,0
Autodesk,2010,74463019717,47,63,274,806,806,45,31,9,25,0,0,0,4,0,0,10,31,1,21,0,0,0,0,0
Autodesk,2011,74463019717,47,1,5,17,17,0,0,0,0,0,0,0,0,0,0,0,0,0,1,0,0,0,0,0
Autodesk,2012,74463019717,47,194,554,2523,2523,421,112,11,100,0,1,3,24,3,2,87,100,0,7,0,0,0,0,0
Autodesk,2013,74463019717,47,229,60,1753,1759,234,178,34,196,3,2,21,7,21,119,45,175,0,9,0,0,0,0,0
Autodesk,2014,74463019717,47,355,58,3966,3969,522,205,20,318,2,15,19,24,19,269,138,199,7,11,0,0,0,0,0
Autodesk,2015,74463019717,47,120,45,3791,3794,169,62,8,91,4,4,0,15,0,99,49,63,4,4,0,0,0,0,0
Autodesk,2016,74463019717,47,2,2,130,136,3,1,0,2,0,1,0,0,0,0,2,0,0,0,0,0,0,0,0
Methodist Hospital System,2010,113508065350010,48,1,0,0,0,0,1,0,1,0,0,0,0,0,0,0,1,0,0,0,0,0,0,0
Methodist Hospital System,2012,113508065350010,48,118,11,160,162,47,82,9,109,19,3,19,5,19,0,12,99,1,5,0,0,0,1,0
Methodist Hospital System,2013,113508065350010,48,169,49,862,862,86,114,5,144,8,2,27,9,27,0,19,120,0,30,0,0,0,0,0
Methodist Hospital System,2014,113508065350010,48,122,59,1223,1223,132,89,5,98,9,0,17,6,17,0,16,98,0,8,0,0,0,0,0
Methodist Hospital System,2015,113508065350010,48,52,48,758,767,86,36,3,32,3,0,13,5,13,0,12,39,1,0,0,0,0,0,0
Methodist Hospital System,2016,113508065350010,48,1,0,4,4,2,1,0,1,0,0,0,0,0,0,0,1,0,0,0,0,0,0,0
Men's Wearhouse,2009,199928852452,50,175,572,848,848,16,118,1,64,0,0,0,0,0,0,4,117,0,54,0,0,0,0,0
Men's Wearhouse,2010,199928852452,50,265,3591,4004,4004,359,181,1,85,2,0,1,1,1,0,5,189,0,67,0,0,0,0,4
Men's Wearhouse,2011,199928852452,50,15,118,277,277,3,8,0,2,0,0,0,0,0,0,0,8,0,6,0,0,0,0,1
Men's Wearhouse,2012,199928852452,50,460,13384,244205,244206,20366,108,10,100,3,0,22,16,22,45,310,75,0,38,29,0,0,2,6
Men's Wearhouse,2013,199928852452,50,459,20412,354559,354566,28634,35,16,140,0,2,15,16,15,4,385,20,10,32,0,0,0,12,0
Men's Wearhouse,2014,199928852452,50,333,4619,125564,125564,15500,26,9,104,4,3,28,17,28,37,289,26,15,3,0,0,0,0,0
Men's Wearhouse,2015,199928852452,50,183,1711,128810,132801,4951,7,4,51,5,0,43,8,42,85,163,11,8,1,0,0,0,0,0
Men's Wearhouse,2016,199928852452,50,36,1169,40015,42220,5808,3,1,10,1,0,11,2,11,24,30,4,2,0,0,0,0,0,0
Scripps Health,2007,12150039095,51,2,0,0,0,0,0,0,2,0,0,0,0,0,0,0,0,0,0,0,0,2,0,0
Scripps Health,2008,12150039095,51,32,17,30,30,0,19,0,25,0,0,0,0,0,0,2,17,0,7,0,0,6,0,0
Scripps Health,2009,12150039095,51,204,358,624,624,0,123,0,114,0,0,0,5,0,0,15,120,0,67,0,2,0,0,0
Scripps Health,2010,12150039095,51,318,498,1198,1198,45,205,3,172,4,0,7,12,7,37,16,184,0,80,25,4,0,0,9
Scripps Health,2011,12150039095,51,10,4,37,37,2,6,0,7,0,0,0,0,0,6,2,3,0,2,3,0,0,0,0
Scripps Health,2012,12150039095,51,432,820,10265,10265,958,266,4,254,4,0,31,7,32,193,94,149,1,49,124,0,0,3,12
Scripps Health,2013,12150039095,51,311,990,14648,14648,1960,87,5,171,5,1,81,15,83,5,189,86,2,22,0,0,0,5,7
Scripps Health,2014,12150039095,51,388,1433,41165,41165,5269,211,2,200,10,5,131,33,130,1,141,214,18,14,0,0,0,1,0
Scripps Health,2015,12150039095,51,282,1573,36665,37040,5829,187,2,132,8,5,86,38,86,5,61,190,28,1,0,0,0,2,0
Scripps Health,2016,12150039095,51,43,205,5743,5818,846,39,0,19,1,0,12,1,12,0,3,40,0,0,0,0,0,0,0
Marriott International,2010,143602039041041,52,24,939,3371,3371,383,15,0,3,0,0,0,0,0,0,2,17,0,4,0,0,0,0,1
Marriott International,2011,143602039041041,52,1,6,64,64,10,1,0,0,0,0,0,0,0,0,0,1,0,0,0,0,0,0,0
Marriott International,2012,143602039041041,52,368,13901,128506,128578,15247,29,5,49,4,2,30,8,28,0,329,31,1,5,0,0,0,0,2
Marriott International,2013,143602039041041,52,398,6979,108861,108862,11825,22,5,64,3,3,56,6,56,0,372,23,3,0,0,0,0,0,0
Marriott International,2014,143602039041041,52,367,2970,83222,83232,16444,49,7,86,7,6,105,20,105,1,308,50,8,1,0,0,0,0,0
Marriott International,2015,143602039041041,52,157,1162,35051,35694,7334,55,0,33,1,2,41,14,41,1,100,53,3,1,0,0,0,0,0
Marriott International,2016,143602039041041,52,12,134,4043,4185,1393,9,0,6,0,0,2,2,2,0,4,8,0,0,0,0,0,0,0
Perkins Coie,2012,263371857101546,53,9,6,45,45,3,4,5,5,0,0,0,2,0,0,2,1,2,1,0,0,0,3,0
Perkins Coie,2013,263371857101546,53,26,11,193,193,27,18,4,17,2,0,0,5,0,1,5,19,1,1,0,0,0,0,0
Perkins Coie,2014,263371857101546,53,29,17,383,383,58,21,2,19,1,0,0,3,0,10,7,22,0,0,0,0,0,0,0
Perkins Coie,2015,263371857101546,53,15,7,257,260,42,9,0,8,0,0,0,3,0,6,4,9,0,2,0,0,0,0,0
Ernst & Young,2010,195665063800329,54,79,12,308,308,33,74,29,69,3,0,0,4,0,0,0,77,2,0,0,0,0,0,0
Ernst & Young,2011,195665063800329,54,2,0,32,32,10,1,0,2,0,0,0,1,0,0,1,0,1,0,0,0,0,0,0
Ernst & Young,2012,195665063800329,54,145,221,5875,5875,930,126,48,97,1,2,0,7,0,4,15,100,0,2,0,0,0,26,2
Ernst & Young,2013,195665063800329,54,215,270,20920,20920,2162,163,27,135,14,4,11,14,12,11,39,172,0,4,0,0,0,0,0
Ernst & Young,2014,195665063800329,54,247,439,28610,28610,3867,156,43,145,28,2,17,20,16,55,57,179,4,7,0,0,0,0,0
Ernst & Young,2015,195665063800329,54,177,399,24508,24566,5119,80,3,95,6,6,12,17,11,132,90,70,12,5,0,0,0,0,0
Ernst & Young,2016,195665063800329,54,26,52,3855,3905,989,7,2,12,2,0,0,5,0,21,14,7,5,0,0,0,0,0,0
American Express,2007,6185812851,55,1,6,13,13,0,0,0,0,0,0,0,0,0,0,0,0,0,0,0,1,0,0,0
American Express,2008,6185812851,55,62,233,1350,1350,80,6,4,26,0,0,0,6,0,0,16,3,6,4,0,33,0,0,0
American Express,2009,6185812851,55,127,6589,11413,11413,142,64,1,71,2,0,1,3,1,56,22,15,2,21,49,18,0,0,0
American Express,2010,6185812851,55,79,18998,64977,64977,319,36,5,37,0,0,1,0,1,62,8,1,0,33,34,0,0,0,3
American Express,2011,6185812851,55,4,407,1604,1604,5,3,0,3,0,0,0,1,0,3,0,0,1,0,3,0,0,0,0
American Express,2012,6185812851,55,192,18055,398358,398360,22469,41,12,52,2,5,33,12,33,79,138,16,7,5,21,0,0,2,3
American Express,2013,6185812851,55,436,11674,374962,374962,19358,58,12,84,5,4,106,56,106,190,344,50,37,5,0,0,0,0,0
American Express,2014,6185812851,55,562,10299,267030,267031,15438,45,17,54,9,3,165,94,164,326,440,35,85,2,0,0,0,0,0
American Express,2015,6185812851,55,331,3688,41967,42131,6201,20,9,43,6,1,102,53,102,220,264,20,47,0,0,0,0,0,0
American Express,2016,6185812851,55,41,384,2584,2644,297,1,0,5,0,0,9,9,9,31,32,0,9,0,0,0,0,0,0
Nordstrom,2015,12854644836,56,18,9875,1155694,1193439,25538,0,0,1,0,0,4,1,4,0,17,0,1,0,0,0,0,0,0
Nordstrom,2016,12854644836,56,5,7525,574272,601098,13783,0,0,0,0,0,2,0,2,0,5,0,0,0,0,0,0,0,0
Build-A-Bear Workshop,2007,8783725165,57,6,0,9,9,0,0,0,6,0,0,0,0,0,0,0,0,0,0,0,0,6,0,0
Build-A-Bear Workshop,2008,8783725165,57,81,1651,3651,3652,59,18,7,42,0,0,1,2,1,0,24,17,2,14,0,0,24,0,0
Build-A-Bear Workshop,2009,8783725165,57,200,21553,59472,59524,477,58,9,50,0,0,1,5,1,6,92,56,2,47,3,0,0,0,0
Build-A-Bear Workshop,2010,8783725165,57,38,3583,10716,10716,67,18,4,8,0,0,1,3,1,3,14,16,0,7,1,0,0,0,0
Build-A-Bear Workshop,2011,8783725165,57,3,197,822,822,0,2,0,0,0,0,0,0,0,3,0,2,0,0,1,0,0,0,0
Build-A-Bear Workshop,2012,8783725165,57,49,4405,109000,109000,10971,8,12,5,0,0,2,4,2,0,39,4,0,4,0,0,0,1,1
Build-A-Bear Workshop,2013,8783725165,57,165,18066,436989,436989,52631,46,35,21,2,1,6,8,6,0,129,22,1,5,0,0,0,7,1
Build-A-Bear Workshop,2014,8783725165,57,206,15587,171493,171536,42909,56,19,23,2,4,39,20,39,3,152,42,4,6,0,0,0,2,0
Build-A-Bear Workshop,2015,8783725165,57,194,16764,121284,126603,17546,26,19,14,11,2,26,23,26,73,141,37,6,10,0,0,0,0,0
Build-A-Bear Workshop,2016,8783725165,57,50,696,7318,7667,2005,3,1,6,0,0,1,1,1,45,46,3,1,0,0,0,0,0,0
General Mills,2009,163903596981363,58,17,30,17,17,0,4,0,11,0,0,2,2,2,0,0,4,1,12,0,0,0,0,0
General Mills,2010,163903596981363,58,190,484,893,893,98,95,0,73,1,0,17,13,17,5,7,94,1,84,2,0,0,0,2
General Mills,2011,163903596981363,58,1,2,4,4,0,1,0,0,0,0,0,0,0,0,0,1,0,0,0,0,0,0,0
General Mills,2012,163903596981363,58,309,951,2760,2760,422,82,7,149,5,1,55,20,55,27,136,77,0,90,4,0,0,0,2
General Mills,2013,163903596981363,58,246,395,2382,2382,336,55,3,136,8,1,41,10,41,72,156,63,1,25,0,0,0,0,1
General Mills,2014,163903596981363,58,92,244,1436,1436,397,40,4,36,5,0,7,8,7,26,37,45,4,6,0,0,0,0,0
General Mills,2015,163903596981363,58,50,115,531,531,82,27,0,19,0,2,5,2,5,8,19,27,0,4,0,0,0,0,0
General Mills,2016,163903596981363,58,2,15,22,22,6,1,0,0,0,1,0,0,0,0,1,1,0,0,0,0,0,0,0
Atlantic Health,2008,91507407676,59,17,2,3,3,0,11,3,16,0,0,0,3,0,0,1,11,3,2,0,0,0,0,0
Atlantic Health,2009,91507407676,59,59,0,13,13,0,56,1,59,0,0,0,0,0,0,0,56,0,3,0,0,0,0,0
Atlantic Health,2010,91507407676,59,63,0,25,25,3,57,0,63,0,0,0,0,0,0,0,57,0,6,0,0,0,0,0
Atlantic Health,2012,91507407676,59,147,13,155,155,32,86,44,139,19,1,0,0,0,0,11,105,0,31,0,0,0,0,0
Atlantic Health,2013,91507407676,59,133,13,221,221,41,45,66,123,42,0,0,1,0,0,15,87,0,31,0,0,0,0,0
Atlantic Health,2014,91507407676,59,83,5,114,114,16,31,45,78,28,0,1,1,1,0,9,59,0,15,0,0,0,0,0
Atlantic Health,2015,91507407676,59,12,1,55,55,7,5,6,11,2,0,0,0,0,0,3,7,0,2,0,0,0,0,0
Atlantic Health,2016,91507407676,59,2,0,1,1,0,1,0,2,0,0,0,0,0,0,0,1,0,1,0,0,0,0,0
QuikTrip,2009,5890187327,60,44,16762,25018,25018,34,6,1,4,0,0,0,0,0,0,8,7,0,29,0,0,0,0,0
QuikTrip,2010,5890187327,60,61,26815,67781,67781,785,4,0,1,0,0,0,0,0,0,17,4,0,38,0,0,0,0,2
QuikTrip,2011,5890187327,60,1,94,485,485,0,0,0,0,0,0,0,0,0,0,0,0,0,1,0,0,0,0,0
QuikTrip,2012,5890187327,60,188,37187,196253,196253,14539,21,11,28,0,3,6,0,6,36,107,14,0,48,0,0,0,7,12
QuikTrip,2013,5890187327,60,284,47241,229763,229763,15040,8,8,43,2,1,6,4,6,196,169,10,3,97,0,0,0,0,5
QuikTrip,2014,5890187327,60,314,77950,222383,222407,47792,9,24,42,5,0,13,29,13,276,235,11,25,42,0,0,0,1,0
QuikTrip,2015,5890187327,60,231,12418,137375,138795,24881,3,21,24,0,0,13,40,13,191,186,3,37,5,0,0,0,0,0
QuikTrip,2016,5890187327,60,26,660,9410,9483,1940,0,1,4,0,0,4,6,4,19,20,0,6,0,0,0,0,0,0
Deloitte,2013,667369363331771,61,50,2,144,144,13,45,0,47,0,0,0,7,0,28,3,45,0,1,1,0,0,0,0
Deloitte,2014,667369363331771,61,177,30,631,631,86,156,2,156,1,0,1,30,1,119,6,157,8,6,0,0,0,0,0
Deloitte,2015,667369363331771,61,80,8,146,146,26,68,1,71,2,0,0,20,0,62,8,69,2,0,0,0,0,1,0
Genentech,2009,146718898672043,62,73,11,65,65,0,9,0,67,0,0,0,0,0,57,0,9,0,64,0,0,0,0,0
Genentech,2010,146718898672043,62,306,105,840,840,96,178,19,258,0,0,1,5,1,46,2,178,0,117,9,0,0,0,0
Genentech,2011,146718898672043,62,1,0,0,0,0,1,1,1,0,0,0,0,0,0,0,1,0,0,0,0,0,0,0
Genentech,2012,146718898672043,62,351,82,2287,2287,265,263,2,298,0,2,2,15,2,54,25,209,0,63,54,0,0,0,0
Genentech,2013,146718898672043,62,821,207,5615,5615,670,673,131,713,3,4,14,33,14,318,117,520,0,25,159,0,0,0,0
Genentech,2014,146718898672043,62,857,154,6195,6195,776,677,247,716,14,0,27,48,27,320,157,654,1,8,36,0,0,1,0
Genentech,2015,146718898672043,62,333,69,3046,3069,569,225,46,242,13,0,13,22,13,67,90,238,5,0,0,0,0,0,0
Genentech,2016,146718898672043,62,42,6,335,347,39,24,3,24,5,0,1,2,1,9,12,29,1,0,0,0,0,0,0
Umpqua Bank,2010,136874746358544,63,135,149,443,443,65,74,0,89,4,0,7,5,7,1,12,90,0,29,0,0,0,0,4
Umpqua Bank,2012,136874746358544,63,518,6713,20350,20350,5213,235,10,219,40,6,66,14,69,0,96,286,0,135,0,0,0,0,1
Umpqua Bank,2013,136874746358544,63,423,1534,13113,13113,1583,222,10,189,16,1,113,21,114,1,67,236,0,120,0,0,0,0,0
Umpqua Bank,2014,136874746358544,63,215,1607,15602,15602,3375,95,7,93,4,0,75,20,75,0,81,92,5,33,0,0,0,4,0
Umpqua Bank,2015,136874746358544,63,90,312,6210,6347,845,45,7,43,5,3,20,10,20,4,33,42,0,10,0,0,0,5,0
Umpqua Bank,2016,136874746358544,63,12,35,1254,1261,144,6,0,6,0,0,1,2,1,2,5,6,0,1,0,0,0,0,0
Teach For America,2008,8433834471,64,75,116,953,954,3,52,6,31,0,0,0,10,0,0,0,51,8,14,0,0,1,0,1
Teach For America,2009,8433834471,64,225,514,5364,5364,1,195,7,85,0,0,22,8,22,0,7,193,0,25,0,0,0,0,0
Teach For America,2010,8433834471,64,321,951,17012,17012,3612,272,1,105,2,0,41,25,41,0,15,275,0,31,0,0,0,0,0
Teach For America,2011,8433834471,64,16,57,983,983,23,11,0,5,0,0,1,2,1,0,1,12,0,3,0,0,0,0,0
Teach For America,2012,8433834471,64,339,2653,61825,61826,38308,186,11,98,8,0,24,24,24,7,129,189,0,15,6,0,0,0,0
Teach For America,2013,8433834471,64,416,5996,228307,228307,77930,217,34,112,3,0,73,60,73,78,186,220,0,10,0,0,0,0,0
Teach For America,2014,8433834471,64,589,11277,514478,514485,173719,339,16,82,9,0,88,46,88,97,215,344,24,5,0,0,0,1,0
Teach For America,2015,8433834471,64,349,4637,225005,227512,48834,208,4,57,15,3,63,19,63,0,112,221,11,4,0,0,0,1,0
Teach For America,2016,8433834471,64,46,669,28472,28983,7902,24,0,8,2,3,10,6,10,0,15,26,4,1,0,0,0,0,0
Mayo Clinic,2007,7673082516,65,1,0,3,3,0,0,0,1,0,0,0,0,0,0,0,0,0,0,0,0,1,0,0
Mayo Clinic,2008,7673082516,65,161,304,1018,1018,38,19,0,78,0,0,0,61,0,0,0,19,61,3,0,62,16,0,0
Mayo Clinic,2009,7673082516,65,267,770,4851,4851,120,76,18,82,0,0,1,84,1,0,8,69,64,15,0,110,1,0,0
Mayo Clinic,2010,7673082516,65,616,3857,23869,23872,3221,453,233,164,3,10,11,193,11,2,30,459,47,49,0,21,0,0,10
Mayo Clinic,2011,7673082516,65,22,204,884,884,70,15,2,9,0,0,0,4,0,0,5,15,0,2,0,0,0,0,0
Mayo Clinic,2012,7673082516,65,728,14837,352852,352852,49103,483,95,148,12,1,35,102,34,149,195,490,0,32,1,0,0,9,1
Mayo Clinic,2013,7673082516,65,1588,16844,601353,601354,168478,720,41,217,66,1,103,115,103,1262,767,785,0,34,1,0,0,1,0
Mayo Clinic,2014,7673082516,65,2406,34572,1277052,1277066,367443,929,29,277,95,3,65,74,65,2246,1362,1022,3,17,1,0,0,1,0
Mayo Clinic,2015,7673082516,65,1599,23328,908845,918576,248384,747,15,243,32,0,47,49,47,1539,799,780,17,3,0,0,0,0,0
Mayo Clinic,2016,7673082516,65,239,3408,133446,136446,35676,131,1,48,2,0,5,10,5,231,102,132,4,0,0,0,0,1,0
Starbucks,2008,22092443056,67,5,239,303,303,37,0,0,0,0,0,0,3,0,0,0,0,3,0,0,2,0,0,0
Starbucks,2009,22092443056,67,122,118228,962403,962404,596,87,0,23,0,0,25,16,25,1,10,87,11,12,0,0,0,0,2
Starbucks,2010,22092443056,67,211,217701,2578989,2578990,57158,102,7,37,0,0,25,21,25,3,82,96,5,22,2,0,0,0,4
Starbucks,2011,22092443056,67,7,8581,112536,112536,275,3,0,0,0,0,2,0,2,0,1,3,0,3,0,0,0,0,0
Starbucks,2012,22092443056,67,103,120092,3235754,3235755,160119,22,5,22,0,7,5,6,5,18,77,18,0,7,0,0,0,0,1
Starbucks,2013,22092443056,67,81,46648,3891694,3891726,148476,6,0,18,0,1,2,3,2,24,71,3,3,4,0,0,0,0,0
Starbucks,2014,22092443056,67,65,55161,3589807,3589990,96848,12,1,18,0,1,2,3,2,8,50,8,3,3,0,0,0,0,1
Starbucks,2015,22092443056,67,14,17916,1036585,1042498,45748,2,0,1,0,0,0,0,0,0,14,0,0,0,0,0,0,0,0
Starbucks,2016,22092443056,67,2,6650,365159,365289,8075,0,0,0,0,0,0,0,0,0,2,0,0,0,0,0,0,0,0
Rackspace Hosting,2010,147298628669538,68,53,4,17,19,3,14,1,52,0,0,4,4,4,8,27,6,3,6,8,3,0,0,0
Rackspace Hosting,2012,147298628669538,68,16,7,19,21,9,5,1,13,0,0,1,0,1,1,9,4,0,1,1,1,0,0,0
FactSet Research Systems,2008,47276510407,69,36,16,298,298,23,19,3,25,0,0,0,3,0,0,16,10,3,4,0,3,0,0,0
FactSet Research Systems,2009,47276510407,69,256,185,1644,1644,2,106,0,160,0,0,0,4,0,0,86,79,1,89,0,1,0,0,0
FactSet Research Systems,2010,47276510407,69,378,320,3357,3357,125,132,3,223,0,7,14,12,14,0,112,111,5,150,0,0,0,0,0
FactSet Research Systems,2011,47276510407,69,9,7,34,34,3,5,1,7,0,0,0,0,0,0,2,5,0,2,0,0,0,0,0
FactSet Research Systems,2012,47276510407,69,348,315,8036,8036,584,106,14,232,1,37,28,13,29,0,134,101,1,112,0,0,0,0,0
FactSet Research Systems,2013,47276510407,69,318,242,10494,10494,716,107,16,217,1,38,32,12,32,2,134,101,0,82,0,0,0,1,0
FactSet Research Systems,2014,47276510407,69,275,118,9736,9736,520,87,17,211,4,32,33,7,36,43,124,85,2,64,0,0,0,0,0
FactSet Research Systems,2015,47276510407,69,102,77,5652,5721,350,28,4,66,0,8,13,1,13,33,53,28,0,21,0,0,0,0,0
FactSet Research Systems,2016,47276510407,69,4,4,345,352,6,0,0,2,0,0,1,0,1,0,4,0,0,0,0,0,0,0,0
Microsoft,2008,9298666412,70,50,125,522,522,6,36,15,27,0,0,0,8,0,0,4,35,8,3,0,0,0,0,0
Microsoft,2009,9298666412,70,243,682,4447,4456,1,218,9,94,0,0,0,4,0,14,0,220,0,8,14,1,0,0,0
Microsoft,2010,9298666412,70,337,1578,9218,9228,427,272,8,142,11,0,1,28,1,5,24,279,0,23,5,0,0,0,6
Microsoft,2011,9298666412,70,1,6,41,41,0,1,0,0,0,0,0,0,0,0,0,1,0,0,0,0,0,0,0
Microsoft,2012,9298666412,70,496,4305,31330,31330,7449,229,17,158,24,8,98,19,98,3,169,249,2,62,0,0,0,0,14
Microsoft,2013,9298666412,70,520,5248,60228,60228,11869,117,18,123,17,10,231,18,230,86,281,125,0,108,0,0,0,3,3
Microsoft,2014,9298666412,70,322,1661,24448,24449,3392,226,13,107,17,5,78,23,78,220,70,237,0,14,0,0,0,1,0
Microsoft,2015,9298666412,70,168,2229,15831,15965,1876,116,4,57,4,2,9,13,9,145,33,116,2,16,0,0,0,1,0
Microsoft,2016,9298666412,70,31,114,1979,2033,197,24,0,7,1,0,2,1,2,27,7,24,0,0,0,0,0,0,0
Aflac,2007,13994086254,71,1,1,2,2,0,0,0,0,0,0,0,0,0,0,0,0,0,0,0,0,1,0,0
Aflac,2008,13994086254,71,9,5,79,79,0,4,2,7,0,0,0,0,0,0,1,4,0,4,0,0,0,0,0
Aflac,2009,13994086254,71,35,128,545,545,4,13,1,9,0,0,0,1,0,8,4,12,1,13,5,0,0,0,0
Aflac,2010,13994086254,71,30,458,1186,1186,209,20,2,14,0,0,0,3,0,4,2,20,1,4,3,0,0,0,0
Aflac,2012,13994086254,71,130,717,14613,14614,4572,16,3,35,1,2,0,11,0,0,97,17,9,7,0,0,0,0,0
Aflac,2013,13994086254,71,145,1237,20744,20744,8558,29,0,54,1,0,4,10,4,0,101,30,7,7,0,0,0,0,0
Aflac,2014,13994086254,71,80,1102,19508,19508,10927,17,3,41,6,0,11,8,11,0,51,23,6,0,0,0,0,0,0
Aflac,2015,13994086254,71,75,567,13842,14128,8977,19,0,35,2,0,9,9,9,0,47,21,7,0,0,0,0,0,0
Aflac,2016,13994086254,71,14,79,2022,2089,1298,0,0,6,2,0,1,1,1,0,12,2,0,0,0,0,0,0,0
Publix Super Markets,2012,209968985766607,72,388,3907,12303,12303,2398,125,46,113,2,0,0,0,0,224,253,83,0,3,9,0,0,40,0
Publix Super Markets,2013,209968985766607,72,633,6431,26609,26609,4805,230,38,188,7,4,1,4,1,419,387,179,1,8,23,0,0,35,0
Publix Super Markets,2014,209968985766607,72,564,6220,32824,32824,7623,201,55,104,5,2,4,18,4,119,344,151,7,9,2,0,0,51,0
Publix Super Markets,2015,209968985766607,72,346,2643,21910,22348,5150,123,55,76,15,2,6,20,6,0,196,88,9,5,0,0,0,48,0
Publix Super Markets,2016,209968985766607,72,52,384,3119,3199,1646,21,11,18,1,1,1,4,1,0,26,11,4,1,0,0,0,10,0
Mattel,2008,148757037599,73,36,34,258,258,36,22,2,26,0,0,0,1,0,0,12,22,1,1,0,0,0,0,0
Mattel,2009,148757037599,73,63,186,877,885,76,33,0,31,3,0,0,6,0,2,17,37,3,4,2,0,0,0,0
Mattel,2010,148757037599,73,144,2130,4205,4205,486,58,0,47,6,0,46,18,46,2,34,70,8,19,0,1,0,0,12
Mattel,2011,148757037599,73,6,92,236,236,3,1,0,3,0,0,2,0,2,1,1,0,0,3,1,0,0,0,1
Mattel,2012,148757037599,73,76,2745,10237,10237,2640,25,5,21,6,0,20,6,20,0,39,30,0,6,0,0,0,0,1
Mattel,2013,148757037599,73,92,2647,7556,7559,960,25,8,16,8,0,27,4,27,0,48,33,0,9,0,0,0,0,2
Mattel,2014,148757037599,73,118,1394,15050,15053,2753,35,3,33,5,3,57,15,57,0,69,40,6,3,0,0,0,0,0
Mattel,2015,148757037599,73,84,985,12508,12795,2344,22,1,33,2,0,54,13,54,0,51,24,7,2,0,0,0,0,0
Mattel,2016,148757037599,73,4,172,1103,1126,286,1,0,0,0,0,2,1,2,0,3,1,0,0,0,0,0,0,0
Bright Horizons Family Solutions,2013,1394887180807475,74,2,0,0,0,0,2,2,2,0,0,0,0,0,0,0,0,0,0,0,0,0,0,2
Bright Horizons Family Solutions,2014,1394887180807475,74,72,24,486,486,223,38,14,60,5,1,5,1,5,0,30,29,0,0,0,0,0,13,0
Bright Horizons Family Solutions,2015,1394887180807475,74,81,27,900,903,274,34,12,65,5,0,18,3,18,0,40,26,2,1,0,0,0,12,0
Bright Horizons Family Solutions,2016,1394887180807475,74,2,0,26,26,2,1,0,2,0,0,1,0,1,0,1,1,0,0,0,0,0,0,0
Booz Allen Hamilton,2008,115188672790,75,59,36,284,284,0,54,11,42,0,0,4,3,4,0,4,52,2,1,0,0,0,0,0
Booz Allen Hamilton,2009,115188672790,75,213,369,2933,2933,9,205,11,116,0,0,38,29,38,0,22,186,5,0,0,0,0,0,0
Booz Allen Hamilton,2010,115188672790,75,279,437,4615,4615,261,254,6,155,3,0,27,52,27,0,41,227,9,1,0,1,0,0,0
Booz Allen Hamilton,2012,115188672790,75,311,243,4167,4167,617,290,25,213,7,2,11,36,11,0,21,273,0,0,0,1,0,16,0
Booz Allen Hamilton,2013,115188672790,75,351,411,63953,63953,534,318,18,229,4,0,30,32,30,13,27,305,0,1,0,0,0,18,0
Booz Allen Hamilton,2014,115188672790,75,379,180,41763,41763,658,271,11,242,5,0,68,29,70,111,96,273,0,7,0,0,0,3,0
Booz Allen Hamilton,2015,115188672790,75,444,290,29239,29303,1048,181,5,307,6,0,104,33,104,132,248,187,3,6,0,0,0,0,0
Booz Allen Hamilton,2016,115188672790,75,77,22,1229,1241,158,22,0,56,0,0,26,5,26,9,54,22,0,1,0,0,0,0,0
Hitachi Data Systems,2009,124570004251813,76,75,12,71,71,0,46,10,68,3,0,0,1,0,7,2,49,0,17,7,0,0,0,0
Hitachi Data Systems,2010,124570004251813,76,154,21,137,137,8,64,96,146,1,0,0,4,0,71,8,63,0,12,71,0,0,0,0
Hitachi Data Systems,2012,124570004251813,76,190,225,1918,1918,174,113,30,143,6,2,1,2,1,1,55,109,2,19,0,0,0,5,0
Hitachi Data Systems,2013,124570004251813,76,150,133,1205,1205,159,51,14,102,16,2,4,18,4,1,60,60,13,17,0,0,0,0,0
Hitachi Data Systems,2014,124570004251813,76,119,29,884,884,135,62,13,86,8,9,2,6,2,0,55,58,5,1,0,0,0,0,0
Hitachi Data Systems,2015,124570004251813,76,68,21,556,562,60,31,6,44,6,5,0,4,0,0,36,31,1,0,0,0,0,0,0
Hitachi Data Systems,2016,124570004251813,76,5,0,15,15,1,2,2,5,3,0,0,0,0,0,0,5,0,0,0,0,0,0,0
The Everett Clinic,2012,61452139395,77,120,83,696,696,33,83,1,82,7,1,24,18,24,0,8,90,0,22,0,0,0,0,0
The Everett Clinic,2013,61452139395,77,596,478,3907,3907,464,335,8,354,52,4,140,74,142,0,58,389,0,149,0,0,0,0,0
The Everett Clinic,2014,61452139395,77,678,825,8908,8908,1089,342,17,390,39,1,227,100,227,0,149,380,24,123,0,0,0,2,0
The Everett Clinic,2015,61452139395,77,411,297,3306,3346,438,191,14,296,15,9,128,74,128,12,134,205,58,14,0,0,0,0,0
The Everett Clinic,2016,61452139395,77,55,28,561,567,72,21,1,47,0,0,22,16,22,2,19,21,15,0,0,0,0,0,0
OhioHealth,2007,40814021698,78,1,0,0,0,0,1,0,1,0,0,0,0,0,0,1,0,0,0,0,0,0,0,0
OhioHealth,2008,40814021698,78,268,13,36,36,0,8,1,257,0,0,0,2,0,143,2,7,2,149,0,105,3,0,0
OhioHealth,2009,40814021698,78,945,98,486,486,1,19,3,883,1,0,2,12,2,779,7,20,6,633,153,124,1,0,1
OhioHealth,2010,40814021698,78,980,327,1702,1702,103,324,78,851,4,0,13,28,13,667,98,139,6,356,327,36,0,0,18
OhioHealth,2011,40814021698,78,9,3,27,27,2,2,0,8,0,0,0,0,0,8,1,1,0,5,2,0,0,0,0
OhioHealth,2012,40814021698,78,1076,2130,11892,11895,1377,454,66,697,39,14,175,29,175,79,257,473,0,290,45,3,0,0,8
OhioHealth,2013,40814021698,78,971,1329,9950,9950,2044,189,12,630,15,13,130,42,130,12,484,204,0,282,0,1,0,0,0
OhioHealth,2014,40814021698,78,800,889,18164,18164,3210,191,18,533,15,5,227,79,227,19,456,197,35,112,0,0,0,0,0
OhioHealth,2015,40814021698,78,365,575,15368,15491,3072,67,12,221,7,1,207,63,206,0,217,68,58,22,0,0,0,0,0
OhioHealth,2016,40814021698,78,26,26,749,767,208,7,1,11,0,0,20,7,20,0,13,6,7,0,0,0,0,0,0
Morningstar,2010,198056910214033,79,29,46,49,49,1,6,7,14,0,0,0,4,0,1,17,7,1,4,0,0,0,0,0
Morningstar,2012,198056910214033,79,30,24,110,110,22,5,9,18,3,0,3,1,3,2,19,6,0,4,1,0,0,0,0
Morningstar,2013,198056910214033,79,17,24,110,110,31,7,2,7,0,1,1,2,1,0,8,8,0,1,0,0,0,0,0
Morningstar,2014,198056910214033,79,4,2,17,17,1,0,0,3,0,0,0,0,0,1,2,0,0,2,0,0,0,0,0
Cisco,2008,134134190357,80,3,0,1,1,1,3,0,3,0,0,0,1,0,0,0,3,0,0,0,0,0,0,0
Cisco,2010,134134190357,80,1,0,0,0,0,1,1,1,0,0,0,0,0,0,0,1,0,0,0,0,0,0,0
Cisco,2011,134134190357,80,17,0,1,1,0,0,0,17,0,0,0,0,0,17,0,0,0,17,0,0,0,0,0
Cisco,2012,134134190357,80,806,4,72,72,9,55,52,802,0,0,0,0,0,805,0,55,0,751,0,0,0,0,0
Cisco,2013,134134190357,80,1076,6,126,126,17,460,460,1074,0,0,0,0,0,1076,0,460,0,616,0,0,0,0,0
Cisco,2014,134134190357,80,408,2,74,74,7,408,407,407,0,0,0,0,0,407,0,408,0,0,0,0,0,0,0
Cisco,2015,134134190357,80,270,0,3,3,0,270,270,270,0,0,0,0,0,270,0,270,0,0,0,0,0,0,0
Cisco,2016,134134190357,80,107,0,0,0,0,107,107,107,0,0,0,0,0,107,0,107,0,0,0,0,0,0,0
CarMax,2008,58226901193,81,66,80,402,403,3,43,3,41,0,0,0,2,0,2,7,43,1,13,2,0,0,0,0
CarMax,2009,58226901193,81,305,1659,2342,2344,5,153,8,91,0,0,0,6,0,15,60,146,4,84,9,0,2,0,0
CarMax,2010,58226901193,81,423,2829,4213,4217,82,146,1,94,8,0,15,9,15,6,100,150,1,167,3,0,0,0,2
CarMax,2011,58226901193,81,3,18,69,69,0,2,0,0,0,0,0,0,0,0,0,2,0,1,0,0,0,0,0
CarMax,2012,58226901193,81,361,2565,11644,11644,634,146,2,105,20,1,22,6,22,0,100,176,0,84,0,0,0,0,1
CarMax,2013,58226901193,81,296,4920,48924,48924,2060,108,4,63,2,3,28,17,28,0,119,110,2,64,0,0,0,0,1
CarMax,2014,58226901193,81,143,7720,75175,75175,2480,47,3,34,0,1,18,8,18,0,82,48,0,13,0,0,0,0,0
CarMax,2015,58226901193,81,33,1002,39808,39850,1484,5,1,8,0,0,7,4,7,0,24,5,4,0,0,0,0,0,0
CarMax,2016,58226901193,81,1,3,7,7,0,0,0,0,0,0,0,0,0,0,0,0,0,1,0,0,0,0,0
Accenture,2007,20341500871,82,2,0,0,0,0,2,0,2,0,0,0,0,0,0,2,0,0,0,0,0,0,0,0
Accenture,2008,20341500871,82,17,2,38,38,0,6,0,15,2,0,0,3,0,0,1,7,2,6,0,0,1,0,0
Accenture,2009,20341500871,82,64,43,214,214,0,21,0,49,2,0,0,9,0,0,2,21,7,34,0,0,0,0,0
Accenture,2010,20341500871,82,155,108,926,926,37,118,2,113,0,0,0,3,0,27,10,91,2,26,25,1,0,0,0
Accenture,2011,20341500871,82,1,0,5,5,0,1,0,1,0,0,0,0,0,1,0,0,0,0,1,0,0,0,0
Accenture,2012,20341500871,82,226,163,3644,3644,504,159,5,178,8,0,10,19,10,53,38,127,1,18,40,2,0,0,0
Accenture,2013,20341500871,82,249,167,4155,4155,568,141,5,199,21,0,42,23,42,0,72,162,1,14,0,0,0,0,0
Accenture,2014,20341500871,82,224,122,4566,4567,750,108,2,165,5,0,25,33,25,102,98,106,14,6,0,0,0,0,0
Accenture,2015,20341500871,82,186,99,2904,2914,577,71,0,146,6,0,33,15,33,162,104,70,11,1,0,0,0,0,0
Accenture,2016,20341500871,82,20,4,108,108,9,5,1,14,2,0,3,5,3,18,10,7,3,0,0,0,0,0,0
GoDaddy.com,2008,8749090685,83,23,129,267,267,6,13,2,8,0,0,0,2,0,0,5,10,0,7,0,0,1,0,0
GoDaddy.com,2009,8749090685,83,386,2330,6392,6392,33,264,0,122,0,0,83,7,83,0,27,242,2,113,0,2,0,0,0
GoDaddy.com,2010,8749090685,83,641,6598,18179,18179,465,427,15,238,4,0,222,17,222,1,40,429,1,167,0,1,0,0,3
GoDaddy.com,2011,8749090685,83,97,954,3471,3472,82,73,1,32,0,0,56,4,56,0,5,73,0,19,0,0,0,0,0
GoDaddy.com,2012,8749090685,83,561,9872,67098,67099,7255,319,16,287,31,5,172,42,172,10,123,348,10,59,1,0,0,0,20
GoDaddy.com,2013,8749090685,83,399,7905,72917,72917,8280,210,18,222,18,3,86,48,85,166,128,217,21,26,2,0,0,0,5
GoDaddy.com,2014,8749090685,83,399,9975,324357,324357,21659,220,6,219,1,4,20,19,20,355,164,221,14,0,0,0,0,0,0
GoDaddy.com,2015,8749090685,83,239,6043,308504,310146,21311,116,5,143,0,0,14,25,14,231,98,116,25,0,0,0,0,0,0
GoDaddy.com,2016,8749090685,83,49,1073,55989,56144,3340,38,0,22,1,1,7,3,7,48,8,39,2,0,0,0,0,0,0
KPMG,2010,274830721660,84,64,17,138,138,7,29,0,55,0,0,0,3,0,0,4,28,0,31,0,0,0,0,1
KPMG,2012,274830721660,84,459,464,7949,7949,681,213,12,318,21,72,72,16,73,0,182,177,0,100,0,0,0,0,0
KPMG,2013,274830721660,84,580,579,16376,16376,1126,323,16,395,16,193,101,27,105,65,309,194,0,77,0,0,0,0,0
KPMG,2014,274830721660,84,496,494,14804,14805,984,307,13,348,14,126,27,47,28,235,219,214,1,61,1,0,0,0,0
KPMG,2015,274830721660,84,248,203,8717,8785,861,149,10,173,8,44,21,17,21,157,110,116,1,21,0,0,0,0,0
KPMG,2016,274830721660,84,35,32,1010,1013,116,25,2,21,1,2,4,6,4,27,10,23,1,1,0,0,0,0,0
Navy Federal Credit Union,2010,160344204010636,85,230,2107,5473,5473,225,123,16,89,4,1,0,12,0,30,22,117,1,65,19,1,0,0,5
Navy Federal Credit Union,2011,160344204010636,85,12,128,251,251,0,9,0,5,0,0,0,0,0,3,0,7,0,3,2,0,0,0,0
Navy Federal Credit Union,2012,160344204010636,85,309,19059,271889,271889,23886,101,51,88,24,6,12,16,12,27,145,77,12,28,1,1,0,39,6
Navy Federal Credit Union,2013,160344204010636,85,327,18367,334835,334835,22593,127,82,108,36,6,15,11,15,97,168,67,2,16,0,0,0,73,1
Navy Federal Credit Union,2014,160344204010636,85,308,5020,194975,194975,15237,102,61,112,25,3,31,28,31,182,159,59,16,12,0,1,0,61,0
Navy Federal Credit Union,2015,160344204010636,85,201,2971,145904,146381,9248,40,23,79,14,0,21,32,21,150,119,26,28,6,0,0,0,22,0
Navy Federal Credit Union,2016,160344204010636,85,36,352,8669,8807,751,7,1,19,0,0,4,7,4,32,22,4,7,2,0,0,0,1,0
Schweitzer Engineering Labs,2014,148960375131063,86,37,26,1572,1572,309,15,2,18,5,1,10,3,10,0,17,20,0,0,0,0,0,0,0
Schweitzer Engineering Labs,2015,148960375131063,86,72,110,4265,4305,1343,27,2,30,8,0,24,7,25,0,36,35,1,0,0,0,0,0,0
Schweitzer Engineering Labs,2016,148960375131063,86,9,11,837,859,446,6,0,2,0,0,4,0,4,0,3,6,0,0,0,0,0,0,0
Capital One,2009,131080263606125,87,21,100,342,342,0,13,0,13,0,0,0,0,0,0,0,13,0,8,0,0,0,0,0
Capital One,2010,131080263606125,87,107,11770,71066,72888,547,50,10,41,1,0,2,3,2,3,12,50,0,38,3,0,0,0,4
Capital One,2011,131080263606125,87,11,909,2359,2359,63,6,0,4,0,0,0,0,0,0,1,6,0,3,0,0,0,0,1
Capital One,2012,131080263606125,87,117,4535,65952,65953,7084,41,8,54,0,1,40,2,36,7,103,5,1,8,0,0,0,0,0
Capital One,2013,131080263606125,87,183,7409,68001,68006,5132,29,13,51,6,0,66,6,66,83,149,27,5,2,0,0,0,0,0
Capital One,2014,131080263606125,87,146,10998,132467,132474,15380,18,4,33,3,2,65,16,65,84,111,19,16,0,0,0,0,0,0
Capital One,2015,131080263606125,87,80,15728,82455,83656,6702,13,0,12,1,0,40,18,40,66,49,14,17,0,0,0,0,0,0
Capital One,2016,131080263606125,87,12,3608,44712,45762,6436,3,0,0,0,0,5,2,5,10,7,3,2,0,0,0,0,0,0
Intercontinental Hotels Group,2008,7933762697,89,2,73,303,303,36,0,1,1,0,0,1,0,1,0,1,0,0,0,0,0,1,0,0
Intercontinental Hotels Group,2012,7933762697,89,78,511,7339,7339,1483,55,4,29,2,1,25,9,25,0,16,59,0,3,0,0,0,0,0
Intercontinental Hotels Group,2013,7933762697,89,55,451,6465,6465,1675,34,4,13,2,1,11,8,11,0,15,36,2,2,0,0,0,0,0
Intercontinental Hotels Group,2014,7933762697,89,57,396,6850,6851,1422,24,0,20,0,0,20,4,20,1,25,24,1,7,0,0,0,0,0
Intercontinental Hotels Group,2015,7933762697,89,28,338,3641,3657,1136,14,0,4,0,2,11,0,11,1,12,13,0,3,0,0,0,0,0
Intercontinental Hotels Group,2016,7933762697,89,2,17,518,532,89,1,0,1,0,0,2,0,2,0,1,1,0,0,0,0,0,0,0
Stew Leonard's,2012,33439252677,90,683,22428,56651,56651,6867,59,10,107,13,74,65,15,65,1,483,72,11,114,0,2,0,0,1
Stew Leonard's,2013,33439252677,90,976,23634,59044,59044,6398,93,18,200,40,163,137,19,137,0,685,126,9,146,0,2,0,1,7
Stew Leonard's,2014,33439252677,90,1134,13847,59585,59585,5362,236,71,373,39,231,162,44,164,2,784,238,26,39,0,4,0,40,3
Stew Leonard's,2015,33439252677,90,793,24318,84714,85702,7868,137,54,253,35,139,100,48,101,32,562,153,33,21,0,0,0,24,0
Stew Leonard's,2016,33439252677,90,141,2417,11104,11276,802,29,13,46,2,13,8,8,9,19,101,21,6,6,0,0,0,7,0
Shared Technologies- ARI,2012,328179703901867,91,17,3,17,17,2,14,4,16,0,0,0,1,0,0,2,12,0,1,0,0,0,2,0
Shared Technologies- ARI,2013,328179703901867,91,127,0,72,72,5,114,3,127,0,0,0,3,0,80,4,113,0,9,0,0,0,1,0
Shared Technologies- ARI,2014,328179703901867,91,283,1,41,41,11,265,0,282,0,0,0,8,0,282,5,265,0,13,0,0,0,0,0
Shared Technologies- ARI,2015,328179703901867,91,198,2,41,41,8,188,0,196,0,0,0,1,0,198,4,188,0,6,0,0,0,0,0
Shared Technologies- ARI,2016,328179703901867,91,20,0,3,3,0,19,0,20,0,0,0,0,0,20,0,19,0,1,0,0,0,0,0
Four Seasons Hotels,2008,106280431030,92,24,256,1303,1303,26,1,3,10,0,0,0,2,0,0,22,0,2,0,0,0,0,0,0
Four Seasons Hotels,2009,106280431030,92,170,1848,9053,9053,121,24,0,33,0,0,0,11,0,14,79,20,3,54,14,0,0,0,0
Four Seasons Hotels,2010,106280431030,92,1150,6450,59047,59049,4235,157,97,426,4,236,396,14,396,15,945,152,1,30,15,2,0,0,5
Four Seasons Hotels,2011,106280431030,92,55,785,5643,5643,362,34,3,17,0,1,21,0,21,3,20,31,0,0,3,0,0,0,1
Four Seasons Hotels,2012,106280431030,92,892,12018,328056,328056,32964,100,4,311,0,231,354,16,355,45,770,80,1,15,10,5,0,0,11
Four Seasons Hotels,2013,106280431030,92,585,17389,590501,590503,47825,90,2,89,1,202,151,13,150,42,474,54,8,47,0,0,0,0,2
Four Seasons Hotels,2014,106280431030,92,418,4937,205806,205817,16460,116,0,76,9,68,128,28,131,141,292,97,17,12,0,0,0,0,0
Four Seasons Hotels,2015,106280431030,92,215,2218,82226,82983,9894,45,2,31,4,37,89,30,89,101,147,39,29,0,0,0,0,0,0
Four Seasons Hotels,2016,106280431030,92,32,256,5454,5549,517,6,0,5,1,3,17,1,17,10,24,7,1,0,0,0,0,0,0
Arkansas Children's Hospital,2008,112657538333,94,48,296,1261,1261,1,25,0,22,0,0,0,0,0,0,1,25,0,10,0,12,0,0,0
Arkansas Children's Hospital,2009,112657538333,94,236,1744,8974,8974,24,113,7,56,1,0,0,10,0,1,23,113,9,55,0,36,0,0,0
Arkansas Children's Hospital,2010,112657538333,94,439,2333,19613,19613,1459,248,12,139,0,0,0,16,0,1,88,248,2,95,1,5,0,0,0
Arkansas Children's Hospital,2011,112657538333,94,4,97,566,566,9,2,0,1,0,0,0,1,0,0,2,1,1,0,0,0,0,0,0
Arkansas Children's Hospital,2012,112657538333,94,487,3893,46946,46946,5653,293,14,240,1,1,1,32,1,2,109,292,0,79,0,1,0,6,0
Arkansas Children's Hospital,2013,112657538333,94,381,2426,72992,72992,18716,193,4,139,6,2,27,25,27,3,150,189,0,42,0,0,0,0,0
Arkansas Children's Hospital,2014,112657538333,94,442,3744,107140,107143,38108,153,5,143,5,1,30,13,30,15,219,152,3,68,0,0,0,0,0
Arkansas Children's Hospital,2015,112657538333,94,291,3656,138144,138821,22928,80,5,95,7,3,29,14,29,12,181,84,6,20,0,0,0,0,0
Arkansas Children's Hospital,2016,112657538333,94,42,221,6059,6528,764,9,1,12,0,2,4,0,4,0,31,8,0,2,0,0,0,1,0
Gilbane,2012,258541740902855,95,7,0,0,0,0,4,1,7,0,0,0,0,0,5,1,4,0,2,0,0,0,0,0
Gilbane,2013,258541740902855,95,17,0,0,0,0,15,0,17,0,0,0,1,0,17,1,15,0,1,0,0,0,0,0
Gilbane,2015,258541740902855,95,2,1,1,1,0,0,0,1,1,0,0,0,0,0,0,2,0,0,0,0,0,0,0
Brocade Communications Systems,2008,111983056070,96,69,4,129,129,2,62,3,66,0,0,0,25,0,0,2,62,0,5,0,0,0,0,0
Brocade Communications Systems,2009,111983056070,96,227,67,649,649,0,213,102,188,0,0,0,49,0,0,9,210,0,8,0,0,0,0,0
Brocade Communications Systems,2010,111983056070,96,288,143,2077,2077,28,142,36,206,4,1,13,15,13,114,36,138,1,27,3,0,0,0,83
Brocade Communications Systems,2011,111983056070,96,1,5,14,14,0,1,0,0,0,0,0,0,0,0,0,1,0,0,0,0,0,0,0
Brocade Communications Systems,2012,111983056070,96,382,195,4769,4769,514,196,13,295,13,6,41,44,41,135,76,199,0,81,0,0,0,3,23
Brocade Communications Systems,2013,111983056070,96,713,235,9799,9799,1243,328,8,625,6,4,59,39,59,427,186,334,1,191,0,0,0,1,0
Brocade Communications Systems,2014,111983056070,96,381,81,5504,5504,810,188,12,323,12,10,34,33,34,238,123,194,10,54,0,0,0,0,0
Brocade Communications Systems,2015,111983056070,96,140,75,2986,3014,795,50,7,99,15,4,26,14,26,64,76,61,3,0,0,0,0,0,0
Brocade Communications Systems,2016,111983056070,96,17,5,219,219,51,5,1,13,2,0,2,1,2,10,10,6,1,0,0,0,0,0,0
CH2M Hill,2010,130017893696618,97,61,32,89,89,7,29,3,46,4,0,23,4,23,0,17,33,0,8,0,0,0,0,3
CH2M Hill,2012,130017893696618,97,350,238,1882,1882,369,169,3,262,15,0,108,6,108,20,120,180,0,23,4,0,0,1,22
CH2M Hill,2013,130017893696618,97,369,357,4414,4414,1001,79,1,237,13,0,146,4,146,6,277,91,0,1,0,0,0,0,0
CH2M Hill,2014,130017893696618,97,470,457,5196,5196,977,179,13,323,14,0,118,21,119,3,275,184,1,0,0,0,0,10,0
CH2M Hill,2015,130017893696618,97,325,135,1745,1751,361,192,4,256,4,0,68,13,68,0,129,193,0,0,0,0,0,3,0
CH2M Hill,2016,130017893696618,97,34,8,126,126,32,21,0,28,2,0,5,3,5,0,10,23,1,0,0,0,0,0,0
J. M. Smucker,2010,117266245005679,98,104,1054,3417,3417,163,44,0,19,1,2,4,0,4,16,7,37,0,50,8,0,0,0,2
J. M. Smucker,2011,117266245005679,98,3,14,104,104,43,3,0,0,0,0,0,0,0,1,0,2,0,0,1,0,0,0,0
J. M. Smucker,2012,117266245005679,98,265,7441,56887,56887,9210,45,12,59,2,0,7,2,7,98,189,29,0,18,19,0,0,0,10
J. M. Smucker,2013,117266245005679,98,327,8498,120393,120393,13239,33,25,115,0,0,14,5,14,39,289,30,1,6,0,0,0,0,1
J. M. Smucker,2014,117266245005679,98,278,13513,354772,354773,25040,12,5,97,5,1,21,9,20,155,252,17,5,3,0,1,0,0,0
J. M. Smucker,2015,117266245005679,98,128,9936,210674,211549,25030,1,0,31,1,0,1,11,1,124,115,2,11,0,0,0,0,0,0
J. M. Smucker,2016,117266245005679,98,15,603,23774,23909,3353,0,0,5,0,0,2,2,2,15,12,0,2,1,0,0,0,0,0
Aropostale,2008,57143807607,99,7,493,2736,2736,34,2,2,2,1,0,0,0,0,0,4,1,0,1,0,1,0,0,0
Aropostale,2009,57143807607,99,176,17083,111268,111268,667,19,90,53,0,0,0,5,0,0,162,2,5,4,0,3,0,0,0
Aropostale,2010,57143807607,99,429,50823,401676,401676,5800,23,221,135,2,4,0,5,0,0,391,3,5,21,0,0,0,0,9
Aropostale,2011,57143807607,99,1,88,656,656,30,0,0,0,0,0,0,0,0,0,1,0,0,0,0,0,0,0,0
Aropostale,2012,57143807607,99,791,148269,6390532,6390532,120212,14,46,214,5,3,34,27,34,129,665,18,17,67,0,0,0,1,23
Aropostale,2013,57143807607,99,877,125322,15594604,15594605,183432,12,11,131,2,0,24,18,24,604,802,14,10,50,0,0,0,0,1
Aropostale,2014,57143807607,99,818,38014,15645263,15645275,130048,0,5,107,1,0,7,3,7,771,814,1,3,0,0,0,0,0,0
Aropostale,2015,57143807607,99,489,5456,2279071,2280926,21917,0,4,91,0,0,3,4,3,450,483,0,4,2,0,0,0,0,0
Aropostale,2016,57143807607,99,84,333,44933,45762,1239,0,0,13,0,0,1,0,1,81,83,0,0,0,0,1,0,0,0
MITRE,2008,151373044800,100,32,80,216,216,2,9,2,10,0,0,0,1,0,0,7,4,0,15,0,6,0,0,0
MITRE,2009,151373044800,100,328,1964,1692,1692,2,41,14,114,0,0,14,15,14,0,32,35,9,232,0,20,0,0,0
MITRE,2010,151373044800,100,325,2740,2436,2436,112,76,11,126,2,0,21,40,21,0,29,76,8,175,0,10,0,0,27
MITRE,2011,151373044800,100,12,285,99,99,0,0,0,2,0,0,0,0,0,0,0,0,0,11,0,0,0,0,1
MITRE,2012,151373044800,100,258,2113,8578,8578,732,83,34,83,17,3,30,13,30,0,123,59,0,62,0,5,0,0,9
MITRE,2013,151373044800,100,248,551,9063,9063,752,54,10,129,11,2,65,29,66,24,174,44,11,13,0,0,0,0,6
MITRE,2014,151373044800,100,286,223,4863,4863,703,48,17,196,18,0,87,67,88,92,189,61,36,0,0,0,0,0,0
MITRE,2015,151373044800,100,158,285,2188,2189,454,9,6,113,3,1,33,21,33,86,127,10,19,2,0,0,0,0,0
MITRE,2016,151373044800,100,5,12,47,48,8,2,0,2,0,0,3,0,3,3,3,2,0,0,0,0,0,0,0
Grainger,2010,265544390144768,101,7,2,8,8,1,2,0,6,0,0,0,3,0,0,3,1,2,1,0,0,0,0,0
Grainger,2012,265544390144768,101,51,60,214,214,14,30,3,32,2,0,0,3,0,20,3,23,0,11,9,0,0,0,5
Grainger,2013,265544390144768,101,102,41,335,335,26,28,1,81,2,0,10,5,10,88,23,30,0,49,0,0,0,0,0
Grainger,2014,265544390144768,101,339,83,1166,1166,386,89,6,286,4,3,38,32,38,295,117,91,1,130,0,0,0,0,0
Grainger,2015,265544390144768,101,185,43,946,951,99,41,4,161,5,2,17,7,17,152,91,44,2,48,0,0,0,0,0
Grainger,2016,265544390144768,101,10,2,36,39,4,2,1,8,1,0,3,1,3,7,7,3,0,0,0,0,0,0,0
Winchester Hospital,2009,107079996018373,103,21,14,56,56,0,5,1,18,0,0,0,0,0,0,4,5,0,12,0,0,0,0,0
Winchester Hospital,2010,107079996018373,103,211,154,801,801,22,7,0,155,0,0,0,0,0,0,125,7,0,79,0,0,0,0,0
Winchester Hospital,2012,107079996018373,103,145,370,3390,3390,220,63,6,79,2,0,4,2,5,0,82,49,0,12,0,0,0,2,0
Winchester Hospital,2013,107079996018373,103,90,629,6015,6015,509,36,0,35,0,0,2,2,2,0,51,32,1,6,0,0,0,0,0
Winchester Hospital,2014,107079996018373,103,172,403,3507,3507,206,45,2,121,4,0,36,4,36,60,111,48,0,13,0,0,0,0,0
Winchester Hospital,2015,107079996018373,103,160,328,3306,3343,196,52,0,112,7,2,37,5,37,62,98,58,1,3,0,0,0,0,0
Winchester Hospital,2016,107079996018373,103,13,65,454,470,53,3,0,7,2,1,2,2,2,5,8,4,1,0,0,0,0,0,0
Monsanto,2008,44495818682,104,35,285,509,510,54,26,5,28,0,0,0,14,0,0,1,25,3,6,0,0,0,0,0
Monsanto,2009,44495818682,104,95,911,1383,1383,28,89,14,76,0,0,4,7,4,0,5,88,0,2,0,0,0,0,0
Monsanto,2010,44495818682,104,175,1671,2157,2160,218,169,14,158,2,0,0,19,0,0,2,170,3,0,0,0,0,0,0
Monsanto,2011,44495818682,104,1,19,63,63,0,1,0,0,0,0,0,0,0,0,0,1,0,0,0,0,0,0,0
Monsanto,2012,44495818682,104,93,12319,6072,6072,1645,87,3,72,1,0,1,4,2,0,1,89,0,3,0,0,0,0,0
Monsanto,2013,44495818682,104,218,42790,33370,33378,6848,171,2,152,0,0,2,7,2,0,39,172,1,6,0,0,0,0,0
Monsanto,2014,44495818682,104,343,31045,73779,73857,19417,183,9,200,0,1,4,43,4,33,127,181,28,7,0,0,0,0,0
Monsanto,2015,44495818682,104,240,14860,62017,64117,17111,112,8,123,3,0,1,42,1,92,87,111,37,4,0,1,0,0,0
Monsanto,2016,44495818682,104,31,1348,7627,8115,1775,9,0,13,1,0,1,13,1,21,7,10,13,1,0,0,0,0,0
FedEx,2009,150993094945648,105,12,260,869,869,20,9,0,9,0,0,1,0,1,0,3,8,0,1,0,0,0,0,0
FedEx,2010,150993094945648,105,139,34566,51985,51985,4564,94,0,55,4,0,3,4,3,40,27,64,1,6,40,1,0,0,0
FedEx,2011,150993094945648,105,4,563,1619,1619,56,3,0,2,0,0,0,0,0,1,0,2,0,1,1,0,0,0,0
FedEx,2012,150993094945648,105,332,20638,231644,231644,26179,134,11,135,9,9,82,19,82,33,161,139,3,26,0,0,0,1,2
FedEx,2013,150993094945648,105,422,81525,977401,977404,66633,112,15,168,16,1,89,26,89,183,280,111,10,13,0,0,0,3,5
FedEx,2014,150993094945648,105,476,56157,1144306,1144312,90041,74,6,156,27,2,104,60,104,192,344,87,38,7,0,0,0,0,0
FedEx,2015,150993094945648,105,286,23077,491793,493949,50727,22,3,90,13,3,72,54,72,128,210,33,42,1,0,0,0,0,0
FedEx,2016,150993094945648,105,30,1954,44442,44711,5843,1,0,13,1,0,4,9,4,17,20,1,9,0,0,0,0,0,0
Orrick Herrington & Sutcliffe,2009,123116581045529,106,63,6,164,164,0,23,4,61,0,0,0,17,0,0,22,21,15,5,0,0,0,0,0
Orrick Herrington & Sutcliffe,2010,123116581045529,106,67,4,162,162,1,30,5,64,0,0,0,6,0,23,6,30,6,25,0,0,0,0,0
Orrick Herrington & Sutcliffe,2012,123116581045529,106,58,8,208,208,26,45,0,51,0,0,0,2,0,21,1,45,0,12,0,0,0,0,0
Orrick Herrington & Sutcliffe,2013,123116581045529,106,69,8,372,372,40,56,0,63,0,0,0,1,0,59,1,56,0,12,0,0,0,0,0
Orrick Herrington & Sutcliffe,2014,123116581045529,106,108,16,726,726,102,85,0,97,1,0,0,1,0,98,14,86,0,8,0,0,0,0,0
Orrick Herrington & Sutcliffe,2015,123116581045529,106,75,11,753,756,100,75,0,67,0,0,1,3,1,62,0,75,0,0,0,0,0,0,0
Orrick Herrington & Sutcliffe,2016,123116581045529,106,7,0,91,91,13,7,0,7,0,0,0,0,0,3,0,7,0,0,0,0,0,0,0
LifeBridge Health,2010,193538150681786,107,255,72,306,306,30,187,8,226,7,0,18,9,18,1,10,188,0,56,1,0,0,0,0
LifeBridge Health,2011,193538150681786,107,3,1,10,10,1,2,0,2,0,0,0,0,0,0,0,2,0,1,0,0,0,0,0
LifeBridge Health,2012,193538150681786,107,965,410,6280,6280,581,550,15,817,15,15,18,43,18,379,256,513,1,137,54,2,0,1,1
LifeBridge Health,2013,193538150681786,107,923,447,6382,6382,787,462,13,770,13,3,43,27,43,716,364,472,1,85,0,0,0,1,0
LifeBridge Health,2014,193538150681786,107,753,256,5150,5150,578,303,17,563,3,7,148,32,148,291,436,267,1,49,0,0,0,0,0
LifeBridge Health,2015,193538150681786,107,475,201,4860,4879,524,223,7,293,14,1,139,28,139,4,296,177,1,1,0,0,0,0,0
LifeBridge Health,2016,193538150681786,107,79,52,930,939,80,42,1,48,5,1,29,11,29,1,46,33,0,0,0,0,0,0,0
Herman Miller,2008,162638622561,108,34,40,164,164,7,32,0,17,0,0,0,1,0,0,5,29,0,0,0,0,0,0,0
Herman Miller,2009,162638622561,108,157,306,1509,1509,14,123,4,75,0,0,0,3,0,0,21,107,0,29,0,0,0,0,0
Herman Miller,2010,162638622561,108,306,851,7746,7746,825,211,6,146,0,0,0,4,0,0,78,208,0,20,0,0,0,0,0
Herman Miller,2011,162638622561,108,1,3,52,52,1,1,0,0,0,0,0,0,0,0,0,1,0,0,0,0,0,0,0
Herman Miller,2012,162638622561,108,510,2226,58588,58590,11168,81,26,153,34,5,9,15,16,0,393,105,2,10,0,0,0,0,0
Herman Miller,2013,162638622561,108,335,1346,60579,60579,9253,30,28,103,43,0,43,8,53,5,269,64,2,0,0,0,0,0,0
Herman Miller,2014,162638622561,108,294,437,28308,28311,4688,70,31,113,29,2,104,20,107,23,182,98,12,2,0,0,0,0,0
Herman Miller,2015,162638622561,108,189,211,13311,13417,2627,33,8,79,5,0,58,24,58,8,130,36,17,4,0,0,0,2,0
Herman Miller,2016,162638622561,108,21,28,1645,1672,303,4,1,5,1,0,4,3,4,0,14,5,1,1,0,0,0,0,0
Texas Instruments,2012,234443101357,109,158,488,14908,14910,3311,14,2,74,1,0,0,1,0,153,138,15,0,3,1,0,0,1,0
Texas Instruments,2013,234443101357,109,903,1645,114084,114087,10060,61,8,513,2,10,3,12,3,861,814,65,0,22,0,0,0,1,1
Texas Instruments,2014,234443101357,109,1035,1230,231653,231653,6621,41,4,636,3,5,2,22,2,1008,984,42,0,7,0,0,0,2,0
Texas Instruments,2015,234443101357,109,568,497,147497,147547,2705,35,7,402,1,1,0,8,0,552,527,31,0,7,0,0,0,3,0
Texas Instruments,2016,234443101357,109,58,84,11248,11269,157,3,1,40,0,0,1,0,1,54,57,1,0,0,0,0,0,0,0
Vanderbilt University,2008,99104920858,110,77,5,8,8,3,59,2,74,0,0,1,2,1,0,4,58,1,13,0,1,0,0,0
Vanderbilt University,2009,99104920858,110,194,34,162,162,2,159,1,178,1,0,9,6,9,0,4,162,1,27,0,0,0,0,0
Vanderbilt University,2010,99104920858,110,278,858,3186,3186,366,178,1,155,11,0,29,20,29,21,12,191,0,55,17,0,3,0,0
Vanderbilt University,2011,99104920858,110,8,48,211,211,2,5,0,2,0,0,1,3,1,1,0,5,0,2,1,0,0,0,0
Vanderbilt University,2012,99104920858,110,682,7448,137947,137947,17414,433,7,221,13,2,39,74,38,76,119,456,1,98,0,0,0,4,4
Vanderbilt University,2013,99104920858,110,696,5946,149956,149956,16886,443,0,228,5,0,47,63,47,346,190,458,0,47,0,0,0,0,1
Vanderbilt University,2014,99104920858,110,524,8849,254144,254144,35831,398,3,75,10,3,84,26,81,301,94,404,6,19,0,1,0,0,0
Vanderbilt University,2015,99104920858,110,426,7271,242214,245034,38250,367,0,70,3,0,151,13,151,344,51,366,2,7,0,0,0,0,0
Vanderbilt University,2016,99104920858,110,76,1736,54773,56096,11783,67,0,7,1,0,37,5,37,72,5,68,2,1,0,0,0,0,0
Sherwin-Williams,2009,309180132920,111,108,557,747,747,65,52,0,35,2,0,0,5,0,0,6,54,2,46,0,0,0,0,0
Sherwin-Williams,2010,309180132920,111,235,2560,4699,4699,823,100,3,52,15,0,10,5,10,4,70,107,2,51,1,0,1,0,3
Sherwin-Williams,2011,309180132920,111,3,57,176,176,6,1,0,0,0,0,0,0,0,1,1,1,0,1,0,0,0,0,0
Sherwin-Williams,2012,309180132920,111,304,14831,35032,35032,7566,61,3,66,1,0,12,2,11,52,144,80,0,69,2,0,0,0,9
Sherwin-Williams,2013,309180132920,111,363,26052,152025,152026,19278,41,1,61,3,0,19,1,19,14,262,43,0,55,0,0,0,0,3
Sherwin-Williams,2014,309180132920,111,266,15940,311387,311392,39356,48,3,33,1,0,29,20,28,0,181,41,13,31,0,0,0,0,0
Sherwin-Williams,2015,309180132920,111,110,5362,223829,224612,18350,17,10,10,9,0,20,20,20,0,70,26,14,0,0,0,0,0,0
Sherwin-Williams,2016,309180132920,111,13,420,21887,22075,1613,0,0,0,0,0,4,1,4,0,12,0,1,0,0,0,0,0,0
SRA International,2010,45726451297,112,224,197,306,306,8,161,12,142,2,1,0,7,0,0,17,163,0,40,0,3,0,0,1
SRA International,2011,45726451297,112,1,0,2,2,0,0,0,1,0,0,0,0,0,0,0,0,0,1,0,0,0,0,0
SRA International,2012,45726451297,112,127,82,321,321,64,85,28,88,0,3,3,3,3,0,26,63,2,16,0,0,0,20,0
SRA International,2013,45726451297,112,75,41,261,261,34,34,8,45,0,2,9,0,9,0,35,27,0,7,0,0,0,6,0
SRA International,2014,45726451297,112,66,14,150,150,17,18,6,53,0,0,0,1,0,3,32,15,0,16,0,0,0,3,0
SRA International,2015,45726451297,112,114,32,226,226,31,14,14,87,7,1,2,2,2,0,72,19,0,21,0,0,0,2,0
SRA International,2016,45726451297,112,8,1,9,10,2,3,1,6,1,0,0,0,0,0,3,3,0,1,0,0,0,0,1
David Weekley Homes,2007,8146864018,113,4,1,3,3,0,0,3,3,0,0,0,2,0,0,1,0,2,0,0,1,0,0,0
David Weekley Homes,2008,8146864018,113,8,1,17,17,0,1,3,7,0,0,0,2,0,0,1,1,2,1,0,2,1,0,0
David Weekley Homes,2009,8146864018,113,18,17,86,86,0,8,2,13,0,0,0,0,0,0,5,8,0,5,0,0,0,0,0
David Weekley Homes,2010,8146864018,113,60,51,224,224,14,34,4,46,1,0,1,1,1,0,9,34,0,14,0,2,0,0,1
David Weekley Homes,2012,8146864018,113,239,576,4313,4313,588,57,7,119,10,0,6,5,6,0,132,66,4,30,0,3,0,0,4
David Weekley Homes,2013,8146864018,113,617,2449,17416,17416,2170,110,9,318,25,0,26,9,27,247,466,124,5,13,9,0,0,0,0
David Weekley Homes,2014,8146864018,113,1001,9331,36863,36866,3131,239,27,419,52,2,59,65,60,337,606,283,57,47,6,0,0,1,1
David Weekley Homes,2015,8146864018,113,534,9655,32223,32649,2778,153,19,192,22,2,42,43,42,18,285,173,41,33,2,0,0,0,0
David Weekley Homes,2016,8146864018,113,67,2225,8172,8337,668,9,1,17,0,0,8,3,8,0,55,9,3,0,0,0,0,0,0
"ARI, Automotive Resources International",2009,282991730710,114,23,0,0,0,0,20,0,23,0,0,0,0,0,0,0,20,0,3,0,0,0,0,0
"ARI, Automotive Resources International",2010,282991730710,114,70,0,1,1,0,66,0,70,0,0,0,0,0,0,0,66,0,4,0,0,0,0,0
"ARI, Automotive Resources International",2012,282991730710,114,313,29,674,674,66,263,129,298,25,2,4,14,4,2,38,270,0,3,2,0,0,0,0
"ARI, Automotive Resources International",2013,282991730710,114,373,68,2454,2454,198,293,164,336,25,4,14,11,15,4,78,294,0,1,0,0,0,0,0
"ARI, Automotive Resources International",2014,282991730710,114,336,97,2511,2511,330,297,45,274,11,1,25,10,25,1,58,277,1,0,0,0,0,0,0
"ARI, Automotive Resources International",2015,282991730710,114,193,127,2139,2181,476,172,1,148,5,5,19,7,19,0,27,166,0,0,0,0,0,0,0
"ARI, Automotive Resources International",2016,282991730710,114,22,17,276,280,97,17,1,15,2,0,2,0,2,0,6,16,0,0,0,0,0,0,0
WellStar Health System,2008,94455639888,115,25,9,37,37,0,3,9,20,0,0,0,0,0,0,8,4,0,13,0,0,0,0,0
WellStar Health System,2009,94455639888,115,30,10,72,72,0,8,0,26,0,0,0,1,0,0,0,8,0,22,0,0,0,0,0
WellStar Health System,2010,94455639888,115,58,26,231,231,11,20,3,49,2,0,2,0,2,0,1,22,0,35,0,0,0,0,0
WellStar Health System,2011,94455639888,115,8,1,35,35,0,7,2,7,0,0,0,0,0,0,0,7,0,1,0,0,0,0,0
WellStar Health System,2012,94455639888,115,864,705,5101,5101,435,459,8,602,5,0,1,3,1,499,206,415,0,192,51,0,0,0,0
WellStar Health System,2013,94455639888,115,824,1424,23748,23749,1459,138,39,486,15,0,6,11,6,691,638,142,0,33,0,0,0,11,0
WellStar Health System,2014,94455639888,115,753,2631,45796,45796,5483,67,38,314,11,3,35,16,35,519,649,61,10,12,0,4,0,17,0
WellStar Health System,2015,94455639888,115,448,1472,19462,19564,2725,37,46,238,6,6,9,7,9,383,398,35,5,0,0,2,0,8,0
WellStar Health System,2016,94455639888,115,55,98,1648,1670,307,3,2,39,0,1,0,1,0,51,49,2,1,2,0,1,0,0,0
Credit Acceptance,2010,168678439842388,116,32,8,102,102,16,16,7,27,0,0,0,1,0,0,6,16,1,9,0,0,0,0,0
Credit Acceptance,2012,168678439842388,116,78,101,1182,1182,154,32,4,60,0,5,3,3,3,0,49,24,1,4,0,0,0,0,0
Credit Acceptance,2013,168678439842388,116,40,83,846,846,133,17,1,37,0,3,12,3,12,0,22,13,0,5,0,0,0,0,0
Credit Acceptance,2014,168678439842388,116,29,167,596,605,230,7,4,26,0,0,11,0,11,0,16,8,0,5,0,0,0,0,0
Credit Acceptance,2015,168678439842388,116,15,83,494,505,108,1,0,11,0,0,5,0,5,0,10,1,0,4,0,0,0,0,0
Roche Diagnostics,2009,116286801731230,117,110,52,385,385,0,9,6,87,0,0,0,0,0,99,0,9,0,27,74,0,0,0,0
Roche Diagnostics,2010,116286801731230,117,366,686,3034,3034,73,132,66,201,3,0,4,8,4,257,1,59,2,140,159,3,0,0,2
Roche Diagnostics,2011,116286801731230,117,17,60,261,261,6,8,0,7,0,0,0,0,0,12,0,4,0,9,4,0,0,0,0
Roche Diagnostics,2012,116286801731230,117,445,921,9486,9486,735,260,26,251,8,0,0,18,0,379,33,170,0,144,97,1,0,0,0
Roche Diagnostics,2013,116286801731230,117,428,1059,9171,9172,755,223,2,241,1,0,0,44,0,364,61,224,0,143,0,0,0,0,0
Roche Diagnostics,2014,116286801731230,117,609,2041,29097,29101,2524,340,3,337,2,0,0,66,0,488,113,342,0,154,0,0,0,0,0
Roche Diagnostics,2015,116286801731230,117,342,1030,24517,24787,2686,167,2,124,2,1,0,19,1,304,97,168,0,77,0,0,0,0,0
Roche Diagnostics,2016,116286801731230,117,45,175,3866,3912,229,10,0,10,0,0,0,1,0,45,17,10,0,18,0,0,0,0,0
Kimley-Horn and Associates,2010,204703769542227,118,21,5,38,38,4,6,0,16,0,0,0,0,0,0,7,6,0,6,0,2,0,0,0
Kimley-Horn and Associates,2012,204703769542227,118,17,14,168,168,9,10,1,11,0,0,3,0,3,0,7,9,0,1,0,0,0,0,0
Kimley-Horn and Associates,2013,204703769542227,118,45,15,749,749,40,24,1,32,3,0,20,5,20,0,17,26,0,2,0,0,0,0,0
Kimley-Horn and Associates,2014,204703769542227,118,110,70,2620,2620,189,44,2,62,4,0,49,1,49,0,58,47,0,5,0,0,0,0,0
Kimley-Horn and Associates,2015,204703769542227,118,86,65,2821,2841,367,32,2,45,5,0,47,2,47,3,48,37,0,1,0,0,0,0,0
Kimley-Horn and Associates,2016,204703769542227,118,9,8,184,184,13,2,0,5,2,0,4,0,4,0,5,4,0,0,0,0,0,0,0
Mars,2010,211095382256023,119,42,360,568,568,57,28,1,28,0,0,2,2,2,24,9,5,0,5,22,0,0,0,1
Mars,2012,211095382256023,119,243,1375,15910,15910,2366,75,23,97,28,0,20,14,20,37,124,77,0,18,22,0,0,0,2
Mars,2013,211095382256023,119,246,2747,32576,32576,6246,51,25,55,35,0,38,12,38,0,153,86,0,5,0,0,0,0,2
Mars,2014,211095382256023,119,253,1444,34404,34406,6116,102,8,80,22,1,59,18,59,0,129,118,0,6,0,0,0,0,0
Mars,2015,211095382256023,119,149,1142,25905,26608,6752,65,3,50,10,3,34,19,34,0,64,70,11,3,0,1,0,0,0
Mars,2016,211095382256023,119,17,878,3343,4603,1556,1,0,7,2,0,4,6,4,0,9,3,4,1,0,0,0,0,0
Discovery Communications,2012,153549641890,120,549,162,2566,2566,672,231,13,478,86,9,366,14,358,1,233,316,0,0,0,0,0,0,0
Discovery Communications,2013,153549641890,120,317,175,3891,3891,546,44,17,233,60,7,208,23,209,0,223,91,3,0,0,0,0,0,0
Discovery Communications,2014,153549641890,120,242,351,6055,6056,547,46,26,151,58,9,152,22,152,0,141,98,3,0,0,0,0,0,0
Discovery Communications,2015,153549641890,120,103,243,2111,2161,237,37,22,65,33,4,55,23,55,0,31,68,4,0,0,0,0,0,0
Discovery Communications,2016,153549641890,120,21,80,508,590,40,9,9,11,9,1,6,7,6,0,4,17,0,0,0,0,0,0,0
Sheetz,2008,21120170500,122,1,40,126,126,0,0,0,0,0,0,0,0,0,0,0,0,0,1,0,0,0,0,0
Sheetz,2009,21120170500,122,8,380,1068,1068,4,0,0,1,0,0,0,1,0,0,0,1,1,6,0,0,0,0,0
Sheetz,2010,21120170500,122,100,5611,19685,19685,1120,16,3,13,0,0,1,12,1,11,22,12,7,57,0,0,0,0,2
Sheetz,2011,21120170500,122,1,25,85,85,0,0,0,0,0,0,0,0,0,0,0,0,0,1,0,0,0,0,0
Sheetz,2012,21120170500,122,286,37567,301577,301577,35966,49,17,49,2,0,11,28,11,12,183,51,0,40,1,5,0,2,4
Sheetz,2013,21120170500,122,406,71831,685756,685757,65007,26,25,74,0,1,6,17,6,0,354,23,2,13,0,12,0,0,2
Sheetz,2014,21120170500,122,452,26637,937589,937589,53675,8,24,76,0,0,4,13,4,0,434,7,11,0,0,0,0,0,0
Sheetz,2015,21120170500,122,274,19295,621945,625011,49819,0,18,42,0,0,4,19,4,0,255,0,19,0,0,0,0,0,0
Sheetz,2016,21120170500,122,34,1955,30598,31622,3678,0,2,3,0,0,1,3,1,0,31,0,3,0,0,0,0,0,0
The Cheesecake Factory,2013,341861972627674,123,14,5,36,36,3,9,6,11,0,0,0,0,0,0,3,4,0,3,0,0,0,4,0
The Cheesecake Factory,2014,341861972627674,123,58,53,331,332,105,4,18,35,0,2,0,0,0,0,35,2,0,19,0,0,0,2,0
The Cheesecake Factory,2015,341861972627674,123,56,111,728,728,351,8,12,34,1,5,0,3,0,0,33,9,2,12,0,0,0,0,0
The Cheesecake Factory,2016,341861972627674,123,4,0,7,7,2,0,0,3,0,0,0,0,0,0,3,0,0,1,0,0,0,0,0
Hyatt Hotels,2007,26114710769,125,2,18,8,8,2,0,0,2,0,0,0,2,0,0,0,0,2,0,0,0,0,0,0
Hyatt Hotels,2008,26114710769,125,52,193,591,591,27,30,5,25,0,0,0,6,0,0,4,30,6,8,0,0,2,0,2
Hyatt Hotels,2009,26114710769,125,268,672,3634,3634,36,200,33,110,0,0,0,9,0,3,40,201,5,17,2,0,1,0,2
Hyatt Hotels,2010,26114710769,125,383,799,6679,6679,61,277,34,192,2,0,0,11,0,153,23,198,2,17,141,0,0,0,2
Hyatt Hotels,2011,26114710769,125,22,23,390,390,4,17,2,16,0,0,0,0,0,8,0,12,0,3,7,0,0,0,0
Hyatt Hotels,2012,26114710769,125,387,256,8060,8065,412,353,15,289,9,0,0,11,0,314,15,186,0,6,176,0,0,3,1
Hyatt Hotels,2013,26114710769,125,386,515,21346,21354,1760,227,18,252,21,1,12,22,14,140,134,248,4,0,0,0,0,0,0
Hyatt Hotels,2014,26114710769,125,359,446,20645,20651,1830,176,11,172,36,1,54,41,54,33,145,212,1,1,0,0,0,0,0
Hyatt Hotels,2015,26114710769,125,170,193,8883,8995,1113,77,2,80,14,0,22,9,22,5,75,91,3,1,0,0,0,0,0
Hyatt Hotels,2016,26114710769,125,18,26,720,744,100,6,0,8,1,0,4,0,4,0,11,7,0,0,0,0,0,0,0
Kiewit Corporation,2012,210762462323361,126,95,347,7699,7699,697,50,3,28,3,0,1,4,1,0,40,53,0,1,0,0,0,0,1
Kiewit Corporation,2013,210762462323361,126,171,630,17782,17782,1826,57,5,44,4,0,0,7,0,0,108,61,2,0,0,0,0,0,0
Kiewit Corporation,2014,210762462323361,126,198,654,19353,19353,2309,53,2,74,8,0,2,12,2,79,136,55,5,2,0,0,0,0,0
Kiewit Corporation,2015,210762462323361,126,122,469,14576,14633,2387,24,0,44,5,0,0,14,0,108,91,29,1,1,0,0,0,0,0
Kiewit Corporation,2016,210762462323361,126,17,57,2365,2384,414,1,0,7,0,0,0,0,0,17,16,1,0,0,0,0,0,0,0
Cooley,2008,29631010782,127,27,2,6,6,0,26,12,26,0,0,0,1,0,0,0,26,0,0,0,1,0,0,0
Cooley,2009,29631010782,127,35,1,42,42,0,33,7,34,0,0,0,0,0,0,0,33,0,2,0,0,0,0,0
Cooley,2010,29631010782,127,51,6,182,182,10,43,3,47,1,0,0,0,0,0,3,44,0,4,0,0,0,0,0
Cooley,2012,29631010782,127,119,24,599,599,53,105,2,102,1,2,2,1,2,56,11,85,0,2,21,0,0,0,0
Cooley,2013,29631010782,127,164,24,991,991,72,120,5,144,9,2,15,9,15,93,28,130,0,6,0,0,0,0,0
Cooley,2014,29631010782,127,52,18,855,855,72,23,1,33,1,1,14,6,14,13,22,24,5,1,0,0,0,0,0
Cooley,2015,29631010782,127,32,12,607,617,90,13,4,22,2,0,11,4,11,2,15,15,2,0,0,0,0,0,0
Cooley,2016,29631010782,127,4,1,57,57,2,0,1,3,1,0,3,0,3,0,3,1,0,0,0,0,0,0,0
