Company Name,fbId,fbPageId,2007 count(*),2008 count(*),2009 count(*),2010 count(*),2011 count(*),2012 count(*),2013 count(*),2014 count(*),2015 count(*),2016 count(*),2007 commentsCount,2008 commentsCount,2009 commentsCount,2010 commentsCount,2011 commentsCount,2012 commentsCount,2013 commentsCount,2014 commentsCount,2015 commentsCount,2016 commentsCount,2007 likesCount,2008 likesCount,2009 likesCount,2010 likesCount,2011 likesCount,2012 likesCount,2013 likesCount,2014 likesCount,2015 likesCount,2016 likesCount,2007 reactionsCount,2008 reactionsCount,2009 reactionsCount,2010 reactionsCount,2011 reactionsCount,2012 reactionsCount,2013 reactionsCount,2014 reactionsCount,2015 reactionsCount,2016 reactionsCount,2007 sharesCount,2008 sharesCount,2009 sharesCount,2010 sharesCount,2011 sharesCount,2012 sharesCount,2013 sharesCount,2014 sharesCount,2015 sharesCount,2016 sharesCount,2007 hasCaption,2008 hasCaption,2009 hasCaption,2010 hasCaption,2011 hasCaption,2012 hasCaption,2013 hasCaption,2014 hasCaption,2015 hasCaption,2016 hasCaption,2007 blankMessage,2008 blankMessage,2009 blankMessage,2010 blankMessage,2011 blankMessage,2012 blankMessage,2013 blankMessage,2014 blankMessage,2015 blankMessage,2016 blankMessage,2007 updatedLater,2008 updatedLater,2009 updatedLater,2010 updatedLater,2011 updatedLater,2012 updatedLater,2013 updatedLater,2014 updatedLater,2015 updatedLater,2016 updatedLater,2007 hasParent,2008 hasParent,2009 hasParent,2010 hasParent,2011 hasParent,2012 hasParent,2013 hasParent,2014 hasParent,2015 hasParent,2016 hasParent,2007 hasPlace,2008 hasPlace,2009 hasPlace,2010 hasPlace,2011 hasPlace,2012 hasPlace,2013 hasPlace,2014 hasPlace,2015 hasPlace,2016 hasPlace,2007 hasMessageTags,2008 hasMessageTags,2009 hasMessageTags,2010 hasMessageTags,2011 hasMessageTags,2012 hasMessageTags,2013 hasMessageTags,2014 hasMessageTags,2015 hasMessageTags,2016 hasMessageTags,2007 hasSource,2008 hasSource,2009 hasSource,2010 hasSource,2011 hasSource,2012 hasSource,2013 hasSource,2014 hasSource,2015 hasSource,2016 hasSource,2007 hasTo,2008 hasTo,2009 hasTo,2010 hasTo,2011 hasTo,2012 hasTo,2013 hasTo,2014 hasTo,2015 hasTo,2016 hasTo,2007 postedFromApp,2008 postedFromApp,2009 postedFromApp,2010 postedFromApp,2011 postedFromApp,2012 postedFromApp,2013 postedFromApp,2014 postedFromApp,2015 postedFromApp,2016 postedFromApp,2007 added_photosStory,2008 added_photosStory,2009 added_photosStory,2010 added_photosStory,2011 added_photosStory,2012 added_photosStory,2013 added_photosStory,2014 added_photosStory,2015 added_photosStory,2016 added_photosStory,2007 shared_storyStory,2008 shared_storyStory,2009 shared_storyStory,2010 shared_storyStory,2011 shared_storyStory,2012 shared_storyStory,2013 shared_storyStory,2014 shared_storyStory,2015 shared_storyStory,2016 shared_storyStory,2007 added_videoStory,2008 added_videoStory,2009 added_videoStory,2010 added_videoStory,2011 added_videoStory,2012 added_videoStory,2013 added_videoStory,2014 added_videoStory,2015 added_videoStory,2016 added_videoStory,2007 mobile_status_updateStory,2008 mobile_status_updateStory,2009 mobile_status_updateStory,2010 mobile_status_updateStory,2011 mobile_status_updateStory,2012 mobile_status_updateStory,2013 mobile_status_updateStory,2014 mobile_status_updateStory,2015 mobile_status_updateStory,2016 mobile_status_updateStory,2007 published_storyStory,2008 published_storyStory,2009 published_storyStory,2010 published_storyStory,2011 published_storyStory,2012 published_storyStory,2013 published_storyStory,2014 published_storyStory,2015 published_storyStory,2016 published_storyStory,2007 created_noteStory,2008 created_noteStory,2009 created_noteStory,2010 created_noteStory,2011 created_noteStory,2012 created_noteStory,2013 created_noteStory,2014 created_noteStory,2015 created_noteStory,2016 created_noteStory,2007 wall_postStory,2008 wall_postStory,2009 wall_postStory,2010 wall_postStory,2011 wall_postStory,2012 wall_postStory,2013 wall_postStory,2014 wall_postStory,2015 wall_postStory,2016 wall_postStory,2007 created_eventStory,2008 created_eventStory,2009 created_eventStory,2010 created_eventStory,2011 created_eventStory,2012 created_eventStory,2013 created_eventStory,2014 created_eventStory,2015 created_eventStory,2016 created_eventStory,2007 noTypeStory,2008 noTypeStory,2009 noTypeStory,2010 noTypeStory,2011 noTypeStory,2012 noTypeStory,2013 noTypeStory,2014 noTypeStory,2015 noTypeStory,2016 noTypeStory
Texas Instruments,234443101357,109,0,0,0,0,0,158,903,1035,568,58,0,0,0,0,0,488,1645,1230,497,84,0,0,0,0,0,14908,114084,231653,147497,11248,0,0,0,0,0,14910,114087,231653,147547,11269,0,0,0,0,0,3311,10060,6621,2705,157,0,0,0,0,0,14,61,41,35,3,0,0,0,0,0,2,8,4,7,1,0,0,0,0,0,74,513,636,402,40,0,0,0,0,0,1,2,3,1,0,0,0,0,0,0,0,10,5,1,0,0,0,0,0,0,0,3,2,0,1,0,0,0,0,0,1,12,22,8,0,0,0,0,0,0,0,3,2,0,1,0,0,0,0,0,153,861,1008,552,54,0,0,0,0,0,138,814,984,527,57,0,0,0,0,0,15,65,42,31,1,0,0,0,0,0,0,0,0,0,0,0,0,0,0,0,3,22,7,7,0,0,0,0,0,0,1,0,0,0,0,0,0,0,0,0,0,0,0,0,0,0,0,0,0,0,0,0,0,0,0,0,0,0,0,0,1,1,2,3,0,0,0,0,0,0,0,1,0,0,0
DPR Construction,128264243859715,12,0,0,0,0,0,120,82,42,43,3,0,0,0,0,0,68,80,113,155,17,0,0,0,0,0,1449,2050,2722,3200,272,0,0,0,0,0,1449,2050,2722,3210,272,0,0,0,0,0,111,156,238,261,36,0,0,0,0,0,59,31,13,6,2,0,0,0,0,0,16,6,1,4,0,0,0,0,0,0,87,54,15,9,0,0,0,0,0,0,3,8,3,5,0,0,0,0,0,0,1,1,12,7,0,0,0,0,0,0,12,17,10,14,1,0,0,0,0,0,8,4,3,3,1,0,0,0,0,0,12,17,10,14,1,0,0,0,0,0,9,9,17,10,1,0,0,0,0,0,58,41,26,31,1,0,0,0,0,0,60,39,16,11,2,0,0,0,0,0,0,0,0,0,0,0,0,0,0,0,2,2,0,1,0,0,0,0,0,0,0,0,0,0,0,0,0,0,0,0,0,0,0,0,0,0,0,0,0,0,0,0,0,0,0,0,0,0,0,0,0,0,0,0,0,0,0,0,0,0,0,0,0,0,0
Southern Ohio Medical Center,220886824589689,32,0,0,0,0,0,271,320,247,153,24,0,0,0,0,0,716,888,527,173,111,0,0,0,0,0,6724,12611,5531,3130,581,0,0,0,0,0,6725,12613,5532,3145,593,0,0,0,0,0,1389,5257,2478,1365,177,0,0,0,0,0,77,107,66,32,8,0,0,0,0,0,7,6,17,9,0,0,0,0,0,0,177,182,179,108,18,0,0,0,0,0,1,3,8,1,0,0,0,0,0,0,11,6,1,0,0,0,0,0,0,0,0,3,4,0,0,0,0,0,0,0,10,19,12,4,2,0,0,0,0,0,0,4,4,0,0,0,0,0,0,0,236,255,186,115,22,0,0,0,0,0,135,160,148,107,10,0,0,0,0,0,49,83,63,26,8,0,0,0,0,0,0,12,7,3,2,0,0,0,0,0,69,62,29,14,4,0,0,0,0,0,11,0,0,0,0,0,0,0,0,0,0,0,0,0,0,0,0,0,0,0,0,0,0,0,0,0,0,0,0,0,0,2,0,3,0,0,0,0,0,0,7,1,0,0,0
Orrick Herrington & Sutcliffe,123116581045529,106,0,0,63,67,0,58,69,108,75,7,0,0,6,4,0,8,8,16,11,0,0,0,164,162,0,208,372,726,753,91,0,0,164,162,0,208,372,726,756,91,0,0,0,1,0,26,40,102,100,13,0,0,23,30,0,45,56,85,75,7,0,0,4,5,0,0,0,0,0,0,0,0,61,64,0,51,63,97,67,7,0,0,0,0,0,0,0,1,0,0,0,0,0,0,0,0,0,0,0,0,0,0,0,0,0,0,0,0,1,0,0,0,17,6,0,2,1,1,3,0,0,0,0,0,0,0,0,0,1,0,0,0,0,23,0,21,59,98,62,3,0,0,22,6,0,1,1,14,0,0,0,0,21,30,0,45,56,86,75,7,0,0,15,6,0,0,0,0,0,0,0,0,5,25,0,12,12,8,0,0,0,0,0,0,0,0,0,0,0,0,0,0,0,0,0,0,0,0,0,0,0,0,0,0,0,0,0,0,0,0,0,0,0,0,0,0,0,0,0,0,0,0,0,0,0,0,0,0,0,0
Adobe,305115773870,36,0,0,0,0,0,585,625,491,218,27,0,0,0,0,0,4590,6077,2045,630,39,0,0,0,0,0,60532,120710,62735,24688,8097,0,0,0,0,0,60533,120711,62742,25041,8269,0,0,0,0,0,11367,18788,10246,3071,386,0,0,0,0,0,152,43,86,69,15,0,0,0,0,0,14,9,2,1,0,0,0,0,0,0,238,208,162,81,10,0,0,0,0,0,10,16,4,2,0,0,0,0,0,0,2,1,0,1,0,0,0,0,0,0,154,94,42,5,0,0,0,0,0,0,29,34,26,17,0,0,0,0,0,0,154,93,38,5,0,0,0,0,0,0,309,561,452,200,26,0,0,0,0,0,411,570,462,197,27,0,0,0,0,0,127,31,5,6,0,0,0,0,0,0,1,21,24,14,0,0,0,0,0,0,12,3,0,1,0,0,0,0,0,0,31,0,0,0,0,0,0,0,0,0,0,0,0,0,0,0,0,0,0,0,0,0,0,0,0,0,0,0,0,0,0,0,0,0,0,0,0,0,0,0,3,0,0,0,0
Edward Jones,180423318637979,4,0,0,1,41,0,101,111,94,53,9,0,0,0,0,0,22,22,40,23,7,0,0,2,124,0,433,513,1276,1260,282,0,0,2,124,0,433,513,1276,1279,291,0,0,0,15,0,36,146,628,590,78,0,0,0,22,0,90,103,54,12,1,0,0,0,1,0,33,33,6,1,0,0,0,1,41,0,85,100,73,41,7,0,0,0,0,0,0,0,0,0,0,0,0,0,0,0,0,0,2,0,0,0,0,0,0,0,0,0,2,2,1,0,0,0,1,0,0,1,8,10,0,0,0,0,0,0,0,0,2,2,1,0,0,0,0,0,58,67,36,1,0,0,0,0,2,0,5,4,31,32,8,0,0,0,22,0,10,9,11,10,1,0,0,0,1,0,0,0,8,10,0,0,0,1,16,0,4,3,3,0,0,0,0,0,0,0,53,64,35,1,0,0,0,0,0,0,0,0,0,0,0,0,0,0,0,0,0,0,0,0,0,0,0,0,0,0,29,31,6,0,0,0,0,0,0,0,0,0,0,0,0
Container Store,59375573322,20,0,70,280,425,31,460,468,603,389,50,0,1411,3842,5517,634,7346,4660,4194,3031,483,0,1458,6507,13138,1006,49142,89041,189251,147551,24499,0,1458,6507,13138,1006,49143,89041,189251,148172,24585,0,11,21,493,19,5989,8201,13455,9814,1705,0,22,153,241,17,195,59,35,12,1,0,4,1,1,0,45,21,23,5,0,0,13,38,70,5,94,95,192,114,13,0,0,0,0,0,3,8,6,2,0,0,0,0,0,0,1,0,0,0,0,0,0,14,43,1,38,48,49,53,9,0,5,15,16,0,12,10,34,30,6,0,0,14,43,1,36,48,49,53,9,0,0,9,36,5,17,101,308,162,0,0,34,95,101,5,219,342,501,343,44,0,12,99,193,14,146,47,41,14,1,0,5,15,14,0,10,2,29,28,5,0,19,68,92,11,70,71,32,4,0,0,0,3,15,1,1,1,0,0,0,0,0,0,0,0,0,0,0,0,0,0,0,0,0,0,0,0,0,0,0,0,0,0,0,0,12,5,0,0,0,0,0,0,10,0,2,0,0,0,0
Four Seasons Hotels,106280431030,92,0,24,170,1150,55,892,585,418,215,32,0,256,1848,6450,785,12018,17389,4937,2218,256,0,1303,9053,59047,5643,328056,590501,205806,82226,5454,0,1303,9053,59049,5643,328056,590503,205817,82983,5549,0,26,121,4235,362,32964,47825,16460,9894,517,0,1,24,157,34,100,90,116,45,6,0,3,0,97,3,4,2,0,2,0,0,10,33,426,17,311,89,76,31,5,0,0,0,4,0,0,1,9,4,1,0,0,0,236,1,231,202,68,37,3,0,0,0,396,21,354,151,128,89,17,0,2,11,14,0,16,13,28,30,1,0,0,0,396,21,355,150,131,89,17,0,0,14,15,3,45,42,141,101,10,0,22,79,945,20,770,474,292,147,24,0,0,20,152,31,80,54,97,39,7,0,2,3,1,0,1,8,17,29,1,0,0,54,30,0,15,47,12,0,0,0,0,14,15,3,10,0,0,0,0,0,0,0,2,0,5,0,0,0,0,0,0,0,0,0,0,0,0,0,0,0,0,0,0,0,0,0,0,0,0,0,0,0,5,1,11,2,0,0,0
Morningstar,198056910214033,79,0,0,0,29,0,30,17,4,0,0,0,0,0,46,0,24,24,2,0,0,0,0,0,49,0,110,110,17,0,0,0,0,0,49,0,110,110,17,0,0,0,0,0,1,0,22,31,1,0,0,0,0,0,6,0,5,7,0,0,0,0,0,0,7,0,9,2,0,0,0,0,0,0,14,0,18,7,3,0,0,0,0,0,0,0,3,0,0,0,0,0,0,0,0,0,0,1,0,0,0,0,0,0,0,0,3,1,0,0,0,0,0,0,4,0,1,2,0,0,0,0,0,0,0,0,3,1,0,0,0,0,0,0,1,0,2,0,1,0,0,0,0,0,17,0,19,8,2,0,0,0,0,0,7,0,6,8,0,0,0,0,0,0,1,0,0,0,0,0,0,0,0,0,4,0,4,1,2,0,0,0,0,0,0,0,1,0,0,0,0,0,0,0,0,0,0,0,0,0,0,0,0,0,0,0,0,0,0,0,0,0,0,0,0,0,0,0,0,0,0,0,0,0,0,0,0,0,0,0,0
Bright Horizons Family Solutions,1394887180807475,74,0,0,0,0,0,0,2,72,81,2,0,0,0,0,0,0,0,24,27,0,0,0,0,0,0,0,0,486,900,26,0,0,0,0,0,0,0,486,903,26,0,0,0,0,0,0,0,223,274,2,0,0,0,0,0,0,2,38,34,1,0,0,0,0,0,0,2,14,12,0,0,0,0,0,0,0,2,60,65,2,0,0,0,0,0,0,0,5,5,0,0,0,0,0,0,0,0,1,0,0,0,0,0,0,0,0,0,5,18,1,0,0,0,0,0,0,0,1,3,0,0,0,0,0,0,0,0,5,18,1,0,0,0,0,0,0,0,0,0,0,0,0,0,0,0,0,0,30,40,1,0,0,0,0,0,0,0,29,26,1,0,0,0,0,0,0,0,0,2,0,0,0,0,0,0,0,0,0,1,0,0,0,0,0,0,0,0,0,0,0,0,0,0,0,0,0,0,0,0,0,0,0,0,0,0,0,0,0,0,0,0,0,0,0,0,0,0,13,12,0,0,0,0,0,0,0,2,0,0,0
USAA,161179599992,18,0,5,161,194,5,172,222,388,218,27,0,36,112,198,1,158,232,1031,793,86,0,49,406,630,13,1428,2927,14914,7290,716,0,49,406,630,13,1428,2929,14914,7379,737,0,0,0,16,0,183,834,4723,4922,421,0,3,83,126,4,123,122,204,105,11,0,0,2,2,0,49,32,22,1,0,0,4,114,120,4,123,141,238,135,17,0,0,0,1,0,5,8,6,2,0,0,0,0,0,0,9,5,1,0,0,0,0,0,5,0,8,20,43,37,1,0,0,11,4,0,9,21,31,6,1,0,0,0,5,0,7,20,44,37,1,0,0,22,113,5,44,111,217,121,27,0,0,5,10,0,23,85,167,106,16,0,3,72,49,2,60,112,209,107,11,0,0,7,0,0,2,0,0,1,0,0,2,66,59,1,20,7,11,4,0,0,0,11,76,2,28,0,0,0,0,0,0,0,0,0,0,0,0,0,0,0,0,0,0,0,0,0,0,0,0,0,0,0,0,0,39,18,1,0,0,0,0,0,0,0,0,0,0,0,0
Shared Technologies- ARI,328179703901867,91,0,0,0,0,0,17,127,283,198,20,0,0,0,0,0,3,0,1,2,0,0,0,0,0,0,17,72,41,41,3,0,0,0,0,0,17,72,41,41,3,0,0,0,0,0,2,5,11,8,0,0,0,0,0,0,14,114,265,188,19,0,0,0,0,0,4,3,0,0,0,0,0,0,0,0,16,127,282,196,20,0,0,0,0,0,0,0,0,0,0,0,0,0,0,0,0,0,0,0,0,0,0,0,0,0,0,0,0,0,0,0,0,0,0,0,1,3,8,1,0,0,0,0,0,0,0,0,0,0,0,0,0,0,0,0,0,80,282,198,20,0,0,0,0,0,2,4,5,4,0,0,0,0,0,0,12,113,265,188,19,0,0,0,0,0,0,0,0,0,0,0,0,0,0,0,1,9,13,6,1,0,0,0,0,0,0,0,0,0,0,0,0,0,0,0,0,0,0,0,0,0,0,0,0,0,0,0,0,0,0,0,0,0,0,0,2,1,0,0,0,0,0,0,0,0,0,0,0,0,0
Microsoft,9298666412,70,0,50,243,337,1,496,520,322,168,31,0,125,682,1578,6,4305,5248,1661,2229,114,0,522,4447,9218,41,31330,60228,24448,15831,1979,0,522,4456,9228,41,31330,60228,24449,15965,2033,0,6,1,427,0,7449,11869,3392,1876,197,0,36,218,272,1,229,117,226,116,24,0,15,9,8,0,17,18,13,4,0,0,27,94,142,0,158,123,107,57,7,0,0,0,11,0,24,17,17,4,1,0,0,0,0,0,8,10,5,2,0,0,0,0,1,0,98,231,78,9,2,0,8,4,28,0,19,18,23,13,1,0,0,0,1,0,98,230,78,9,2,0,0,14,5,0,3,86,220,145,27,0,4,0,24,0,169,281,70,33,7,0,35,220,279,1,249,125,237,116,24,0,8,0,0,0,2,0,0,2,0,0,3,8,23,0,62,108,14,16,0,0,0,14,5,0,0,0,0,0,0,0,0,1,0,0,0,0,0,0,0,0,0,0,0,0,0,0,0,0,0,0,0,0,0,0,0,3,1,1,0,0,0,0,6,0,14,3,0,0,0
JM Family Enterprises,215824265320,16,0,0,0,0,0,0,0,0,34,16,0,0,0,0,0,0,0,0,17,132,0,0,0,0,0,0,0,0,1139,1826,0,0,0,0,0,0,0,0,1164,1937,0,0,0,0,0,0,0,0,182,184,0,0,0,0,0,0,0,0,9,1,0,0,0,0,0,0,0,0,4,2,0,0,0,0,0,0,0,0,22,6,0,0,0,0,0,0,0,0,3,0,0,0,0,0,0,0,0,0,0,0,0,0,0,0,0,0,0,0,9,3,0,0,0,0,0,0,0,0,5,0,0,0,0,0,0,0,0,0,9,3,0,0,0,0,0,0,0,0,0,9,0,0,0,0,0,0,0,0,21,12,0,0,0,0,0,0,0,0,11,1,0,0,0,0,0,0,0,0,2,0,0,0,0,0,0,0,0,0,0,3,0,0,0,0,0,0,0,0,0,0,0,0,0,0,0,0,0,0,0,0,0,0,0,0,0,0,0,0,0,0,0,0,0,0,0,0,0,0,0,0,0,0,0,0,0,0,0,0,0,0
QuikTrip,5890187327,60,0,0,44,61,1,188,284,314,231,26,0,0,16762,26815,94,37187,47241,77950,12418,660,0,0,25018,67781,485,196253,229763,222383,137375,9410,0,0,25018,67781,485,196253,229763,222407,138795,9483,0,0,34,785,0,14539,15040,47792,24881,1940,0,0,6,4,0,21,8,9,3,0,0,0,1,0,0,11,8,24,21,1,0,0,4,1,0,28,43,42,24,4,0,0,0,0,0,0,2,5,0,0,0,0,0,0,0,3,1,0,0,0,0,0,0,0,0,6,6,13,13,4,0,0,0,0,0,0,4,29,40,6,0,0,0,0,0,6,6,13,13,4,0,0,0,0,0,36,196,276,191,19,0,0,8,17,0,107,169,235,186,20,0,0,7,4,0,14,10,11,3,0,0,0,0,0,0,0,3,25,37,6,0,0,29,38,1,48,97,42,5,0,0,0,0,0,0,0,0,0,0,0,0,0,0,0,0,0,0,0,0,0,0,0,0,0,0,0,0,0,0,0,0,0,0,0,0,7,0,1,0,0,0,0,0,2,0,12,5,0,0,0
David Weekley Homes,8146864018,113,4,8,18,60,0,239,617,1001,534,67,1,1,17,51,0,576,2449,9331,9655,2225,3,17,86,224,0,4313,17416,36863,32223,8172,3,17,86,224,0,4313,17416,36866,32649,8337,0,0,0,14,0,588,2170,3131,2778,668,0,1,8,34,0,57,110,239,153,9,3,3,2,4,0,7,9,27,19,1,3,7,13,46,0,119,318,419,192,17,0,0,0,1,0,10,25,52,22,0,0,0,0,0,0,0,0,2,2,0,0,0,0,1,0,6,26,59,42,8,2,2,0,1,0,5,9,65,43,3,0,0,0,1,0,6,27,60,42,8,0,0,0,0,0,0,247,337,18,0,1,1,5,9,0,132,466,606,285,55,0,1,8,34,0,66,124,283,173,9,2,2,0,0,0,4,5,57,41,3,0,1,5,14,0,30,13,47,33,0,0,0,0,0,0,0,9,6,2,0,1,2,0,2,0,3,0,0,0,0,0,1,0,0,0,0,0,0,0,0,0,0,0,0,0,0,0,1,0,0,0,0,0,1,0,4,0,1,0,0
Robert W. Baird,148731991811588,19,0,0,1,113,1,121,149,178,86,10,0,0,0,0,0,25,61,66,31,3,0,0,0,173,8,833,1893,3602,2082,121,0,0,0,173,8,833,1893,3602,2100,125,0,0,0,1,0,41,199,520,469,50,0,0,1,69,0,71,82,110,30,5,0,0,1,1,0,6,2,1,0,0,0,0,1,113,1,108,102,111,64,7,0,0,0,0,0,4,9,8,6,0,0,0,0,0,0,2,7,3,1,0,0,0,0,3,0,43,92,78,24,1,0,0,0,0,0,7,12,21,6,1,0,0,0,3,0,43,92,78,24,1,0,0,0,89,1,28,29,51,17,5,0,0,0,0,0,25,57,64,50,5,0,0,0,20,0,59,81,113,35,5,0,0,0,0,0,0,0,0,0,0,0,0,0,7,1,25,10,1,1,0,0,0,0,49,0,11,0,0,0,0,0,0,0,0,0,0,0,0,0,0,0,0,0,0,0,0,0,0,0,0,0,0,0,0,0,0,0,0,0,0,0,0,1,37,0,1,1,0,0,0
Boston Consulting Group,24961338115,2,0,5,102,150,0,354,548,402,130,7,0,9,106,214,0,454,495,472,237,13,0,53,976,3105,0,13333,17661,17577,9045,335,0,53,976,3105,0,13333,17661,17577,9072,338,0,0,2,370,0,2321,2863,3135,1444,64,0,3,100,148,0,325,462,218,2,0,0,0,1,76,0,1,0,12,8,2,0,2,54,79,0,205,383,238,46,3,0,0,0,0,0,2,1,13,14,2,0,0,0,0,0,1,0,0,0,0,0,0,0,24,0,192,218,117,25,0,0,0,0,6,0,33,67,62,17,2,0,0,0,24,0,192,218,116,25,0,0,0,0,0,0,9,1,49,73,4,0,0,0,0,0,11,39,151,100,3,0,3,100,148,0,318,465,228,16,2,0,0,0,0,0,1,0,6,14,2,0,2,2,2,0,15,44,17,0,0,0,0,0,0,0,9,0,0,0,0,0,0,0,0,0,0,0,0,0,0,0,0,0,0,0,0,0,0,0,0,0,0,0,0,0,0,0,0,0,0,0,0,0,0,0,0,0,0,0,0
Build-A-Bear Workshop,8783725165,57,6,81,200,38,3,49,165,206,194,50,0,1651,21553,3583,197,4405,18066,15587,16764,696,9,3651,59472,10716,822,109000,436989,171493,121284,7318,9,3652,59524,10716,822,109000,436989,171536,126603,7667,0,59,477,67,0,10971,52631,42909,17546,2005,0,18,58,18,2,8,46,56,26,3,0,7,9,4,0,12,35,19,19,1,6,42,50,8,0,5,21,23,14,6,0,0,0,0,0,0,2,2,11,0,0,0,0,0,0,0,1,4,2,0,0,1,1,1,0,2,6,39,26,1,0,2,5,3,0,4,8,20,23,1,0,1,1,1,0,2,6,39,26,1,0,0,6,3,3,0,0,3,73,45,0,24,92,14,0,39,129,152,141,46,0,17,56,16,2,4,22,42,37,3,0,2,2,0,0,0,1,4,6,1,0,14,47,7,0,4,5,6,10,0,0,0,3,1,1,0,0,0,0,0,0,0,0,0,0,0,0,0,0,0,6,24,0,0,0,0,0,0,0,0,0,0,0,0,0,1,7,2,0,0,0,0,0,0,0,1,1,0,0,0
Brocade Communications Systems,111983056070,96,0,69,227,288,1,382,713,381,140,17,0,4,67,143,5,195,235,81,75,5,0,129,649,2077,14,4769,9799,5504,2986,219,0,129,649,2077,14,4769,9799,5504,3014,219,0,2,0,28,0,514,1243,810,795,51,0,62,213,142,1,196,328,188,50,5,0,3,102,36,0,13,8,12,7,1,0,66,188,206,0,295,625,323,99,13,0,0,0,4,0,13,6,12,15,2,0,0,0,1,0,6,4,10,4,0,0,0,0,13,0,41,59,34,26,2,0,25,49,15,0,44,39,33,14,1,0,0,0,13,0,41,59,34,26,2,0,0,0,114,0,135,427,238,64,10,0,2,9,36,0,76,186,123,76,10,0,62,210,138,1,199,334,194,61,6,0,0,0,1,0,0,1,10,3,1,0,5,8,27,0,81,191,54,0,0,0,0,0,3,0,0,0,0,0,0,0,0,0,0,0,0,0,0,0,0,0,0,0,0,0,0,0,0,0,0,0,0,0,0,0,3,1,0,0,0,0,0,0,83,0,23,0,0,0,0
Google,104958162837,1,0,104,344,319,11,157,203,191,14,3,0,1997,26814,69463,5013,138193,56724,42538,8149,1416,0,7711,146826,507855,43530,797774,299501,220889,25028,5147,0,7722,146838,507865,43534,797780,299551,220957,26013,5396,0,89,2088,24393,3164,102298,41376,22445,3295,707,0,9,230,245,7,77,73,43,3,0,0,0,5,0,0,3,2,4,0,0,0,9,69,157,3,40,33,28,1,2,0,0,2,0,0,6,6,5,0,0,0,0,0,0,0,0,0,0,0,0,0,3,33,33,0,17,32,24,0,1,0,1,45,59,2,46,51,33,5,1,0,3,33,33,0,17,32,24,0,1,0,0,1,3,0,1,10,14,13,3,0,0,26,41,3,70,112,130,8,2,0,9,227,244,7,83,78,48,1,0,0,0,2,0,0,0,11,13,5,1,0,5,10,18,1,4,2,0,0,0,0,0,1,3,0,0,0,0,0,0,0,90,78,13,0,0,0,0,0,0,0,0,0,0,0,0,0,0,0,0,0,0,0,0,0,0,0,0,0,0,0,0,0,0,0,0,0,0,0,0
St. Jude Children's Research Hospital,6435441794,34,0,0,0,0,0,324,453,381,85,0,0,0,0,0,0,76053,94100,76677,11660,0,0,0,0,0,0,3828841,6757770,5646406,863694,0,0,0,0,0,0,3828843,6757783,5646476,865881,0,0,0,0,0,0,283261,465581,343510,58565,0,0,0,0,0,0,82,61,56,29,0,0,0,0,0,0,5,12,4,0,0,0,0,0,0,0,58,64,73,23,0,0,0,0,0,0,4,10,22,7,0,0,0,0,0,0,0,2,0,0,0,0,0,0,0,0,136,175,119,17,0,0,0,0,0,0,14,9,16,12,0,0,0,0,0,0,137,175,119,17,0,0,0,0,0,0,1,79,204,68,0,0,0,0,0,0,217,388,305,49,0,0,0,0,0,0,88,61,73,36,0,0,0,0,0,0,2,0,1,0,0,0,0,0,0,0,13,4,2,0,0,0,0,0,0,0,0,0,0,0,0,0,0,0,0,0,0,0,0,0,0,0,0,0,0,0,0,0,0,0,0,0,0,0,0,0,0,0,0,0,0,0,0,0,0,0,4,0,0,0,0
Accenture,20341500871,82,2,17,64,155,1,226,249,224,186,20,0,2,43,108,0,163,167,122,99,4,0,38,214,926,5,3644,4155,4566,2904,108,0,38,214,926,5,3644,4155,4567,2914,108,0,0,0,37,0,504,568,750,577,9,2,6,21,118,1,159,141,108,71,5,0,0,0,2,0,5,5,2,0,1,2,15,49,113,1,178,199,165,146,14,0,2,2,0,0,8,21,5,6,2,0,0,0,0,0,0,0,0,0,0,0,0,0,0,0,10,42,25,33,3,0,3,9,3,0,19,23,33,15,5,0,0,0,0,0,10,42,25,33,3,0,0,0,27,1,53,0,102,162,18,2,1,2,10,0,38,72,98,104,10,0,7,21,91,0,127,162,106,70,7,0,2,7,2,0,1,1,14,11,3,0,6,34,26,0,18,14,6,1,0,0,0,0,25,1,40,0,0,0,0,0,0,0,1,0,2,0,0,0,0,0,1,0,0,0,0,0,0,0,0,0,0,0,0,0,0,0,0,0,0,0,0,0,0,0,0,0,0,0,0
Salesforce.com,5634829153,25,3,33,160,143,3,313,464,414,231,23,0,104,623,1193,6,7911,5683,1613,914,107,6,472,3429,9273,233,116981,94085,32412,15405,1260,6,472,3429,9273,233,116981,94085,32415,15583,1282,4,10,25,528,40,14598,11342,4864,2634,271,0,20,137,110,2,60,27,73,88,9,1,10,11,6,1,22,2,3,1,0,3,17,51,43,2,102,207,169,58,5,0,0,2,1,0,14,4,0,0,0,0,0,0,1,0,4,1,0,0,0,0,0,5,0,0,78,113,30,18,5,3,8,14,15,0,14,11,12,11,1,0,0,5,0,0,78,113,30,18,5,0,0,0,5,0,51,209,307,217,20,0,8,21,45,1,242,434,335,136,13,0,18,135,86,2,58,23,70,87,9,3,2,0,2,0,0,2,7,8,1,0,5,4,1,0,5,3,2,0,0,0,0,0,5,0,0,0,0,0,0,0,0,0,0,0,0,0,0,0,0,0,0,0,0,0,0,0,0,0,0,0,0,0,0,0,0,0,0,0,0,0,0,0,4,0,8,2,0,0,0
Mattel,148757037599,73,0,36,63,144,6,76,92,118,84,4,0,34,186,2130,92,2745,2647,1394,985,172,0,258,877,4205,236,10237,7556,15050,12508,1103,0,258,885,4205,236,10237,7559,15053,12795,1126,0,36,76,486,3,2640,960,2753,2344,286,0,22,33,58,1,25,25,35,22,1,0,2,0,0,0,5,8,3,1,0,0,26,31,47,3,21,16,33,33,0,0,0,3,6,0,6,8,5,2,0,0,0,0,0,0,0,0,3,0,0,0,0,0,46,2,20,27,57,54,2,0,1,6,18,0,6,4,15,13,1,0,0,0,46,2,20,27,57,54,2,0,0,2,2,1,0,0,0,0,0,0,12,17,34,1,39,48,69,51,3,0,22,37,70,0,30,33,40,24,1,0,1,3,8,0,0,0,6,7,0,0,1,4,19,3,6,9,3,2,0,0,0,2,0,1,0,0,0,0,0,0,0,0,1,0,0,0,0,0,0,0,0,0,0,0,0,0,0,0,0,0,0,0,0,0,0,0,0,0,0,0,0,0,12,1,1,2,0,0,0
Monsanto,44495818682,104,0,35,95,175,1,93,218,343,240,31,0,285,911,1671,19,12319,42790,31045,14860,1348,0,509,1383,2157,63,6072,33370,73779,62017,7627,0,510,1383,2160,63,6072,33378,73857,64117,8115,0,54,28,218,0,1645,6848,19417,17111,1775,0,26,89,169,1,87,171,183,112,9,0,5,14,14,0,3,2,9,8,0,0,28,76,158,0,72,152,200,123,13,0,0,0,2,0,1,0,0,3,1,0,0,0,0,0,0,0,1,0,0,0,0,4,0,0,1,2,4,1,1,0,14,7,19,0,4,7,43,42,13,0,0,4,0,0,2,2,4,1,1,0,0,0,0,0,0,0,33,92,21,0,1,5,2,0,1,39,127,87,7,0,25,88,170,1,89,172,181,111,10,0,3,0,3,0,0,1,28,37,13,0,6,2,0,0,3,6,7,4,1,0,0,0,0,0,0,0,0,0,0,0,0,0,0,0,0,0,0,1,0,0,0,0,0,0,0,0,0,0,0,0,0,0,0,0,0,0,0,0,0,0,0,0,0,0,0,0,0,0,0
"ARI, Automotive Resources International",282991730710,114,0,0,23,70,0,313,373,336,193,22,0,0,0,0,0,29,68,97,127,17,0,0,0,1,0,674,2454,2511,2139,276,0,0,0,1,0,674,2454,2511,2181,280,0,0,0,0,0,66,198,330,476,97,0,0,20,66,0,263,293,297,172,17,0,0,0,0,0,129,164,45,1,1,0,0,23,70,0,298,336,274,148,15,0,0,0,0,0,25,25,11,5,2,0,0,0,0,0,2,4,1,5,0,0,0,0,0,0,4,14,25,19,2,0,0,0,0,0,14,11,10,7,0,0,0,0,0,0,4,15,25,19,2,0,0,0,0,0,2,4,1,0,0,0,0,0,0,0,38,78,58,27,6,0,0,20,66,0,270,294,277,166,16,0,0,0,0,0,0,0,1,0,0,0,0,3,4,0,3,1,0,0,0,0,0,0,0,0,2,0,0,0,0,0,0,0,0,0,0,0,0,0,0,0,0,0,0,0,0,0,0,0,0,0,0,0,0,0,0,0,0,0,0,0,0,0,0,0,0,0,0,0,0
Men's Wearhouse,199928852452,50,0,0,175,265,15,460,459,333,183,36,0,0,572,3591,118,13384,20412,4619,1711,1169,0,0,848,4004,277,244205,354559,125564,128810,40015,0,0,848,4004,277,244206,354566,125564,132801,42220,0,0,16,359,3,20366,28634,15500,4951,5808,0,0,118,181,8,108,35,26,7,3,0,0,1,1,0,10,16,9,4,1,0,0,64,85,2,100,140,104,51,10,0,0,0,2,0,3,0,4,5,1,0,0,0,0,0,0,2,3,0,0,0,0,0,1,0,22,15,28,43,11,0,0,0,1,0,16,16,17,8,2,0,0,0,1,0,22,15,28,42,11,0,0,0,0,0,45,4,37,85,24,0,0,4,5,0,310,385,289,163,30,0,0,117,189,8,75,20,26,11,4,0,0,0,0,0,0,10,15,8,2,0,0,54,67,6,38,32,3,1,0,0,0,0,0,0,29,0,0,0,0,0,0,0,0,0,0,0,0,0,0,0,0,0,0,0,0,0,0,0,0,0,0,0,0,0,2,12,0,0,0,0,0,0,4,1,6,0,0,0,0
MITRE,151373044800,100,0,32,328,325,12,258,248,286,158,5,0,80,1964,2740,285,2113,551,223,285,12,0,216,1692,2436,99,8578,9063,4863,2188,47,0,216,1692,2436,99,8578,9063,4863,2189,48,0,2,2,112,0,732,752,703,454,8,0,9,41,76,0,83,54,48,9,2,0,2,14,11,0,34,10,17,6,0,0,10,114,126,2,83,129,196,113,2,0,0,0,2,0,17,11,18,3,0,0,0,0,0,0,3,2,0,1,0,0,0,14,21,0,30,65,87,33,3,0,1,15,40,0,13,29,67,21,0,0,0,14,21,0,30,66,88,33,3,0,0,0,0,0,0,24,92,86,3,0,7,32,29,0,123,174,189,127,3,0,4,35,76,0,59,44,61,10,2,0,0,9,8,0,0,11,36,19,0,0,15,232,175,11,62,13,0,2,0,0,0,0,0,0,0,0,0,0,0,0,6,20,10,0,5,0,0,0,0,0,0,0,0,0,0,0,0,0,0,0,0,0,0,0,0,0,0,0,0,0,0,0,27,1,9,6,0,0,0
Cisco,134134190357,80,0,3,0,1,17,806,1076,408,270,107,0,0,0,0,0,4,6,2,0,0,0,1,0,0,1,72,126,74,3,0,0,1,0,0,1,72,126,74,3,0,0,1,0,0,0,9,17,7,0,0,0,3,0,1,0,55,460,408,270,107,0,0,0,1,0,52,460,407,270,107,0,3,0,1,17,802,1074,407,270,107,0,0,0,0,0,0,0,0,0,0,0,0,0,0,0,0,0,0,0,0,0,0,0,0,0,0,0,0,0,0,0,1,0,0,0,0,0,0,0,0,0,0,0,0,0,0,0,0,0,0,0,0,0,0,17,805,1076,407,270,107,0,0,0,0,0,0,0,0,0,0,0,3,0,1,0,55,460,408,270,107,0,0,0,0,0,0,0,0,0,0,0,0,0,0,17,751,616,0,0,0,0,0,0,0,0,0,0,0,0,0,0,0,0,0,0,0,0,0,0,0,0,0,0,0,0,0,0,0,0,0,0,0,0,0,0,0,0,0,0,0,0,0,0,0,0,0,0,0,0,0
Kiewit Corporation,210762462323361,126,0,0,0,0,0,95,171,198,122,17,0,0,0,0,0,347,630,654,469,57,0,0,0,0,0,7699,17782,19353,14576,2365,0,0,0,0,0,7699,17782,19353,14633,2384,0,0,0,0,0,697,1826,2309,2387,414,0,0,0,0,0,50,57,53,24,1,0,0,0,0,0,3,5,2,0,0,0,0,0,0,0,28,44,74,44,7,0,0,0,0,0,3,4,8,5,0,0,0,0,0,0,0,0,0,0,0,0,0,0,0,0,1,0,2,0,0,0,0,0,0,0,4,7,12,14,0,0,0,0,0,0,1,0,2,0,0,0,0,0,0,0,0,0,79,108,17,0,0,0,0,0,40,108,136,91,16,0,0,0,0,0,53,61,55,29,1,0,0,0,0,0,0,2,5,1,0,0,0,0,0,0,1,0,2,1,0,0,0,0,0,0,0,0,0,0,0,0,0,0,0,0,0,0,0,0,0,0,0,0,0,0,0,0,0,0,0,0,0,0,0,0,0,0,0,0,0,0,0,0,0,0,1,0,0,0,0
Publix Super Markets,209968985766607,72,0,0,0,0,0,388,633,564,346,52,0,0,0,0,0,3907,6431,6220,2643,384,0,0,0,0,0,12303,26609,32824,21910,3119,0,0,0,0,0,12303,26609,32824,22348,3199,0,0,0,0,0,2398,4805,7623,5150,1646,0,0,0,0,0,125,230,201,123,21,0,0,0,0,0,46,38,55,55,11,0,0,0,0,0,113,188,104,76,18,0,0,0,0,0,2,7,5,15,1,0,0,0,0,0,0,4,2,2,1,0,0,0,0,0,0,1,4,6,1,0,0,0,0,0,0,4,18,20,4,0,0,0,0,0,0,1,4,6,1,0,0,0,0,0,224,419,119,0,0,0,0,0,0,0,253,387,344,196,26,0,0,0,0,0,83,179,151,88,11,0,0,0,0,0,0,1,7,9,4,0,0,0,0,0,3,8,9,5,1,0,0,0,0,0,9,23,2,0,0,0,0,0,0,0,0,0,0,0,0,0,0,0,0,0,0,0,0,0,0,0,0,0,0,0,40,35,51,48,10,0,0,0,0,0,0,0,0,0,0
Vanderbilt University,99104920858,110,0,77,194,278,8,682,696,524,426,76,0,5,34,858,48,7448,5946,8849,7271,1736,0,8,162,3186,211,137947,149956,254144,242214,54773,0,8,162,3186,211,137947,149956,254144,245034,56096,0,3,2,366,2,17414,16886,35831,38250,11783,0,59,159,178,5,433,443,398,367,67,0,2,1,1,0,7,0,3,0,0,0,74,178,155,2,221,228,75,70,7,0,0,1,11,0,13,5,10,3,1,0,0,0,0,0,2,0,3,0,0,0,1,9,29,1,39,47,84,151,37,0,2,6,20,3,74,63,26,13,5,0,1,9,29,1,38,47,81,151,37,0,0,0,21,1,76,346,301,344,72,0,4,4,12,0,119,190,94,51,5,0,58,162,191,5,456,458,404,366,68,0,1,1,0,0,1,0,6,2,2,0,13,27,55,2,98,47,19,7,1,0,0,0,17,1,0,0,0,0,0,0,1,0,0,0,0,0,1,0,0,0,0,0,3,0,0,0,0,0,0,0,0,0,0,0,4,0,0,0,0,0,0,0,0,0,4,1,0,0,0
Allianz Life Insurance,293573224082477,46,0,0,0,0,0,81,282,253,116,9,0,0,0,0,0,3,55,103,53,2,0,0,0,0,0,220,1141,1923,1186,89,0,0,0,0,0,220,1141,1923,1195,91,0,0,0,0,0,14,74,90,53,5,0,0,0,0,0,57,141,83,15,0,0,0,0,0,0,3,5,16,3,0,0,0,0,0,0,79,253,208,88,7,0,0,0,0,0,0,2,17,17,1,0,0,0,0,0,0,1,1,4,1,0,0,0,0,0,0,0,3,0,0,0,0,0,0,0,0,10,8,9,0,0,0,0,0,0,0,0,3,0,0,0,0,0,0,0,0,0,1,0,0,0,0,0,0,0,15,127,134,77,7,0,0,0,0,0,55,140,99,32,1,0,0,0,0,0,0,1,1,5,0,0,0,0,0,0,10,14,18,2,1,0,0,0,0,0,0,0,0,0,0,0,0,0,0,0,0,0,0,0,0,0,0,0,0,0,0,0,0,0,0,0,0,0,0,0,1,0,0,0,0,0,0,0,0,0,0,0,1,0,0
Starbucks,22092443056,67,0,5,122,211,7,103,81,65,14,2,0,239,118228,217701,8581,120092,46648,55161,17916,6650,0,303,962403,2578989,112536,3235754,3891694,3589807,1036585,365159,0,303,962404,2578990,112536,3235755,3891726,3589990,1042498,365289,0,37,596,57158,275,160119,148476,96848,45748,8075,0,0,87,102,3,22,6,12,2,0,0,0,0,7,0,5,0,1,0,0,0,0,23,37,0,22,18,18,1,0,0,0,0,0,0,0,0,0,0,0,0,0,0,0,0,7,1,1,0,0,0,0,25,25,2,5,2,2,0,0,0,3,16,21,0,6,3,3,0,0,0,0,25,25,2,5,2,2,0,0,0,0,1,3,0,18,24,8,0,0,0,0,10,82,1,77,71,50,14,2,0,0,87,96,3,18,3,8,0,0,0,3,11,5,0,0,3,3,0,0,0,0,12,22,3,7,4,3,0,0,0,0,0,2,0,0,0,0,0,0,0,2,0,0,0,0,0,0,0,0,0,0,0,0,0,0,0,0,0,0,0,0,0,0,0,0,0,0,0,0,0,0,2,4,0,1,0,1,0,0
Kimpton Hotels & Restaurants,51530158577,15,0,104,257,238,0,367,336,231,124,3,0,678,1231,1018,0,2230,3520,2883,2072,31,0,904,2669,3972,0,13466,25383,34758,27423,461,0,904,2669,3972,0,13466,25383,34758,27678,483,0,6,6,103,0,2153,3283,1662,3218,17,0,56,187,163,0,107,30,12,6,0,0,5,8,1,0,4,5,3,2,0,0,30,71,65,0,115,59,33,9,0,0,0,3,3,0,16,6,6,0,0,0,0,0,1,0,0,2,1,0,0,0,0,9,36,0,113,141,110,64,2,0,3,14,5,0,7,11,26,9,0,0,0,9,36,0,113,142,110,64,2,0,0,0,0,0,13,52,12,6,0,0,8,23,36,0,219,286,194,110,3,0,56,182,168,0,122,34,18,6,0,0,0,2,1,0,1,3,18,7,0,0,35,38,31,0,23,12,1,1,0,0,0,0,0,0,0,0,0,0,0,0,5,10,1,0,0,0,0,0,0,0,0,2,0,0,0,0,0,0,0,0,0,0,0,0,0,0,0,0,0,0,0,0,1,0,2,1,0,0,0
American Express,6185812851,55,1,62,127,79,4,192,436,562,331,41,6,233,6589,18998,407,18055,11674,10299,3688,384,13,1350,11413,64977,1604,398358,374962,267030,41967,2584,13,1350,11413,64977,1604,398360,374962,267031,42131,2644,0,80,142,319,5,22469,19358,15438,6201,297,0,6,64,36,3,41,58,45,20,1,0,4,1,5,0,12,12,17,9,0,0,26,71,37,3,52,84,54,43,5,0,0,2,0,0,2,5,9,6,0,0,0,0,0,0,5,4,3,1,0,0,0,1,1,0,33,106,165,102,9,0,6,3,0,1,12,56,94,53,9,0,0,1,1,0,33,106,164,102,9,0,0,56,62,3,79,190,326,220,31,0,16,22,8,0,138,344,440,264,32,0,3,15,1,0,16,50,35,20,0,0,6,2,0,1,7,37,85,47,9,0,4,21,33,0,5,5,2,0,0,0,0,49,34,3,21,0,0,0,0,1,33,18,0,0,0,0,0,0,0,0,0,0,0,0,0,0,0,0,0,0,0,0,0,0,2,0,0,0,0,0,0,0,3,0,3,0,0,0,0
American Fidelity Assurance,333011163569,42,0,0,0,0,0,330,452,420,237,21,0,0,0,0,0,66,157,101,76,8,0,0,0,0,0,1843,4254,5084,2714,330,0,0,0,0,0,1843,4254,5084,2733,336,0,0,0,0,0,79,380,557,457,136,0,0,0,0,0,106,56,15,10,2,0,0,0,0,0,1,5,10,8,0,0,0,0,0,0,301,380,343,190,16,0,0,0,0,0,0,2,13,8,1,0,0,0,0,0,0,2,0,0,0,0,0,0,0,0,14,101,96,46,5,0,0,0,0,0,5,3,11,11,2,0,0,0,0,0,14,101,96,46,5,0,0,0,0,0,217,37,4,1,0,0,0,0,0,0,6,50,228,188,16,0,0,0,0,0,69,56,27,17,3,0,0,0,0,0,0,0,5,9,1,0,0,0,0,0,220,346,160,23,1,0,0,0,0,0,35,0,0,0,0,0,0,0,0,0,0,0,0,0,0,0,0,0,0,0,0,0,0,0,0,0,0,0,0,0,0,0,0,0,0,0,0,0,0,0,0,0,0,0,0
PCL Construction Enterprises,109150299248234,26,0,0,0,0,0,58,358,470,253,29,0,0,0,0,0,86,424,547,305,50,0,0,0,0,0,1116,7519,13285,7840,1066,0,0,0,0,0,1116,7519,13285,7874,1075,0,0,0,0,0,97,546,1075,1101,215,0,0,0,0,0,27,200,221,116,16,0,0,0,0,0,5,22,48,26,1,0,0,0,0,0,37,207,258,137,23,0,0,0,0,0,2,20,45,43,3,0,0,0,0,0,1,1,2,0,1,0,0,0,0,0,3,55,161,96,16,0,0,0,0,0,2,32,33,27,4,0,0,0,0,0,4,57,162,96,16,0,0,0,0,0,0,6,0,1,1,0,0,0,0,0,26,125,192,92,13,0,0,0,0,0,27,217,261,158,16,0,0,0,0,0,0,1,2,1,0,0,0,0,0,0,3,15,14,2,0,0,0,0,0,0,0,0,0,0,0,0,0,0,0,0,2,0,0,0,0,0,0,0,0,0,0,0,0,0,0,0,0,0,0,0,0,0,1,0,0,0,0,0,0,0,0,0,0,0,0
Methodist Hospital System,113508065350010,48,0,0,0,1,0,118,169,122,52,1,0,0,0,0,0,11,49,59,48,0,0,0,0,0,0,160,862,1223,758,4,0,0,0,0,0,162,862,1223,767,4,0,0,0,0,0,47,86,132,86,2,0,0,0,1,0,82,114,89,36,1,0,0,0,0,0,9,5,5,3,0,0,0,0,1,0,109,144,98,32,1,0,0,0,0,0,19,8,9,3,0,0,0,0,0,0,3,2,0,0,0,0,0,0,0,0,19,27,17,13,0,0,0,0,0,0,5,9,6,5,0,0,0,0,0,0,19,27,17,13,0,0,0,0,0,0,0,0,0,0,0,0,0,0,0,0,12,19,16,12,0,0,0,0,1,0,99,120,98,39,1,0,0,0,0,0,1,0,0,1,0,0,0,0,0,0,5,30,8,0,0,0,0,0,0,0,0,0,0,0,0,0,0,0,0,0,0,0,0,0,0,0,0,0,0,0,0,0,0,0,0,0,0,0,0,0,1,0,0,0,0,0,0,0,0,0,0,0,0,0,0
FactSet Research Systems,47276510407,69,0,36,256,378,9,348,318,275,102,4,0,16,185,320,7,315,242,118,77,4,0,298,1644,3357,34,8036,10494,9736,5652,345,0,298,1644,3357,34,8036,10494,9736,5721,352,0,23,2,125,3,584,716,520,350,6,0,19,106,132,5,106,107,87,28,0,0,3,0,3,1,14,16,17,4,0,0,25,160,223,7,232,217,211,66,2,0,0,0,0,0,1,1,4,0,0,0,0,0,7,0,37,38,32,8,0,0,0,0,14,0,28,32,33,13,1,0,3,4,12,0,13,12,7,1,0,0,0,0,14,0,29,32,36,13,1,0,0,0,0,0,0,2,43,33,0,0,16,86,112,2,134,134,124,53,4,0,10,79,111,5,101,101,85,28,0,0,3,1,5,0,1,0,2,0,0,0,4,89,150,2,112,82,64,21,0,0,0,0,0,0,0,0,0,0,0,0,3,1,0,0,0,0,0,0,0,0,0,0,0,0,0,0,0,0,0,0,0,0,0,0,0,1,0,0,0,0,0,0,0,0,0,0,0,0,0
Autodesk,74463019717,47,0,0,3,63,1,194,229,355,120,2,0,0,7,274,5,554,60,58,45,2,0,0,52,806,17,2523,1753,3966,3791,130,0,0,52,806,17,2523,1759,3969,3794,136,0,0,0,45,0,421,234,522,169,3,0,0,2,31,0,112,178,205,62,1,0,0,0,9,0,11,34,20,8,0,0,0,1,25,0,100,196,318,91,2,0,0,0,0,0,0,3,2,4,0,0,0,0,0,0,1,2,15,4,1,0,0,0,0,0,3,21,19,0,0,0,0,0,4,0,24,7,24,15,0,0,0,0,0,0,3,21,19,0,0,0,0,0,0,0,2,119,269,99,0,0,0,0,10,0,87,45,138,49,2,0,0,2,31,0,100,175,199,63,0,0,0,0,1,0,0,0,7,4,0,0,0,1,21,1,7,9,11,4,0,0,0,0,0,0,0,0,0,0,0,0,0,0,0,0,0,0,0,0,0,0,0,0,0,0,0,0,0,0,0,0,0,0,0,0,0,0,0,0,0,0,0,0,0,0,0,0,0,0,0
Burns & McDonnell,193157160706830,24,0,0,0,363,13,692,963,1089,632,69,0,0,0,11,0,25,51,21,11,1,0,0,0,29,3,558,980,1174,638,49,0,0,0,29,3,558,980,1174,642,49,0,0,0,7,0,172,174,247,235,27,0,0,0,354,13,603,835,1015,615,69,0,0,0,0,0,55,5,6,4,0,0,0,0,357,13,676,926,1032,605,68,0,0,0,0,0,47,28,6,3,0,0,0,0,0,0,0,0,0,1,0,0,0,0,10,0,51,36,64,22,0,0,0,0,1,0,8,2,2,0,0,0,0,0,10,0,51,36,64,22,0,0,0,0,0,0,46,16,379,320,22,0,0,0,0,0,42,85,57,13,0,0,0,0,354,13,601,868,1023,618,69,0,0,0,0,0,0,0,1,0,0,0,0,0,9,0,3,10,8,0,0,0,0,0,0,0,46,0,0,0,0,0,0,0,0,0,0,0,0,0,0,0,0,0,0,0,0,0,0,0,0,0,0,0,0,0,0,0,0,0,0,0,0,0,0,0,0,0,0,1,0
Hyatt Hotels,26114710769,125,2,52,268,383,22,387,386,359,170,18,18,193,672,799,23,256,515,446,193,26,8,591,3634,6679,390,8060,21346,20645,8883,720,8,591,3634,6679,390,8065,21354,20651,8995,744,2,27,36,61,4,412,1760,1830,1113,100,0,30,200,277,17,353,227,176,77,6,0,5,33,34,2,15,18,11,2,0,2,25,110,192,16,289,252,172,80,8,0,0,0,2,0,9,21,36,14,1,0,0,0,0,0,0,1,1,0,0,0,0,0,0,0,0,12,54,22,4,2,6,9,11,0,11,22,41,9,0,0,0,0,0,0,0,14,54,22,4,0,0,3,153,8,314,140,33,5,0,0,4,40,23,0,15,134,145,75,11,0,30,201,198,12,186,248,212,91,7,2,6,5,2,0,0,4,1,3,0,0,8,17,17,3,6,0,1,1,0,0,0,2,141,7,176,0,0,0,0,0,0,0,0,0,0,0,0,0,0,0,2,1,0,0,0,0,0,0,0,0,0,0,0,0,3,0,0,0,0,0,2,2,2,0,1,0,0,0,0
Arkansas Children's Hospital,112657538333,94,0,48,236,439,4,487,381,442,291,42,0,296,1744,2333,97,3893,2426,3744,3656,221,0,1261,8974,19613,566,46946,72992,107140,138144,6059,0,1261,8974,19613,566,46946,72992,107143,138821,6528,0,1,24,1459,9,5653,18716,38108,22928,764,0,25,113,248,2,293,193,153,80,9,0,0,7,12,0,14,4,5,5,1,0,22,56,139,1,240,139,143,95,12,0,0,1,0,0,1,6,5,7,0,0,0,0,0,0,1,2,1,3,2,0,0,0,0,0,1,27,30,29,4,0,0,10,16,1,32,25,13,14,0,0,0,0,0,0,1,27,30,29,4,0,0,1,1,0,2,3,15,12,0,0,1,23,88,2,109,150,219,181,31,0,25,113,248,1,292,189,152,84,8,0,0,9,2,1,0,0,3,6,0,0,10,55,95,0,79,42,68,20,2,0,0,0,1,0,0,0,0,0,0,0,12,36,5,0,1,0,0,0,0,0,0,0,0,0,0,0,0,0,0,0,0,0,0,0,6,0,0,0,1,0,0,0,0,0,0,0,0,0,0
OhioHealth,40814021698,78,1,268,945,980,9,1076,971,800,365,26,0,13,98,327,3,2130,1329,889,575,26,0,36,486,1702,27,11892,9950,18164,15368,749,0,36,486,1702,27,11895,9950,18164,15491,767,0,0,1,103,2,1377,2044,3210,3072,208,1,8,19,324,2,454,189,191,67,7,0,1,3,78,0,66,12,18,12,1,1,257,883,851,8,697,630,533,221,11,0,0,1,4,0,39,15,15,7,0,0,0,0,0,0,14,13,5,1,0,0,0,2,13,0,175,130,227,207,20,0,2,12,28,0,29,42,79,63,7,0,0,2,13,0,175,130,227,206,20,0,143,779,667,8,79,12,19,0,0,1,2,7,98,1,257,484,456,217,13,0,7,20,139,1,473,204,197,68,6,0,2,6,6,0,0,0,35,58,7,0,149,633,356,5,290,282,112,22,0,0,0,153,327,2,45,0,0,0,0,0,105,124,36,0,3,1,0,0,0,0,3,1,0,0,0,0,0,0,0,0,0,0,0,0,0,0,0,0,0,0,0,1,18,0,8,0,0,0,0
Grainger,265544390144768,101,0,0,0,7,0,51,102,339,185,10,0,0,0,2,0,60,41,83,43,2,0,0,0,8,0,214,335,1166,946,36,0,0,0,8,0,214,335,1166,951,39,0,0,0,1,0,14,26,386,99,4,0,0,0,2,0,30,28,89,41,2,0,0,0,0,0,3,1,6,4,1,0,0,0,6,0,32,81,286,161,8,0,0,0,0,0,2,2,4,5,1,0,0,0,0,0,0,0,3,2,0,0,0,0,0,0,0,10,38,17,3,0,0,0,3,0,3,5,32,7,1,0,0,0,0,0,0,10,38,17,3,0,0,0,0,0,20,88,295,152,7,0,0,0,3,0,3,23,117,91,7,0,0,0,1,0,23,30,91,44,3,0,0,0,2,0,0,0,1,2,0,0,0,0,1,0,11,49,130,48,0,0,0,0,0,0,9,0,0,0,0,0,0,0,0,0,0,0,0,0,0,0,0,0,0,0,0,0,0,0,0,0,0,0,0,0,0,0,0,0,0,0,0,0,0,0,5,0,0,0,0
Marriott International,143602039041041,52,0,0,0,24,1,368,398,367,157,12,0,0,0,939,6,13901,6979,2970,1162,134,0,0,0,3371,64,128506,108861,83222,35051,4043,0,0,0,3371,64,128578,108862,83232,35694,4185,0,0,0,383,10,15247,11825,16444,7334,1393,0,0,0,15,1,29,22,49,55,9,0,0,0,0,0,5,5,7,0,0,0,0,0,3,0,49,64,86,33,6,0,0,0,0,0,4,3,7,1,0,0,0,0,0,0,2,3,6,2,0,0,0,0,0,0,30,56,105,41,2,0,0,0,0,0,8,6,20,14,2,0,0,0,0,0,28,56,105,41,2,0,0,0,0,0,0,0,1,1,0,0,0,0,2,0,329,372,308,100,4,0,0,0,17,1,31,23,50,53,8,0,0,0,0,0,1,3,8,3,0,0,0,0,4,0,5,0,1,1,0,0,0,0,0,0,0,0,0,0,0,0,0,0,0,0,0,0,0,0,0,0,0,0,0,0,0,0,0,0,0,0,0,0,0,0,0,0,0,0,0,0,0,0,1,0,2,0,0,0,0
Whole Foods Market,525560857527063,28,0,0,0,0,0,4,168,491,285,27,0,0,0,0,0,0,180,706,417,37,0,0,0,0,0,3,3809,14833,8478,527,0,0,0,0,0,3,3809,14833,8550,538,0,0,0,0,0,0,359,2124,1369,86,0,0,0,0,0,4,81,211,85,6,0,0,0,0,0,0,2,6,4,0,0,0,0,0,0,4,79,196,141,20,0,0,0,0,0,0,58,159,96,11,0,0,0,0,0,0,3,6,0,0,0,0,0,0,0,0,64,227,104,4,0,0,0,0,0,0,22,43,25,4,0,0,0,0,0,0,64,227,104,4,0,0,0,0,0,0,21,190,141,11,0,0,0,0,0,0,28,120,103,10,0,0,0,0,0,4,139,370,181,17,0,0,0,0,0,0,0,0,1,0,0,0,0,0,0,0,1,1,0,0,0,0,0,0,0,0,0,0,0,0,0,0,0,0,0,0,0,0,0,0,0,0,0,0,0,0,0,0,0,0,0,0,0,0,0,0,0,0,0,0,0,0,0,0,0,0,0,0,0,0
National Instruments,19822934020,40,0,28,105,137,0,219,297,357,242,26,0,16,65,63,0,534,808,377,285,69,0,163,673,1246,0,8504,19801,16392,22318,7236,0,163,673,1246,0,8504,19801,16392,22660,7287,0,7,2,51,0,1415,4262,2653,2609,364,0,19,63,108,0,136,149,208,151,22,0,1,0,1,0,8,5,4,2,0,0,21,83,96,0,119,159,224,142,18,0,0,0,1,0,3,13,4,3,1,0,0,0,0,0,4,1,1,1,0,0,0,1,3,0,12,9,24,39,7,0,1,3,12,0,17,46,51,34,3,0,0,1,3,0,12,9,24,39,7,0,0,25,3,0,135,244,332,219,24,0,1,1,2,0,64,112,108,70,3,0,17,62,110,0,114,160,208,153,23,0,0,0,7,0,4,19,24,13,0,0,5,42,18,0,13,6,14,6,0,0,0,0,0,0,24,0,1,0,0,0,1,0,0,0,0,0,0,0,0,0,3,0,0,0,0,0,0,0,0,0,0,0,0,0,0,0,2,0,0,0,1,0,0,0,0,0,0,0,0
Hitachi Data Systems,124570004251813,76,0,0,75,154,0,190,150,119,68,5,0,0,12,21,0,225,133,29,21,0,0,0,71,137,0,1918,1205,884,556,15,0,0,71,137,0,1918,1205,884,562,15,0,0,0,8,0,174,159,135,60,1,0,0,46,64,0,113,51,62,31,2,0,0,10,96,0,30,14,13,6,2,0,0,68,146,0,143,102,86,44,5,0,0,3,1,0,6,16,8,6,3,0,0,0,0,0,2,2,9,5,0,0,0,0,0,0,1,4,2,0,0,0,0,1,4,0,2,18,6,4,0,0,0,0,0,0,1,4,2,0,0,0,0,7,71,0,1,1,0,0,0,0,0,2,8,0,55,60,55,36,0,0,0,49,63,0,109,60,58,31,5,0,0,0,0,0,2,13,5,1,0,0,0,17,12,0,19,17,1,0,0,0,0,7,71,0,0,0,0,0,0,0,0,0,0,0,0,0,0,0,0,0,0,0,0,0,0,0,0,0,0,0,0,0,0,0,5,0,0,0,0,0,0,0,0,0,0,0,0,0,0
LifeBridge Health,193538150681786,107,0,0,0,255,3,965,923,753,475,79,0,0,0,72,1,410,447,256,201,52,0,0,0,306,10,6280,6382,5150,4860,930,0,0,0,306,10,6280,6382,5150,4879,939,0,0,0,30,1,581,787,578,524,80,0,0,0,187,2,550,462,303,223,42,0,0,0,8,0,15,13,17,7,1,0,0,0,226,2,817,770,563,293,48,0,0,0,7,0,15,13,3,14,5,0,0,0,0,0,15,3,7,1,1,0,0,0,18,0,18,43,148,139,29,0,0,0,9,0,43,27,32,28,11,0,0,0,18,0,18,43,148,139,29,0,0,0,1,0,379,716,291,4,1,0,0,0,10,0,256,364,436,296,46,0,0,0,188,2,513,472,267,177,33,0,0,0,0,0,1,1,1,1,0,0,0,0,56,1,137,85,49,1,0,0,0,0,1,0,54,0,0,0,0,0,0,0,0,0,2,0,0,0,0,0,0,0,0,0,0,0,0,0,0,0,0,0,0,0,1,1,0,0,0,0,0,0,0,0,1,0,0,0,0
The Everett Clinic,61452139395,77,0,0,0,0,0,120,596,678,411,55,0,0,0,0,0,83,478,825,297,28,0,0,0,0,0,696,3907,8908,3306,561,0,0,0,0,0,696,3907,8908,3346,567,0,0,0,0,0,33,464,1089,438,72,0,0,0,0,0,83,335,342,191,21,0,0,0,0,0,1,8,17,14,1,0,0,0,0,0,82,354,390,296,47,0,0,0,0,0,7,52,39,15,0,0,0,0,0,0,1,4,1,9,0,0,0,0,0,0,24,140,227,128,22,0,0,0,0,0,18,74,100,74,16,0,0,0,0,0,24,142,227,128,22,0,0,0,0,0,0,0,0,12,2,0,0,0,0,0,8,58,149,134,19,0,0,0,0,0,90,389,380,205,21,0,0,0,0,0,0,0,24,58,15,0,0,0,0,0,22,149,123,14,0,0,0,0,0,0,0,0,0,0,0,0,0,0,0,0,0,0,0,0,0,0,0,0,0,0,0,0,0,0,0,0,0,0,0,0,0,0,2,0,0,0,0,0,0,0,0,0,0,0,0
Zappos.com,7172307686,10,7,215,115,0,0,848,1244,963,419,46,1,3812,2184,0,0,23822,46652,89164,59048,4539,0,3172,1936,0,0,317711,1051714,1669476,1136321,106165,0,3175,1936,0,0,317711,1051714,1669501,1144096,108348,0,10,7,0,0,18422,48816,94000,35314,2800,2,77,41,0,0,49,67,172,96,8,1,18,8,0,0,0,0,6,4,3,6,64,28,0,0,167,271,190,57,6,0,1,0,0,0,6,3,1,5,1,0,0,0,0,0,0,1,0,1,0,0,0,0,0,0,121,175,119,34,8,1,105,63,0,0,32,30,51,29,11,0,0,0,0,0,121,175,119,34,8,0,1,0,0,0,541,1161,861,312,13,3,35,13,0,0,687,1117,741,291,28,0,62,36,0,0,55,70,169,99,7,1,70,42,0,0,11,23,39,23,9,0,38,19,0,0,90,30,10,4,1,0,1,0,0,0,0,0,0,0,0,0,0,0,0,0,0,0,0,0,0,3,9,4,0,0,0,0,0,0,0,0,0,0,0,0,0,0,3,2,1,0,0,1,0,0,5,4,1,0,0
Kimley-Horn and Associates,204703769542227,118,0,0,0,21,0,17,45,110,86,9,0,0,0,5,0,14,15,70,65,8,0,0,0,38,0,168,749,2620,2821,184,0,0,0,38,0,168,749,2620,2841,184,0,0,0,4,0,9,40,189,367,13,0,0,0,6,0,10,24,44,32,2,0,0,0,0,0,1,1,2,2,0,0,0,0,16,0,11,32,62,45,5,0,0,0,0,0,0,3,4,5,2,0,0,0,0,0,0,0,0,0,0,0,0,0,0,0,3,20,49,47,4,0,0,0,0,0,0,5,1,2,0,0,0,0,0,0,3,20,49,47,4,0,0,0,0,0,0,0,0,3,0,0,0,0,7,0,7,17,58,48,5,0,0,0,6,0,9,26,47,37,4,0,0,0,0,0,0,0,0,0,0,0,0,0,6,0,1,2,5,1,0,0,0,0,0,0,0,0,0,0,0,0,0,0,2,0,0,0,0,0,0,0,0,0,0,0,0,0,0,0,0,0,0,0,0,0,0,0,0,0,0,0,0,0,0,0,0,0,0,0,0
Ernst & Young,195665063800329,54,0,0,0,79,2,145,215,247,177,26,0,0,0,12,0,221,270,439,399,52,0,0,0,308,32,5875,20920,28610,24508,3855,0,0,0,308,32,5875,20920,28610,24566,3905,0,0,0,33,10,930,2162,3867,5119,989,0,0,0,74,1,126,163,156,80,7,0,0,0,29,0,48,27,43,3,2,0,0,0,69,2,97,135,145,95,12,0,0,0,3,0,1,14,28,6,2,0,0,0,0,0,2,4,2,6,0,0,0,0,0,0,0,11,17,12,0,0,0,0,4,1,7,14,20,17,5,0,0,0,0,0,0,12,16,11,0,0,0,0,0,0,4,11,55,132,21,0,0,0,0,1,15,39,57,90,14,0,0,0,77,0,100,172,179,70,7,0,0,0,2,1,0,0,4,12,5,0,0,0,0,0,2,4,7,5,0,0,0,0,0,0,0,0,0,0,0,0,0,0,0,0,0,0,0,0,0,0,0,0,0,0,0,0,0,0,0,0,0,0,0,0,26,0,0,0,0,0,0,0,0,0,2,0,0,0,0
Cooley,29631010782,127,0,27,35,51,0,119,164,52,32,4,0,2,1,6,0,24,24,18,12,1,0,6,42,182,0,599,991,855,607,57,0,6,42,182,0,599,991,855,617,57,0,0,0,10,0,53,72,72,90,2,0,26,33,43,0,105,120,23,13,0,0,12,7,3,0,2,5,1,4,1,0,26,34,47,0,102,144,33,22,3,0,0,0,1,0,1,9,1,2,1,0,0,0,0,0,2,2,1,0,0,0,0,0,0,0,2,15,14,11,3,0,1,0,0,0,1,9,6,4,0,0,0,0,0,0,2,15,14,11,3,0,0,0,0,0,56,93,13,2,0,0,0,0,3,0,11,28,22,15,3,0,26,33,44,0,85,130,24,15,1,0,0,0,0,0,0,0,5,2,0,0,0,2,4,0,2,6,1,0,0,0,0,0,0,0,21,0,0,0,0,0,1,0,0,0,0,0,0,0,0,0,0,0,0,0,0,0,0,0,0,0,0,0,0,0,0,0,0,0,0,0,0,0,0,0,0,0,0,0,0
SRA International,45726451297,112,0,0,0,224,1,127,75,66,114,8,0,0,0,197,0,82,41,14,32,1,0,0,0,306,2,321,261,150,226,9,0,0,0,306,2,321,261,150,226,10,0,0,0,8,0,64,34,17,31,2,0,0,0,161,0,85,34,18,14,3,0,0,0,12,0,28,8,6,14,1,0,0,0,142,1,88,45,53,87,6,0,0,0,2,0,0,0,0,7,1,0,0,0,1,0,3,2,0,1,0,0,0,0,0,0,3,9,0,2,0,0,0,0,7,0,3,0,1,2,0,0,0,0,0,0,3,9,0,2,0,0,0,0,0,0,0,0,3,0,0,0,0,0,17,0,26,35,32,72,3,0,0,0,163,0,63,27,15,19,3,0,0,0,0,0,2,0,0,0,0,0,0,0,40,1,16,7,16,21,1,0,0,0,0,0,0,0,0,0,0,0,0,0,3,0,0,0,0,0,0,0,0,0,0,0,0,0,0,0,0,0,0,0,0,0,20,6,3,2,0,0,0,0,1,0,0,0,0,0,1
CH2M Hill,130017893696618,97,0,0,0,61,0,350,369,470,325,34,0,0,0,32,0,238,357,457,135,8,0,0,0,89,0,1882,4414,5196,1745,126,0,0,0,89,0,1882,4414,5196,1751,126,0,0,0,7,0,369,1001,977,361,32,0,0,0,29,0,169,79,179,192,21,0,0,0,3,0,3,1,13,4,0,0,0,0,46,0,262,237,323,256,28,0,0,0,4,0,15,13,14,4,2,0,0,0,0,0,0,0,0,0,0,0,0,0,23,0,108,146,118,68,5,0,0,0,4,0,6,4,21,13,3,0,0,0,23,0,108,146,119,68,5,0,0,0,0,0,20,6,3,0,0,0,0,0,17,0,120,277,275,129,10,0,0,0,33,0,180,91,184,193,23,0,0,0,0,0,0,0,1,0,1,0,0,0,8,0,23,1,0,0,0,0,0,0,0,0,4,0,0,0,0,0,0,0,0,0,0,0,0,0,0,0,0,0,0,0,0,0,0,0,0,0,0,0,0,0,1,0,10,3,0,0,0,0,3,0,22,0,0,0,0
J. M. Smucker,117266245005679,98,0,0,0,104,3,265,327,278,128,15,0,0,0,1054,14,7441,8498,13513,9936,603,0,0,0,3417,104,56887,120393,354772,210674,23774,0,0,0,3417,104,56887,120393,354773,211549,23909,0,0,0,163,43,9210,13239,25040,25030,3353,0,0,0,44,3,45,33,12,1,0,0,0,0,0,0,12,25,5,0,0,0,0,0,19,0,59,115,97,31,5,0,0,0,1,0,2,0,5,1,0,0,0,0,2,0,0,0,1,0,0,0,0,0,4,0,7,14,21,1,2,0,0,0,0,0,2,5,9,11,2,0,0,0,4,0,7,14,20,1,2,0,0,0,16,1,98,39,155,124,15,0,0,0,7,0,189,289,252,115,12,0,0,0,37,2,29,30,17,2,0,0,0,0,0,0,0,1,5,11,2,0,0,0,50,0,18,6,3,0,1,0,0,0,8,1,19,0,0,0,0,0,0,0,0,0,0,0,1,0,0,0,0,0,0,0,0,0,0,0,0,0,0,0,0,0,0,0,0,0,0,0,0,0,2,0,10,1,0,0,0
Schweitzer Engineering Labs,148960375131063,86,0,0,0,0,0,0,0,37,72,9,0,0,0,0,0,0,0,26,110,11,0,0,0,0,0,0,0,1572,4265,837,0,0,0,0,0,0,0,1572,4305,859,0,0,0,0,0,0,0,309,1343,446,0,0,0,0,0,0,0,15,27,6,0,0,0,0,0,0,0,2,2,0,0,0,0,0,0,0,0,18,30,2,0,0,0,0,0,0,0,5,8,0,0,0,0,0,0,0,0,1,0,0,0,0,0,0,0,0,0,10,24,4,0,0,0,0,0,0,0,3,7,0,0,0,0,0,0,0,0,10,25,4,0,0,0,0,0,0,0,0,0,0,0,0,0,0,0,0,0,17,36,3,0,0,0,0,0,0,0,20,35,6,0,0,0,0,0,0,0,0,1,0,0,0,0,0,0,0,0,0,0,0,0,0,0,0,0,0,0,0,0,0,0,0,0,0,0,0,0,0,0,0,0,0,0,0,0,0,0,0,0,0,0,0,0,0,0,0,0,0,0,0,0,0,0,0,0,0,0,0,0,0
Ultimate Software,29660886831,23,0,70,171,162,2,217,251,346,241,33,0,12,33,86,3,288,543,602,443,116,0,114,375,1097,19,4422,9373,16404,16027,4615,0,114,377,1097,19,4422,9373,16404,16315,4783,0,0,1,46,0,512,1211,2415,3532,871,0,70,98,83,1,113,81,170,147,18,0,0,0,2,0,25,10,6,1,0,0,64,159,132,2,162,166,200,159,17,0,0,1,1,0,6,4,2,1,0,0,0,0,2,0,1,1,4,2,0,0,0,0,14,1,43,41,61,33,5,0,0,5,7,0,17,13,30,13,5,0,0,0,14,1,43,41,61,33,5,0,0,2,1,0,0,0,93,144,17,0,0,71,51,1,83,157,159,85,12,0,70,93,81,1,102,77,170,146,18,0,0,2,2,0,1,5,12,8,3,0,0,3,23,0,10,4,5,2,0,0,0,2,1,0,0,0,0,0,0,0,0,0,0,0,0,0,0,0,0,0,0,0,0,0,0,0,0,0,0,0,0,0,0,0,17,7,0,0,0,0,0,0,4,0,4,1,0,0,0
The Cheesecake Factory,341861972627674,123,0,0,0,0,0,0,14,58,56,4,0,0,0,0,0,0,5,53,111,0,0,0,0,0,0,0,36,331,728,7,0,0,0,0,0,0,36,332,728,7,0,0,0,0,0,0,3,105,351,2,0,0,0,0,0,0,9,4,8,0,0,0,0,0,0,0,6,18,12,0,0,0,0,0,0,0,11,35,34,3,0,0,0,0,0,0,0,0,1,0,0,0,0,0,0,0,0,2,5,0,0,0,0,0,0,0,0,0,0,0,0,0,0,0,0,0,0,0,3,0,0,0,0,0,0,0,0,0,0,0,0,0,0,0,0,0,0,0,0,0,0,0,0,0,0,0,3,35,33,3,0,0,0,0,0,0,4,2,9,0,0,0,0,0,0,0,0,0,2,0,0,0,0,0,0,0,3,19,12,1,0,0,0,0,0,0,0,0,0,0,0,0,0,0,0,0,0,0,0,0,0,0,0,0,0,0,0,0,0,0,0,0,0,0,0,0,4,2,0,0,0,0,0,0,0,0,0,0,0,0
Scottrade,15601935371,27,1,101,307,372,11,313,351,376,206,21,0,147,616,1547,27,3455,4668,4254,2235,736,0,269,944,2144,103,10415,22434,50521,48545,8866,0,269,950,2144,103,10415,22434,50521,48764,9004,0,4,16,27,6,840,2073,4263,3739,847,0,33,77,240,5,159,30,32,49,5,0,4,3,1,0,3,0,2,0,0,1,66,166,151,5,95,82,84,30,2,0,0,0,2,0,1,0,0,0,0,0,0,0,0,0,0,0,0,0,0,0,0,0,2,0,0,1,2,2,0,0,2,14,5,0,2,10,10,12,2,0,0,0,2,0,0,1,2,2,0,0,7,61,189,9,160,172,355,186,18,0,6,14,10,0,83,131,198,96,7,0,31,69,83,1,36,30,32,49,5,0,2,8,1,0,1,6,5,12,2,0,45,164,109,6,61,176,141,49,7,0,2,15,155,4,124,0,0,0,0,0,0,0,0,0,0,0,0,0,0,1,15,6,0,0,0,0,0,0,0,0,0,0,0,0,0,0,0,0,0,0,0,31,14,0,8,8,0,0,0
World Wide Technology,75577218799,45,0,13,28,70,2,328,193,156,248,43,0,1,9,16,0,96,222,100,141,28,0,6,52,335,5,2240,7690,5001,7023,1315,0,6,52,335,5,2240,7690,5001,7101,1325,0,0,0,24,0,153,519,759,1062,93,0,11,14,34,1,111,43,74,171,32,0,1,5,10,0,9,7,10,20,8,0,12,23,60,2,277,101,98,177,23,0,0,0,0,0,2,0,4,5,1,0,0,0,0,0,5,7,28,23,5,0,0,0,0,0,5,16,33,62,13,0,0,1,7,0,1,5,12,19,5,0,0,0,0,0,5,16,33,61,13,0,0,0,0,0,149,0,2,6,0,0,4,11,18,0,48,150,78,65,10,0,8,13,33,1,110,36,71,163,32,0,0,1,4,0,0,1,2,7,1,0,1,3,15,1,21,6,4,12,0,0,0,0,0,0,17,0,0,0,0,0,0,0,0,0,0,0,0,0,0,0,0,0,0,0,0,0,0,0,0,0,0,0,0,0,0,0,1,1,0,0,0,0,0,0,132,0,0,0,0
Navy Federal Credit Union,160344204010636,85,0,0,0,230,12,309,327,308,201,36,0,0,0,2107,128,19059,18367,5020,2971,352,0,0,0,5473,251,271889,334835,194975,145904,8669,0,0,0,5473,251,271889,334835,194975,146381,8807,0,0,0,225,0,23886,22593,15237,9248,751,0,0,0,123,9,101,127,102,40,7,0,0,0,16,0,51,82,61,23,1,0,0,0,89,5,88,108,112,79,19,0,0,0,4,0,24,36,25,14,0,0,0,0,1,0,6,6,3,0,0,0,0,0,0,0,12,15,31,21,4,0,0,0,12,0,16,11,28,32,7,0,0,0,0,0,12,15,31,21,4,0,0,0,30,3,27,97,182,150,32,0,0,0,22,0,145,168,159,119,22,0,0,0,117,7,77,67,59,26,4,0,0,0,1,0,12,2,16,28,7,0,0,0,65,3,28,16,12,6,2,0,0,0,19,2,1,0,0,0,0,0,0,0,1,0,1,0,1,0,0,0,0,0,0,0,0,0,0,0,0,0,0,0,0,0,39,73,61,22,1,0,0,0,5,0,6,1,0,0,0
Stew Leonard's,33439252677,90,0,0,0,0,0,683,976,1134,793,141,0,0,0,0,0,22428,23634,13847,24318,2417,0,0,0,0,0,56651,59044,59585,84714,11104,0,0,0,0,0,56651,59044,59585,85702,11276,0,0,0,0,0,6867,6398,5362,7868,802,0,0,0,0,0,59,93,236,137,29,0,0,0,0,0,10,18,71,54,13,0,0,0,0,0,107,200,373,253,46,0,0,0,0,0,13,40,39,35,2,0,0,0,0,0,74,163,231,139,13,0,0,0,0,0,65,137,162,100,8,0,0,0,0,0,15,19,44,48,8,0,0,0,0,0,65,137,164,101,9,0,0,0,0,0,1,0,2,32,19,0,0,0,0,0,483,685,784,562,101,0,0,0,0,0,72,126,238,153,21,0,0,0,0,0,11,9,26,33,6,0,0,0,0,0,114,146,39,21,6,0,0,0,0,0,0,0,0,0,0,0,0,0,0,0,2,2,4,0,0,0,0,0,0,0,0,0,0,0,0,0,0,0,0,0,0,1,40,24,7,0,0,0,0,0,1,7,3,0,0
Intel,22707976849,41,39,326,342,262,31,347,312,380,295,70,2,909,8931,45490,5961,262504,258567,50624,27181,7674,97,4391,26238,341303,56967,9562260,17371261,10640590,4784725,598086,97,4459,26276,341344,56967,9562289,17371264,10641225,4802368,601832,1,171,712,14376,2157,692423,644757,195773,177258,33703,0,57,52,95,10,61,16,50,37,1,0,5,2,13,2,38,20,16,9,0,38,217,121,59,6,65,28,57,33,9,0,0,0,1,0,2,0,3,5,1,0,0,0,0,0,25,0,3,4,0,0,1,0,1,0,5,9,33,32,16,0,25,50,23,1,7,19,87,114,24,0,1,0,1,0,5,9,32,30,16,0,1,24,87,6,210,261,322,238,57,0,3,5,52,17,254,280,266,165,44,0,59,51,55,5,25,6,22,19,2,0,22,44,13,0,3,15,77,110,24,0,6,108,77,3,17,2,0,1,0,0,1,18,64,6,43,0,0,0,0,39,234,111,0,0,0,0,0,0,0,0,1,0,0,0,0,0,0,0,0,0,0,0,0,0,3,9,15,0,0,0,0,5,1,0,2,0,0,0,0
Sheetz,21120170500,122,0,1,8,100,1,286,406,452,274,34,0,40,380,5611,25,37567,71831,26637,19295,1955,0,126,1068,19685,85,301577,685756,937589,621945,30598,0,126,1068,19685,85,301577,685757,937589,625011,31622,0,0,4,1120,0,35966,65007,53675,49819,3678,0,0,0,16,0,49,26,8,0,0,0,0,0,3,0,17,25,24,18,2,0,0,1,13,0,49,74,76,42,3,0,0,0,0,0,2,0,0,0,0,0,0,0,0,0,0,1,0,0,0,0,0,0,1,0,11,6,4,4,1,0,0,1,12,0,28,17,13,19,3,0,0,0,1,0,11,6,4,4,1,0,0,0,11,0,12,0,0,0,0,0,0,0,22,0,183,354,434,255,31,0,0,1,12,0,51,23,7,0,0,0,0,1,7,0,0,2,11,19,3,0,1,6,57,1,40,13,0,0,0,0,0,0,0,0,1,0,0,0,0,0,0,0,0,0,5,12,0,0,0,0,0,0,0,0,0,0,0,0,0,0,0,0,0,0,2,0,0,0,0,0,0,0,2,0,4,2,0,0,0
Balfour Beatty Construction,114292728603934,39,0,0,2,8,0,86,98,89,50,10,0,0,0,2,0,134,193,224,118,11,0,0,0,18,0,1141,2346,2426,1465,283,0,0,0,18,0,1141,2346,2428,1475,286,0,0,0,1,0,104,185,284,257,26,0,0,2,7,0,21,28,9,16,3,0,0,2,0,0,1,16,12,3,0,0,0,2,8,0,54,60,39,28,5,0,0,0,0,0,0,8,5,6,0,0,0,0,0,0,1,2,0,0,0,0,0,0,0,0,1,16,21,8,0,0,0,0,1,0,1,2,0,12,2,0,0,0,0,0,1,16,21,8,0,0,0,0,0,0,39,7,0,6,1,0,0,0,0,0,21,58,65,17,5,0,0,2,7,0,18,29,14,22,3,0,0,0,0,0,0,0,0,10,2,0,0,0,1,0,11,9,10,1,0,0,0,0,0,0,0,0,0,0,0,0,0,0,0,0,1,0,0,0,0,0,0,0,0,0,0,0,0,0,0,0,0,0,0,0,0,0,0,0,0,0,0,0,0,0,35,2,0,0,0
Discovery Communications,153549641890,120,0,0,0,0,0,549,317,242,103,21,0,0,0,0,0,162,175,351,243,80,0,0,0,0,0,2566,3891,6055,2111,508,0,0,0,0,0,2566,3891,6056,2161,590,0,0,0,0,0,672,546,547,237,40,0,0,0,0,0,231,44,46,37,9,0,0,0,0,0,13,17,26,22,9,0,0,0,0,0,478,233,151,65,11,0,0,0,0,0,86,60,58,33,9,0,0,0,0,0,9,7,9,4,1,0,0,0,0,0,366,208,152,55,6,0,0,0,0,0,14,23,22,23,7,0,0,0,0,0,358,209,152,55,6,0,0,0,0,0,1,0,0,0,0,0,0,0,0,0,233,223,141,31,4,0,0,0,0,0,316,91,98,68,17,0,0,0,0,0,0,3,3,4,0,0,0,0,0,0,0,0,0,0,0,0,0,0,0,0,0,0,0,0,0,0,0,0,0,0,0,0,0,0,0,0,0,0,0,0,0,0,0,0,0,0,0,0,0,0,0,0,0,0,0,0,0,0,0,0,0,0,0,0,0
KPMG,274830721660,84,0,0,0,64,0,459,580,496,248,35,0,0,0,17,0,464,579,494,203,32,0,0,0,138,0,7949,16376,14804,8717,1010,0,0,0,138,0,7949,16376,14805,8785,1013,0,0,0,7,0,681,1126,984,861,116,0,0,0,29,0,213,323,307,149,25,0,0,0,0,0,12,16,13,10,2,0,0,0,55,0,318,395,348,173,21,0,0,0,0,0,21,16,14,8,1,0,0,0,0,0,72,193,126,44,2,0,0,0,0,0,72,101,27,21,4,0,0,0,3,0,16,27,47,17,6,0,0,0,0,0,73,105,28,21,4,0,0,0,0,0,0,65,235,157,27,0,0,0,4,0,182,309,219,110,10,0,0,0,28,0,177,194,214,116,23,0,0,0,0,0,0,0,1,1,1,0,0,0,31,0,100,77,61,21,1,0,0,0,0,0,0,0,1,0,0,0,0,0,0,0,0,0,0,0,0,0,0,0,0,0,0,0,0,0,0,0,0,0,0,0,0,0,0,0,0,0,0,0,1,0,0,0,0,0,0
CHG Healthcare Services,32264600947,8,0,2,56,84,0,301,640,497,281,46,0,1,31,111,0,419,965,680,339,63,0,6,162,453,0,3979,13869,13657,10013,1543,0,6,162,453,0,3979,13869,13657,10143,1565,0,0,0,4,0,209,631,856,1199,219,0,0,33,56,0,155,245,161,127,26,0,1,3,8,0,9,6,2,3,0,0,2,38,48,0,170,368,261,132,27,0,0,0,0,0,2,20,9,3,0,0,0,0,0,0,0,1,3,2,0,0,0,0,0,0,34,220,183,115,20,0,1,3,5,0,14,55,59,45,6,0,0,0,0,0,34,220,183,115,20,0,0,0,0,0,12,80,145,39,2,0,1,8,9,0,69,237,267,140,24,0,0,29,55,0,158,271,165,110,18,0,1,0,2,0,7,22,36,30,3,0,0,15,18,0,66,110,29,1,1,0,0,0,0,0,1,0,0,0,0,0,0,4,0,0,0,0,0,0,0,0,0,0,0,0,0,0,0,0,0,0,0,0,0,0,0,0,0,0,0,0,0,0,0,0,0,0,0,0,0
Alston & Bird,109329898949,22,0,5,28,36,0,20,6,5,6,0,0,0,0,0,0,0,3,2,0,0,0,5,16,11,0,33,47,11,6,0,0,5,16,11,0,33,47,11,6,0,0,0,0,1,0,5,2,1,0,0,0,0,4,8,0,5,5,4,6,0,0,0,1,2,0,2,0,0,0,0,0,5,28,36,0,20,4,3,6,0,0,0,0,0,0,0,0,0,0,0,0,0,0,0,0,0,0,0,0,0,0,0,0,0,0,0,0,1,0,0,0,0,0,0,0,0,0,0,0,0,0,0,0,0,0,0,0,1,0,0,0,0,0,0,0,0,0,0,0,0,0,2,4,5,0,3,0,0,0,0,0,0,4,8,0,6,5,4,6,0,0,0,0,0,0,0,0,0,0,0,0,3,20,23,0,11,1,1,0,0,0,0,0,0,0,0,0,0,0,0,0,0,0,0,0,0,0,0,0,0,0,0,0,0,0,0,0,0,0,0,0,0,0,0,0,0,0,0,0,0,0,0,0,0,0,0,0,0,0,0
Scripps Health,12150039095,51,2,32,204,318,10,432,311,388,282,43,0,17,358,498,4,820,990,1433,1573,205,0,30,624,1198,37,10265,14648,41165,36665,5743,0,30,624,1198,37,10265,14648,41165,37040,5818,0,0,0,45,2,958,1960,5269,5829,846,0,19,123,205,6,266,87,211,187,39,0,0,0,3,0,4,5,2,2,0,2,25,114,172,7,254,171,200,132,19,0,0,0,4,0,4,5,10,8,1,0,0,0,0,0,0,1,5,5,0,0,0,0,7,0,31,81,131,86,12,0,0,5,12,0,7,15,33,38,1,0,0,0,7,0,32,83,130,86,12,0,0,0,37,6,193,5,1,5,0,0,2,15,16,2,94,189,141,61,3,0,17,120,184,3,149,86,214,190,40,0,0,0,0,0,1,2,18,28,0,0,7,67,80,2,49,22,14,1,0,0,0,0,25,3,124,0,0,0,0,0,0,2,4,0,0,0,0,0,0,2,6,0,0,0,0,0,0,0,0,0,0,0,0,0,3,5,1,2,0,0,0,0,9,0,12,7,0,0,0
Nugget Market,260624001193,30,0,0,313,365,1,282,262,301,269,43,0,0,1213,744,1,421,353,687,789,78,0,0,1867,2272,17,2667,4437,18245,23272,3574,0,0,1867,2272,17,2667,4437,18245,23518,3628,0,0,2,109,0,336,790,1313,2089,300,0,0,70,149,0,113,97,206,234,39,0,0,0,4,0,5,6,8,8,3,0,0,73,157,0,163,148,130,83,11,0,0,0,6,0,1,0,1,0,0,0,0,0,0,0,0,0,0,0,0,0,0,0,5,0,10,9,8,2,2,0,0,6,6,0,1,4,2,1,1,0,0,0,5,0,10,9,8,2,2,0,0,1,2,0,2,0,0,0,0,0,0,223,188,0,158,152,89,33,3,0,0,69,162,0,113,98,206,227,38,0,0,6,0,0,1,0,1,1,1,0,0,14,14,1,9,12,5,2,0,0,0,1,0,0,0,0,0,0,0,0,0,0,0,0,0,0,0,0,0,0,0,0,0,0,0,0,0,0,0,0,0,0,0,0,1,0,0,6,1,0,0,0,1,0,0,0,0,0,0
Children's Healthcare of Atlanta,356527358185,44,0,0,185,390,21,437,366,352,160,13,0,0,780,1901,86,3571,71746,75381,22121,1318,0,0,3981,10450,638,111401,4782773,2710378,957157,52538,0,0,3982,10450,638,111401,4782778,2710434,970579,55997,0,0,23,759,82,13706,108004,432072,242114,3392,0,0,137,267,15,188,31,23,12,2,0,0,3,15,2,15,29,10,5,0,0,0,46,130,10,109,37,30,10,2,0,0,3,14,0,25,34,12,4,0,0,0,0,0,1,2,0,0,0,0,0,0,15,82,5,91,108,64,23,1,0,0,27,45,5,45,8,4,7,0,0,0,15,83,5,91,112,65,23,1,0,0,0,0,0,0,0,0,0,0,0,0,45,102,6,219,293,311,138,9,0,0,137,281,15,215,65,34,16,2,0,0,0,0,0,0,3,2,5,0,0,0,3,6,0,3,5,5,1,2,0,0,0,0,0,0,0,0,0,0,0,0,0,0,0,0,0,0,0,0,0,0,0,0,0,0,0,0,0,0,0,0,0,0,0,0,0,0,0,0,0,0,0,1,0,0,0,0,0,0
Genentech,146718898672043,62,0,0,73,306,1,351,821,857,333,42,0,0,11,105,0,82,207,154,69,6,0,0,65,840,0,2287,5615,6195,3046,335,0,0,65,840,0,2287,5615,6195,3069,347,0,0,0,96,0,265,670,776,569,39,0,0,9,178,1,263,673,677,225,24,0,0,0,19,1,2,131,247,46,3,0,0,67,258,1,298,713,716,242,24,0,0,0,0,0,0,3,14,13,5,0,0,0,0,0,2,4,0,0,0,0,0,0,1,0,2,14,27,13,1,0,0,0,5,0,15,33,48,22,2,0,0,0,1,0,2,14,27,13,1,0,0,57,46,0,54,318,320,67,9,0,0,0,2,0,25,117,157,90,12,0,0,9,178,1,209,520,654,238,29,0,0,0,0,0,0,0,1,5,1,0,0,64,117,0,63,25,8,0,0,0,0,0,9,0,54,159,36,0,0,0,0,0,0,0,0,0,0,0,0,0,0,0,0,0,0,0,0,0,0,0,0,0,0,0,0,0,1,0,0,0,0,0,0,0,0,0,0,0,0
Baptist Health South Florida,127900310965,37,0,22,81,408,39,280,466,498,194,16,0,10,75,446,65,314,613,738,446,20,0,54,479,3460,506,8458,15689,19707,9891,555,0,54,479,3460,506,8458,15689,19707,10012,568,0,0,2,119,8,1051,2894,3288,1711,113,0,10,24,133,0,71,108,115,80,6,0,2,6,17,2,13,11,9,7,1,0,18,52,240,20,160,299,280,87,5,0,0,1,32,1,30,12,2,1,1,0,0,0,3,0,10,7,14,6,1,0,0,0,88,1,86,45,45,20,3,0,1,2,12,0,8,18,15,4,0,0,0,0,88,1,86,44,46,20,3,0,0,0,0,0,11,221,316,80,9,0,9,35,151,20,148,228,223,57,5,0,9,24,153,1,94,111,112,79,6,0,1,2,0,0,0,1,1,0,0,0,1,5,74,18,36,123,162,58,5,0,0,0,0,0,0,0,0,0,0,0,2,15,22,0,2,0,0,0,0,0,0,0,1,0,0,0,0,0,0,0,0,0,0,0,0,0,0,0,0,0,0,0,7,0,0,3,0,0,0
NetApp,144947005540685,5,0,0,27,28,0,58,82,52,28,2,0,0,2,6,0,4,5,4,0,0,0,0,41,58,0,144,214,158,27,4,0,0,41,58,0,144,214,158,27,4,0,0,0,4,0,30,32,4,0,0,0,0,20,22,0,34,46,17,1,0,0,0,2,5,0,32,38,33,27,2,0,0,26,24,0,55,77,47,28,2,0,0,0,1,0,17,28,28,25,2,0,0,0,0,0,0,3,0,0,0,0,0,0,0,0,0,1,0,0,0,0,0,6,3,0,2,4,5,1,0,0,0,0,0,0,0,1,0,0,0,0,0,2,0,0,0,0,0,0,0,0,0,2,3,0,3,10,7,2,0,0,0,20,23,0,51,72,45,26,2,0,0,0,0,0,0,0,0,0,0,0,0,5,2,0,4,0,0,0,0,0,0,0,0,0,0,0,0,0,0,0,0,0,0,0,0,0,0,0,0,0,0,0,0,0,0,0,0,0,0,0,0,0,0,0,0,0,0,0,0,0,0,0,0,0,0,0,0,0,0
Capital One,131080263606125,87,0,0,21,107,11,117,183,146,80,12,0,0,100,11770,909,4535,7409,10998,15728,3608,0,0,342,71066,2359,65952,68001,132467,82455,44712,0,0,342,72888,2359,65953,68006,132474,83656,45762,0,0,0,547,63,7084,5132,15380,6702,6436,0,0,13,50,6,41,29,18,13,3,0,0,0,10,0,8,13,4,0,0,0,0,13,41,4,54,51,33,12,0,0,0,0,1,0,0,6,3,1,0,0,0,0,0,0,1,0,2,0,0,0,0,0,2,0,40,66,65,40,5,0,0,0,3,0,2,6,16,18,2,0,0,0,2,0,36,66,65,40,5,0,0,0,3,0,7,83,84,66,10,0,0,0,12,1,103,149,111,49,7,0,0,13,50,6,5,27,19,14,3,0,0,0,0,0,1,5,16,17,2,0,0,8,38,3,8,2,0,0,0,0,0,0,3,0,0,0,0,0,0,0,0,0,0,0,0,0,0,0,0,0,0,0,0,0,0,0,0,0,0,0,0,0,0,0,0,0,0,0,0,0,0,0,4,1,0,0,0,0,0
Umpqua Bank,136874746358544,63,0,0,0,135,0,518,423,215,90,12,0,0,0,149,0,6713,1534,1607,312,35,0,0,0,443,0,20350,13113,15602,6210,1254,0,0,0,443,0,20350,13113,15602,6347,1261,0,0,0,65,0,5213,1583,3375,845,144,0,0,0,74,0,235,222,95,45,6,0,0,0,0,0,10,10,7,7,0,0,0,0,89,0,219,189,93,43,6,0,0,0,4,0,40,16,4,5,0,0,0,0,0,0,6,1,0,3,0,0,0,0,7,0,66,113,75,20,1,0,0,0,5,0,14,21,20,10,2,0,0,0,7,0,69,114,75,20,1,0,0,0,1,0,0,1,0,4,2,0,0,0,12,0,96,67,81,33,5,0,0,0,90,0,286,236,92,42,6,0,0,0,0,0,0,0,5,0,0,0,0,0,29,0,135,120,33,10,1,0,0,0,0,0,0,0,0,0,0,0,0,0,0,0,0,0,0,0,0,0,0,0,0,0,0,0,0,0,0,0,0,0,0,0,0,0,4,5,0,0,0,0,4,0,1,0,0,0,0
Sherwin-Williams,309180132920,111,0,0,108,235,3,304,363,266,110,13,0,0,557,2560,57,14831,26052,15940,5362,420,0,0,747,4699,176,35032,152025,311387,223829,21887,0,0,747,4699,176,35032,152026,311392,224612,22075,0,0,65,823,6,7566,19278,39356,18350,1613,0,0,52,100,1,61,41,48,17,0,0,0,0,3,0,3,1,3,10,0,0,0,35,52,0,66,61,33,10,0,0,0,2,15,0,1,3,1,9,0,0,0,0,0,0,0,0,0,0,0,0,0,0,10,0,12,19,29,20,4,0,0,5,5,0,2,1,20,20,1,0,0,0,10,0,11,19,28,20,4,0,0,0,4,1,52,14,0,0,0,0,0,6,70,1,144,262,181,70,12,0,0,54,107,1,80,43,41,26,0,0,0,2,2,0,0,0,13,14,1,0,0,46,51,1,69,55,31,0,0,0,0,0,1,0,2,0,0,0,0,0,0,0,0,0,0,0,0,0,0,0,0,0,1,0,0,0,0,0,0,0,0,0,0,0,0,0,0,0,0,0,0,0,3,0,9,3,0,0,0
SAS,140344030787,3,0,0,0,0,0,114,59,1,0,0,0,0,0,0,0,9984,8055,4,0,0,0,0,0,0,0,124651,74023,200,0,0,0,0,0,0,0,124652,74023,200,0,0,0,0,0,0,0,5523,3102,11,0,0,0,0,0,0,0,26,8,1,0,0,0,0,0,0,0,19,9,1,0,0,0,0,0,0,0,32,11,0,0,0,0,0,0,0,0,0,2,0,0,0,0,0,0,0,0,2,3,0,0,0,0,0,0,0,0,1,0,0,0,0,0,0,0,0,0,8,2,0,0,0,0,0,0,0,0,1,0,0,0,0,0,0,0,0,0,0,0,0,0,0,0,0,0,0,0,75,50,0,0,0,0,0,0,0,0,25,7,1,0,0,0,0,0,0,0,4,0,0,0,0,0,0,0,0,0,10,2,0,0,0,0,0,0,0,0,0,0,0,0,0,0,0,0,0,0,0,0,0,0,0,0,0,0,0,0,0,0,0,0,0,0,0,0,0,0,0,0,0,0,0,0,0,0,0,0,0,0,0,0,0
SVB Financial Group,17979232866,35,7,95,77,205,0,248,264,167,76,3,0,4,10,43,0,126,209,119,50,5,0,12,49,500,0,2331,4457,3647,2310,45,0,12,49,502,0,2331,4457,3647,2320,45,0,0,0,55,0,283,431,351,269,4,0,9,34,148,0,133,143,79,35,0,0,2,2,1,0,11,3,1,4,0,7,92,71,186,0,181,154,101,52,2,0,0,0,8,0,25,17,9,4,0,0,0,0,0,0,11,10,4,2,0,0,0,0,56,0,148,138,79,37,0,0,0,1,3,0,18,26,9,4,0,0,0,0,56,0,147,135,79,36,0,0,0,24,38,0,5,59,114,62,3,0,5,6,13,0,89,105,79,41,3,0,9,34,148,0,146,150,85,35,0,0,0,0,1,0,2,1,0,0,0,0,4,28,35,0,8,5,3,0,0,0,0,0,7,0,1,0,0,0,0,7,76,9,0,0,0,0,0,0,0,0,1,0,0,0,0,0,0,0,0,0,0,0,0,0,1,1,0,0,0,0,0,0,1,0,1,2,0,0,0
Roche Diagnostics,116286801731230,117,0,0,110,366,17,445,428,609,342,45,0,0,52,686,60,921,1059,2041,1030,175,0,0,385,3034,261,9486,9171,29097,24517,3866,0,0,385,3034,261,9486,9172,29101,24787,3912,0,0,0,73,6,735,755,2524,2686,229,0,0,9,132,8,260,223,340,167,10,0,0,6,66,0,26,2,3,2,0,0,0,87,201,7,251,241,337,124,10,0,0,0,3,0,8,1,2,2,0,0,0,0,0,0,0,0,0,1,0,0,0,0,4,0,0,0,0,0,0,0,0,0,8,0,18,44,66,19,1,0,0,0,4,0,0,0,0,1,0,0,0,99,257,12,379,364,488,304,45,0,0,0,1,0,33,61,113,97,17,0,0,9,59,4,170,224,342,168,10,0,0,0,2,0,0,0,0,0,0,0,0,27,140,9,144,143,154,77,18,0,0,74,159,4,97,0,0,0,0,0,0,0,3,0,1,0,0,0,0,0,0,0,0,0,0,0,0,0,0,0,0,0,0,0,0,0,0,0,0,0,0,0,2,0,0,0,0,0,0
Gilbane,258541740902855,95,0,0,0,0,0,7,17,0,2,0,0,0,0,0,0,0,0,0,1,0,0,0,0,0,0,0,0,0,1,0,0,0,0,0,0,0,0,0,1,0,0,0,0,0,0,0,0,0,0,0,0,0,0,0,0,4,15,0,0,0,0,0,0,0,0,1,0,0,0,0,0,0,0,0,0,7,17,0,1,0,0,0,0,0,0,0,0,0,1,0,0,0,0,0,0,0,0,0,0,0,0,0,0,0,0,0,0,0,0,0,0,0,0,0,0,0,1,0,0,0,0,0,0,0,0,0,0,0,0,0,0,0,0,0,0,5,17,0,0,0,0,0,0,0,0,1,1,0,0,0,0,0,0,0,0,4,15,0,2,0,0,0,0,0,0,0,0,0,0,0,0,0,0,0,0,2,1,0,0,0,0,0,0,0,0,0,0,0,0,0,0,0,0,0,0,0,0,0,0,0,0,0,0,0,0,0,0,0,0,0,0,0,0,0,0,0,0,0,0,0,0,0,0,0,0,0,0,0,0,0
Herman Miller,162638622561,108,0,34,157,306,1,510,335,294,189,21,0,40,306,851,3,2226,1346,437,211,28,0,164,1509,7746,52,58588,60579,28308,13311,1645,0,164,1509,7746,52,58590,60579,28311,13417,1672,0,7,14,825,1,11168,9253,4688,2627,303,0,32,123,211,1,81,30,70,33,4,0,0,4,6,0,26,28,31,8,1,0,17,75,146,0,153,103,113,79,5,0,0,0,0,0,34,43,29,5,1,0,0,0,0,0,5,0,2,0,0,0,0,0,0,0,9,43,104,58,4,0,1,3,4,0,15,8,20,24,3,0,0,0,0,0,16,53,107,58,4,0,0,0,0,0,0,5,23,8,0,0,5,21,78,0,393,269,182,130,14,0,29,107,208,1,105,64,98,36,5,0,0,0,0,0,2,2,12,17,1,0,0,29,20,0,10,0,2,4,1,0,0,0,0,0,0,0,0,0,0,0,0,0,0,0,0,0,0,0,0,0,0,0,0,0,0,0,0,0,0,0,0,0,0,0,0,0,0,2,0,0,0,0,0,0,0,0,0,0,0
Mayo Clinic,7673082516,65,1,161,267,616,22,728,1588,2406,1599,239,0,304,770,3857,204,14837,16844,34572,23328,3408,3,1018,4851,23869,884,352852,601353,1277052,908845,133446,3,1018,4851,23872,884,352852,601354,1277066,918576,136446,0,38,120,3221,70,49103,168478,367443,248384,35676,0,19,76,453,15,483,720,929,747,131,0,0,18,233,2,95,41,29,15,1,1,78,82,164,9,148,217,277,243,48,0,0,0,3,0,12,66,95,32,2,0,0,0,10,0,1,1,3,0,0,0,0,1,11,0,35,103,65,47,5,0,61,84,193,4,102,115,74,49,10,0,0,1,11,0,34,103,65,47,5,0,0,0,2,0,149,1262,2246,1539,231,0,0,8,30,5,195,767,1362,799,102,0,19,69,459,15,490,785,1022,780,132,0,61,64,47,0,0,0,3,17,4,0,3,15,49,2,32,34,17,3,0,0,0,0,0,0,1,1,1,0,0,0,62,110,21,0,0,0,0,0,0,1,16,1,0,0,0,0,0,0,0,0,0,0,0,0,9,1,1,0,1,0,0,0,10,0,1,0,0,0,0
Recreational Equipment (REI),9062006483,7,0,0,0,0,0,440,138,612,515,61,0,0,0,0,0,19057,3793,36363,35689,3832,0,0,0,0,0,440065,256883,2231686,2263024,287263,0,0,0,0,0,440065,256884,2231708,2279913,292033,0,0,0,0,0,61616,15008,167410,112992,11859,0,0,0,0,0,89,4,44,50,3,0,0,0,0,0,8,1,18,29,3,0,0,0,0,0,60,28,85,77,10,0,0,0,0,0,53,5,13,16,2,0,0,0,0,0,3,0,0,0,0,0,0,0,0,0,56,26,136,112,9,0,0,0,0,0,27,4,28,36,3,0,0,0,0,0,62,26,136,112,9,0,0,0,0,0,0,106,422,350,43,0,0,0,0,0,272,128,526,418,52,0,0,0,0,0,146,9,57,63,4,0,0,0,0,0,3,0,25,29,3,0,0,0,0,0,11,1,4,2,1,0,0,0,0,0,0,0,0,0,0,0,0,0,0,0,0,0,0,0,0,0,0,0,0,0,0,0,0,0,0,0,0,0,0,0,3,0,0,3,1,0,0,0,0,0,5,0,0,0,0
Quicken Loans,435141649940642,9,0,0,0,0,0,33,139,157,155,30,0,0,0,0,0,0,2,52,210,31,0,0,0,0,0,27,233,832,1549,263,0,0,0,0,0,27,233,832,1567,272,0,0,0,0,0,12,84,212,264,50,0,0,0,0,0,30,110,84,56,10,0,0,0,0,0,1,1,0,2,1,0,0,0,0,0,33,134,121,109,22,0,0,0,0,0,0,6,6,9,1,0,0,0,0,0,0,0,5,4,1,0,0,0,0,0,8,31,40,37,10,0,0,0,0,0,0,4,10,9,2,0,0,0,0,0,8,31,40,37,10,0,0,0,0,0,24,86,46,8,3,0,0,0,0,0,2,23,69,85,17,0,0,0,0,0,6,33,51,63,11,0,0,0,0,0,0,0,1,2,1,0,0,0,0,0,1,2,2,5,1,0,0,0,0,0,24,81,34,0,0,0,0,0,0,0,0,0,0,0,0,0,0,0,0,0,0,0,0,0,0,0,0,0,0,0,0,0,0,0,0,0,0,0,0,0,0,0,0,0,0
Rackspace Hosting,147298628669538,68,0,0,0,53,0,16,0,0,0,0,0,0,0,4,0,7,0,0,0,0,0,0,0,17,0,19,0,0,0,0,0,0,0,19,0,21,0,0,0,0,0,0,0,3,0,9,0,0,0,0,0,0,0,14,0,5,0,0,0,0,0,0,0,1,0,1,0,0,0,0,0,0,0,52,0,13,0,0,0,0,0,0,0,0,0,0,0,0,0,0,0,0,0,0,0,0,0,0,0,0,0,0,0,4,0,1,0,0,0,0,0,0,0,4,0,0,0,0,0,0,0,0,0,4,0,1,0,0,0,0,0,0,0,8,0,1,0,0,0,0,0,0,0,27,0,9,0,0,0,0,0,0,0,6,0,4,0,0,0,0,0,0,0,3,0,0,0,0,0,0,0,0,0,6,0,1,0,0,0,0,0,0,0,8,0,1,0,0,0,0,0,0,0,3,0,1,0,0,0,0,0,0,0,0,0,0,0,0,0,0,0,0,0,0,0,0,0,0,0,0,0,0,0,0,0,0,0,0,0,0
Mars,211095382256023,119,0,0,0,42,0,243,246,253,149,17,0,0,0,360,0,1375,2747,1444,1142,878,0,0,0,568,0,15910,32576,34404,25905,3343,0,0,0,568,0,15910,32576,34406,26608,4603,0,0,0,57,0,2366,6246,6116,6752,1556,0,0,0,28,0,75,51,102,65,1,0,0,0,1,0,23,25,8,3,0,0,0,0,28,0,97,55,80,50,7,0,0,0,0,0,28,35,22,10,2,0,0,0,0,0,0,0,1,3,0,0,0,0,2,0,20,38,59,34,4,0,0,0,2,0,14,12,18,19,6,0,0,0,2,0,20,38,59,34,4,0,0,0,24,0,37,0,0,0,0,0,0,0,9,0,124,153,129,64,9,0,0,0,5,0,77,86,118,70,3,0,0,0,0,0,0,0,0,11,4,0,0,0,5,0,18,5,6,3,1,0,0,0,22,0,22,0,0,0,0,0,0,0,0,0,0,0,0,1,0,0,0,0,0,0,0,0,0,0,0,0,0,0,0,0,0,0,0,0,0,0,0,0,1,0,2,2,0,0,0
Camden Property Trust,128051573873366,6,0,0,10,78,1,233,230,326,246,32,0,0,13,17,0,55,70,36,45,10,0,0,46,193,5,1185,1702,1595,1054,125,0,0,46,193,5,1185,1702,1595,1084,126,0,0,2,13,2,267,430,511,395,22,0,0,10,78,1,213,200,261,150,14,0,0,3,59,0,179,154,146,48,0,0,0,5,69,1,212,206,300,222,25,0,0,0,0,0,0,0,3,2,3,0,0,0,0,0,0,0,0,0,0,0,0,0,1,0,1,2,39,56,16,0,0,4,0,0,0,2,4,3,1,0,0,0,1,0,1,2,39,56,16,0,0,0,0,0,8,15,0,0,0,0,0,1,1,0,14,23,61,93,15,0,0,9,77,1,205,187,264,152,17,0,0,0,0,0,0,0,0,0,0,0,0,0,0,0,6,5,1,1,0,0,0,0,0,0,8,15,0,0,0,0,0,0,0,0,0,0,0,0,0,0,0,0,0,0,0,0,0,0,0,0,0,0,0,0,0,0,0,0,0,0,0,0,0,0,0,0,0,0,0
Winchester Hospital,107079996018373,103,0,0,21,211,0,145,90,172,160,13,0,0,14,154,0,370,629,403,328,65,0,0,56,801,0,3390,6015,3507,3306,454,0,0,56,801,0,3390,6015,3507,3343,470,0,0,0,22,0,220,509,206,196,53,0,0,5,7,0,63,36,45,52,3,0,0,1,0,0,6,0,2,0,0,0,0,18,155,0,79,35,121,112,7,0,0,0,0,0,2,0,4,7,2,0,0,0,0,0,0,0,0,2,1,0,0,0,0,0,4,2,36,37,2,0,0,0,0,0,2,2,4,5,2,0,0,0,0,0,5,2,36,37,2,0,0,0,0,0,0,0,60,62,5,0,0,4,125,0,82,51,111,98,8,0,0,5,7,0,49,32,48,58,4,0,0,0,0,0,0,1,0,1,1,0,0,12,79,0,12,6,13,3,0,0,0,0,0,0,0,0,0,0,0,0,0,0,0,0,0,0,0,0,0,0,0,0,0,0,0,0,0,0,0,0,0,0,0,0,2,0,0,0,0,0,0,0,0,0,0,0,0,0,0
Perkins Coie,263371857101546,53,0,0,0,0,0,9,26,29,15,0,0,0,0,0,0,6,11,17,7,0,0,0,0,0,0,45,193,383,257,0,0,0,0,0,0,45,193,383,260,0,0,0,0,0,0,3,27,58,42,0,0,0,0,0,0,4,18,21,9,0,0,0,0,0,0,5,4,2,0,0,0,0,0,0,0,5,17,19,8,0,0,0,0,0,0,0,2,1,0,0,0,0,0,0,0,0,0,0,0,0,0,0,0,0,0,0,0,0,0,0,0,0,0,0,0,2,5,3,3,0,0,0,0,0,0,0,0,0,0,0,0,0,0,0,0,0,1,10,6,0,0,0,0,0,0,2,5,7,4,0,0,0,0,0,0,1,19,22,9,0,0,0,0,0,0,2,1,0,0,0,0,0,0,0,0,1,1,0,2,0,0,0,0,0,0,0,0,0,0,0,0,0,0,0,0,0,0,0,0,0,0,0,0,0,0,0,0,0,0,0,0,0,0,0,0,3,0,0,0,0,0,0,0,0,0,0,0,0,0,0
GoDaddy.com,8749090685,83,0,23,386,641,97,561,399,399,239,49,0,129,2330,6598,954,9872,7905,9975,6043,1073,0,267,6392,18179,3471,67098,72917,324357,308504,55989,0,267,6392,18179,3472,67099,72917,324357,310146,56144,0,6,33,465,82,7255,8280,21659,21311,3340,0,13,264,427,73,319,210,220,116,38,0,2,0,15,1,16,18,6,5,0,0,8,122,238,32,287,222,219,143,22,0,0,0,4,0,31,18,1,0,1,0,0,0,0,0,5,3,4,0,1,0,0,83,222,56,172,86,20,14,7,0,2,7,17,4,42,48,19,25,3,0,0,83,222,56,172,85,20,14,7,0,0,0,1,0,10,166,355,231,48,0,5,27,40,5,123,128,164,98,8,0,10,242,429,73,348,217,221,116,39,0,0,2,1,0,10,21,14,25,2,0,7,113,167,19,59,26,0,0,0,0,0,0,0,0,1,2,0,0,0,0,0,2,1,0,0,0,0,0,0,0,1,0,0,0,0,0,0,0,0,0,0,0,0,0,0,0,0,0,0,0,0,0,3,0,20,5,0,0,0
Qualcomm,115831370196,21,0,13,92,61,1,107,190,142,61,5,0,19,66,36,1,114,220,116,36,1,0,79,305,236,2,1642,5216,2670,865,10,0,79,305,236,2,1642,5216,2671,870,10,0,16,0,18,0,599,583,149,51,0,0,4,45,39,0,61,83,23,10,0,0,1,7,2,0,4,10,12,2,0,0,9,69,47,0,65,122,91,40,4,0,0,3,2,0,0,4,4,2,0,0,0,0,0,0,0,0,0,0,0,0,0,0,1,0,0,5,3,2,0,0,7,13,3,0,9,13,5,5,0,0,0,0,1,0,0,5,3,2,0,0,0,0,0,0,19,76,51,12,0,0,3,12,7,0,38,90,107,47,5,0,3,43,39,0,60,86,26,12,0,0,7,3,0,0,0,0,0,1,0,0,0,34,15,1,2,1,6,0,0,0,0,0,0,0,0,0,0,0,0,0,0,0,0,0,6,13,3,1,0,0,0,0,0,0,0,0,0,0,0,0,0,0,0,0,1,0,0,0,0,0,0,0,0,0,0,0,0,0,0
Aropostale,57143807607,99,0,7,176,429,1,791,877,818,489,84,0,493,17083,50823,88,148269,125322,38014,5456,333,0,2736,111268,401676,656,6390532,15594604,15645263,2279071,44933,0,2736,111268,401676,656,6390532,15594605,15645275,2280926,45762,0,34,667,5800,30,120212,183432,130048,21917,1239,0,2,19,23,0,14,12,0,0,0,0,2,90,221,0,46,11,5,4,0,0,2,53,135,0,214,131,107,91,13,0,1,0,2,0,5,2,1,0,0,0,0,0,4,0,3,0,0,0,0,0,0,0,0,0,34,24,7,3,1,0,0,5,5,0,27,18,3,4,0,0,0,0,0,0,34,24,7,3,1,0,0,0,0,0,129,604,771,450,81,0,4,162,391,1,665,802,814,483,83,0,1,2,3,0,18,14,1,0,0,0,0,5,5,0,17,10,3,4,0,0,1,4,21,0,67,50,0,2,0,0,0,0,0,0,0,0,0,0,0,0,1,3,0,0,0,0,0,0,1,0,0,0,0,0,0,0,0,0,0,0,0,0,0,0,1,0,0,0,0,0,0,0,9,0,23,1,0,0,0
Booz Allen Hamilton,115188672790,75,0,59,213,279,0,311,351,379,444,77,0,36,369,437,0,243,411,180,290,22,0,284,2933,4615,0,4167,63953,41763,29239,1229,0,284,2933,4615,0,4167,63953,41763,29303,1241,0,0,9,261,0,617,534,658,1048,158,0,54,205,254,0,290,318,271,181,22,0,11,11,6,0,25,18,11,5,0,0,42,116,155,0,213,229,242,307,56,0,0,0,3,0,7,4,5,6,0,0,0,0,0,0,2,0,0,0,0,0,4,38,27,0,11,30,68,104,26,0,3,29,52,0,36,32,29,33,5,0,4,38,27,0,11,30,70,104,26,0,0,0,0,0,0,13,111,132,9,0,4,22,41,0,21,27,96,248,54,0,52,186,227,0,273,305,273,187,22,0,2,5,9,0,0,0,0,3,0,0,1,0,1,0,0,1,7,6,1,0,0,0,0,0,0,0,0,0,0,0,0,0,1,0,1,0,0,0,0,0,0,0,0,0,0,0,0,0,0,0,0,0,0,0,16,18,3,0,0,0,0,0,0,0,0,0,0,0,0
Intercontinental Hotels Group,7933762697,89,0,2,0,0,0,78,55,57,28,2,0,73,0,0,0,511,451,396,338,17,0,303,0,0,0,7339,6465,6850,3641,518,0,303,0,0,0,7339,6465,6851,3657,532,0,36,0,0,0,1483,1675,1422,1136,89,0,0,0,0,0,55,34,24,14,1,0,1,0,0,0,4,4,0,0,0,0,1,0,0,0,29,13,20,4,1,0,0,0,0,0,2,2,0,0,0,0,0,0,0,0,1,1,0,2,0,0,1,0,0,0,25,11,20,11,2,0,0,0,0,0,9,8,4,0,0,0,1,0,0,0,25,11,20,11,2,0,0,0,0,0,0,0,1,1,0,0,1,0,0,0,16,15,25,12,1,0,0,0,0,0,59,36,24,13,1,0,0,0,0,0,0,2,1,0,0,0,0,0,0,0,3,2,7,3,0,0,0,0,0,0,0,0,0,0,0,0,0,0,0,0,0,0,0,0,0,0,1,0,0,0,0,0,0,0,0,0,0,0,0,0,0,0,0,0,0,0,0,0,0,0,0,0,0,0,0
Aflac,13994086254,71,1,9,35,30,0,130,145,80,75,14,1,5,128,458,0,717,1237,1102,567,79,2,79,545,1186,0,14613,20744,19508,13842,2022,2,79,545,1186,0,14614,20744,19508,14128,2089,0,0,4,209,0,4572,8558,10927,8977,1298,0,4,13,20,0,16,29,17,19,0,0,2,1,2,0,3,0,3,0,0,0,7,9,14,0,35,54,41,35,6,0,0,0,0,0,1,1,6,2,2,0,0,0,0,0,2,0,0,0,0,0,0,0,0,0,0,4,11,9,1,0,0,1,3,0,11,10,8,9,1,0,0,0,0,0,0,4,11,9,1,0,0,8,4,0,0,0,0,0,0,0,1,4,2,0,97,101,51,47,12,0,4,12,20,0,17,30,23,21,2,0,0,1,1,0,9,7,6,7,0,0,4,13,4,0,7,7,0,0,0,0,0,5,3,0,0,0,0,0,0,0,0,0,0,0,0,0,0,0,0,1,0,0,0,0,0,0,0,0,0,0,0,0,0,0,0,0,0,0,0,0,0,0,0,0,0,0,0,0,0
Atlantic Health,91507407676,59,0,17,59,63,0,147,133,83,12,2,0,2,0,0,0,13,13,5,1,0,0,3,13,25,0,155,221,114,55,1,0,3,13,25,0,155,221,114,55,1,0,0,0,3,0,32,41,16,7,0,0,11,56,57,0,86,45,31,5,1,0,3,1,0,0,44,66,45,6,0,0,16,59,63,0,139,123,78,11,2,0,0,0,0,0,19,42,28,2,0,0,0,0,0,0,1,0,0,0,0,0,0,0,0,0,0,0,1,0,0,0,3,0,0,0,0,1,1,0,0,0,0,0,0,0,0,0,1,0,0,0,0,0,0,0,0,0,0,0,0,0,1,0,0,0,11,15,9,3,0,0,11,56,57,0,105,87,59,7,1,0,3,0,0,0,0,0,0,0,0,0,2,3,6,0,31,31,15,2,1,0,0,0,0,0,0,0,0,0,0,0,0,0,0,0,0,0,0,0,0,0,0,0,0,0,0,0,0,0,0,0,0,0,0,0,0,0,0,0,0,0,0,0,0,0,0,0,0,0,0
Nordstrom,12854644836,56,0,0,0,0,0,0,0,0,18,5,0,0,0,0,0,0,0,0,9875,7525,0,0,0,0,0,0,0,0,1155694,574272,0,0,0,0,0,0,0,0,1193439,601098,0,0,0,0,0,0,0,0,25538,13783,0,0,0,0,0,0,0,0,0,0,0,0,0,0,0,0,0,0,0,0,0,0,0,0,0,0,0,0,1,0,0,0,0,0,0,0,0,0,0,0,0,0,0,0,0,0,0,0,0,0,0,0,0,0,0,0,0,0,4,2,0,0,0,0,0,0,0,0,1,0,0,0,0,0,0,0,0,0,4,2,0,0,0,0,0,0,0,0,0,0,0,0,0,0,0,0,0,0,17,5,0,0,0,0,0,0,0,0,0,0,0,0,0,0,0,0,0,0,1,0,0,0,0,0,0,0,0,0,0,0,0,0,0,0,0,0,0,0,0,0,0,0,0,0,0,0,0,0,0,0,0,0,0,0,0,0,0,0,0,0,0,0,0,0,0,0,0,0,0,0,0,0,0,0,0,0,0,0,0,0
Millennium: The Takeda Oncology Company,201874996515231,31,0,0,0,32,1,236,169,84,65,11,0,0,0,10,0,60,33,27,24,3,0,0,0,197,3,1723,1446,746,979,163,0,0,0,197,3,1723,1446,746,985,164,0,0,0,15,0,137,149,73,208,17,0,0,0,24,1,120,91,31,13,4,0,0,0,11,0,13,11,5,2,0,0,0,0,27,1,204,143,68,44,8,0,0,0,0,0,0,0,0,10,0,0,0,0,0,0,0,1,2,1,0,0,0,0,0,0,1,1,5,17,4,0,0,0,6,1,21,11,6,7,2,0,0,0,0,0,1,1,5,17,4,0,0,0,0,0,0,0,0,0,0,0,0,0,8,0,108,87,42,36,5,0,0,0,22,1,121,71,30,23,4,0,0,0,0,0,0,2,0,4,2,0,0,0,0,0,7,9,12,2,0,0,0,0,0,0,0,0,0,0,0,0,0,0,0,0,0,0,0,0,0,0,0,0,0,0,0,0,0,0,0,0,0,0,0,0,0,0,0,0,0,0,0,0,2,0,0,0,0,0,0
CarMax,58226901193,81,0,66,305,423,3,361,296,143,33,1,0,80,1659,2829,18,2565,4920,7720,1002,3,0,402,2342,4213,69,11644,48924,75175,39808,7,0,403,2344,4217,69,11644,48924,75175,39850,7,0,3,5,82,0,634,2060,2480,1484,0,0,43,153,146,2,146,108,47,5,0,0,3,8,1,0,2,4,3,1,0,0,41,91,94,0,105,63,34,8,0,0,0,0,8,0,20,2,0,0,0,0,0,0,0,0,1,3,1,0,0,0,0,0,15,0,22,28,18,7,0,0,2,6,9,0,6,17,8,4,0,0,0,0,15,0,22,28,18,7,0,0,2,15,6,0,0,0,0,0,0,0,7,60,100,0,100,119,82,24,0,0,43,146,150,2,176,110,48,5,0,0,1,4,1,0,0,2,0,4,0,0,13,84,167,1,84,64,13,0,1,0,2,9,3,0,0,0,0,0,0,0,0,0,0,0,0,0,0,0,0,0,0,2,0,0,0,0,0,0,0,0,0,0,0,0,0,0,0,0,0,0,0,0,2,0,1,1,0,0,0
FedEx,150993094945648,105,0,0,12,139,4,332,422,476,286,30,0,0,260,34566,563,20638,81525,56157,23077,1954,0,0,869,51985,1619,231644,977401,1144306,491793,44442,0,0,869,51985,1619,231644,977404,1144312,493949,44711,0,0,20,4564,56,26179,66633,90041,50727,5843,0,0,9,94,3,134,112,74,22,1,0,0,0,0,0,11,15,6,3,0,0,0,9,55,2,135,168,156,90,13,0,0,0,4,0,9,16,27,13,1,0,0,0,0,0,9,1,2,3,0,0,0,1,3,0,82,89,104,72,4,0,0,0,4,0,19,26,60,54,9,0,0,1,3,0,82,89,104,72,4,0,0,0,40,1,33,183,192,128,17,0,0,3,27,0,161,280,344,210,20,0,0,8,64,2,139,111,87,33,1,0,0,0,1,0,3,10,38,42,9,0,0,1,6,1,26,13,7,1,0,0,0,0,40,1,0,0,0,0,0,0,0,0,1,0,0,0,0,0,0,0,0,0,0,0,0,0,0,0,0,0,0,0,0,0,1,3,0,0,0,0,0,0,0,0,2,5,0,0,0
Novo Nordisk,105548031768,38,0,0,0,57,2,161,221,182,91,10,0,0,0,126,9,1168,1207,636,815,33,0,0,0,1582,100,36365,101423,117158,240795,1746,0,0,0,1582,100,36365,101423,117160,241066,1765,0,0,0,312,24,5142,5083,6039,4792,266,0,0,0,48,2,89,57,37,37,7,0,0,0,15,1,8,14,11,5,0,0,0,0,29,1,74,116,77,25,2,0,0,0,0,0,9,26,7,6,1,0,0,0,0,0,1,1,6,2,0,0,0,0,0,0,1,13,13,18,1,0,0,0,15,2,35,26,36,22,1,0,0,0,0,0,1,13,13,18,1,0,0,0,0,0,8,37,2,0,0,0,0,0,7,0,55,115,122,37,2,0,0,0,49,2,92,84,36,37,8,0,0,0,0,0,0,4,24,17,0,0,0,0,0,0,5,3,0,0,0,0,0,0,0,0,3,14,0,0,0,0,0,0,1,0,0,0,0,0,0,0,0,0,0,0,0,0,0,0,0,0,0,0,0,0,0,0,0,0,0,0,0,0,0,0,6,1,0,0,0
DreamWorks Animation SKG,104770457523,13,0,15,163,284,7,462,317,407,288,42,0,229,2426,10391,275,23036,28952,30782,11721,534,0,962,15538,84488,3357,572889,1345527,1887909,660234,24732,0,962,15538,84490,3357,572895,1345535,1887987,660876,25544,0,111,386,5765,359,50912,60312,61800,19243,281,0,12,75,106,4,83,69,21,21,2,0,1,0,1,0,7,3,9,31,8,0,3,24,74,2,101,58,69,44,3,0,0,11,20,0,18,51,41,69,24,0,0,0,0,0,11,0,0,0,0,0,0,86,157,2,315,225,164,92,21,0,2,20,33,1,42,33,53,67,8,0,0,86,157,2,290,225,164,92,21,0,0,5,4,0,0,0,166,125,5,0,2,44,125,3,346,192,321,175,16,0,12,87,129,4,103,120,61,90,26,0,1,2,1,0,0,1,23,23,0,0,0,29,28,0,12,4,2,0,0,0,0,1,0,0,0,0,0,0,0,0,0,0,0,0,0,0,0,0,0,0,0,0,0,0,0,0,0,0,0,0,0,0,0,0,0,0,0,0,0,0,0,0,1,0,1,0,0,0,0
PricewaterhouseCoopers,232561027513,43,0,0,106,169,2,309,199,270,187,22,0,0,85,318,1,527,351,320,229,33,0,0,993,2538,14,14403,17707,18512,10989,1403,0,0,993,2538,14,14403,17707,18512,11054,1415,0,0,3,74,0,818,1262,2039,1778,207,0,0,96,133,2,149,110,140,87,8,0,0,0,4,0,24,7,3,4,0,0,0,74,88,1,176,102,160,117,13,0,0,0,1,0,4,5,6,1,0,0,0,0,0,0,8,3,3,0,0,0,0,0,0,0,4,17,19,3,0,0,0,6,11,0,15,11,32,17,0,0,0,0,0,0,6,22,26,3,0,0,0,0,0,0,5,33,156,146,21,0,0,0,21,0,104,67,96,80,14,0,0,96,130,2,141,102,129,87,8,0,0,1,0,0,0,3,22,13,0,0,0,9,18,0,52,25,23,7,0,0,0,0,0,0,2,0,0,0,0,0,0,0,0,0,3,0,0,0,0,0,0,0,0,0,0,0,0,0,0,0,0,0,0,0,2,1,0,0,0,0,0,0,0,0,5,1,0,0,0
Teach For America,8433834471,64,0,75,225,321,16,339,416,589,349,46,0,116,514,951,57,2653,5996,11277,4637,669,0,953,5364,17012,983,61825,228307,514478,225005,28472,0,954,5364,17012,983,61826,228307,514485,227512,28983,0,3,1,3612,23,38308,77930,173719,48834,7902,0,52,195,272,11,186,217,339,208,24,0,6,7,1,0,11,34,16,4,0,0,31,85,105,5,98,112,82,57,8,0,0,0,2,0,8,3,9,15,2,0,0,0,0,0,0,0,0,3,3,0,0,22,41,1,24,73,88,63,10,0,10,8,25,2,24,60,46,19,6,0,0,22,41,1,24,73,88,63,10,0,0,0,0,0,7,78,97,0,0,0,0,7,15,1,129,186,215,112,15,0,51,193,275,12,189,220,344,221,26,0,8,0,0,0,0,0,24,11,4,0,14,25,31,3,15,10,5,4,1,0,0,0,0,0,6,0,0,0,0,0,0,0,0,0,0,0,0,0,0,0,1,0,0,0,0,0,0,0,0,0,0,0,0,0,0,0,1,1,0,0,1,0,0,0,0,0,0,0,0
WellStar Health System,94455639888,115,0,25,30,58,8,864,824,753,448,55,0,9,10,26,1,705,1424,2631,1472,98,0,37,72,231,35,5101,23748,45796,19462,1648,0,37,72,231,35,5101,23749,45796,19564,1670,0,0,0,11,0,435,1459,5483,2725,307,0,3,8,20,7,459,138,67,37,3,0,9,0,3,2,8,39,38,46,2,0,20,26,49,7,602,486,314,238,39,0,0,0,2,0,5,15,11,6,0,0,0,0,0,0,0,0,3,6,1,0,0,0,2,0,1,6,35,9,0,0,0,1,0,0,3,11,16,7,1,0,0,0,2,0,1,6,35,9,0,0,0,0,0,0,499,691,519,383,51,0,8,0,1,0,206,638,649,398,49,0,4,8,22,7,415,142,61,35,2,0,0,0,0,0,0,0,10,5,1,0,13,22,35,1,192,33,12,0,2,0,0,0,0,0,51,0,0,0,0,0,0,0,0,0,0,0,4,2,1,0,0,0,0,0,0,0,0,0,0,0,0,0,0,0,0,11,17,8,0,0,0,0,0,0,0,0,0,0,0
Credit Acceptance,168678439842388,116,0,0,0,32,0,78,40,29,15,0,0,0,0,8,0,101,83,167,83,0,0,0,0,102,0,1182,846,596,494,0,0,0,0,102,0,1182,846,605,505,0,0,0,0,16,0,154,133,230,108,0,0,0,0,16,0,32,17,7,1,0,0,0,0,7,0,4,1,4,0,0,0,0,0,27,0,60,37,26,11,0,0,0,0,0,0,0,0,0,0,0,0,0,0,0,0,5,3,0,0,0,0,0,0,0,0,3,12,11,5,0,0,0,0,1,0,3,3,0,0,0,0,0,0,0,0,3,12,11,5,0,0,0,0,0,0,0,0,0,0,0,0,0,0,6,0,49,22,16,10,0,0,0,0,16,0,24,13,8,1,0,0,0,0,1,0,1,0,0,0,0,0,0,0,9,0,4,5,5,4,0,0,0,0,0,0,0,0,0,0,0,0,0,0,0,0,0,0,0,0,0,0,0,0,0,0,0,0,0,0,0,0,0,0,0,0,0,0,0,0,0,0,0,0,0,0,0,0,0,0,0
Mercedes-Benz USA,6604386669,11,0,0,0,0,0,382,692,1022,705,117,0,0,0,0,0,100921,136360,108632,96064,14283,0,0,0,0,0,5130190,11927999,12008278,5989217,454592,0,0,0,0,0,5130197,11928019,12009548,6030931,465925,0,0,0,0,0,515811,790274,648929,392013,43056,0,0,0,0,0,80,52,64,74,22,0,0,0,0,0,28,9,10,1,0,0,0,0,0,0,120,194,160,99,15,0,0,0,0,0,7,14,44,41,1,0,0,0,0,0,0,0,0,1,0,0,0,0,0,0,97,333,508,347,58,0,0,0,0,0,60,53,205,192,32,0,0,0,0,0,97,333,507,347,58,0,0,0,0,0,85,0,0,4,0,0,0,0,0,0,278,580,749,423,63,0,0,0,0,0,89,60,106,111,23,0,0,0,0,0,4,24,154,169,31,0,0,0,0,0,2,21,10,1,0,0,0,0,0,0,2,0,0,0,0,0,0,0,0,0,0,0,0,0,0,0,0,0,0,0,0,0,0,0,0,0,0,0,0,0,2,7,3,1,0,0,0,0,0,0,5,0,0,0,0
Chesapeake Energy,201579567564,17,0,0,0,0,0,543,253,81,14,1,0,0,0,0,0,1865,660,142,26,0,0,0,0,0,0,22339,13777,4206,382,8,0,0,0,0,0,22339,13777,4206,382,8,0,0,0,0,0,2574,1907,401,47,1,0,0,0,0,0,345,109,27,0,0,0,0,0,0,0,88,13,4,3,0,0,0,0,0,0,247,140,41,10,1,0,0,0,0,0,14,6,6,2,0,0,0,0,0,0,3,3,0,0,0,0,0,0,0,0,63,53,18,4,0,0,0,0,0,0,50,23,6,3,0,0,0,0,0,0,63,53,18,4,0,0,0,0,0,0,299,52,22,2,0,0,0,0,0,0,112,140,52,9,1,0,0,0,0,0,280,100,27,2,0,0,0,0,0,0,0,1,0,2,0,0,0,0,0,0,66,11,2,1,0,0,0,0,0,0,78,0,0,0,0,0,0,0,0,0,0,0,0,0,0,0,0,0,0,0,0,0,0,0,0,0,0,0,0,0,6,1,0,0,0,0,0,0,0,0,1,0,0,0,0
General Mills,163903596981363,58,0,0,17,190,1,309,246,92,50,2,0,0,30,484,2,951,395,244,115,15,0,0,17,893,4,2760,2382,1436,531,22,0,0,17,893,4,2760,2382,1436,531,22,0,0,0,98,0,422,336,397,82,6,0,0,4,95,1,82,55,40,27,1,0,0,0,0,0,7,3,4,0,0,0,0,11,73,0,149,136,36,19,0,0,0,0,1,0,5,8,5,0,0,0,0,0,0,0,1,1,0,2,1,0,0,2,17,0,55,41,7,5,0,0,0,2,13,0,20,10,8,2,0,0,0,2,17,0,55,41,7,5,0,0,0,0,5,0,27,72,26,8,0,0,0,0,7,0,136,156,37,19,1,0,0,4,94,1,77,63,45,27,1,0,0,1,1,0,0,1,4,0,0,0,0,12,84,0,90,25,6,4,0,0,0,0,2,0,4,0,0,0,0,0,0,0,0,0,0,0,0,0,0,0,0,0,0,0,0,0,0,0,0,0,0,0,0,0,0,0,0,0,0,0,0,0,2,0,2,1,0,0,0
Deloitte,667369363331771,61,0,0,0,0,0,0,50,177,80,0,0,0,0,0,0,0,2,30,8,0,0,0,0,0,0,0,144,631,146,0,0,0,0,0,0,0,144,631,146,0,0,0,0,0,0,0,13,86,26,0,0,0,0,0,0,0,45,156,68,0,0,0,0,0,0,0,0,2,1,0,0,0,0,0,0,0,47,156,71,0,0,0,0,0,0,0,0,1,2,0,0,0,0,0,0,0,0,0,0,0,0,0,0,0,0,0,0,1,0,0,0,0,0,0,0,0,7,30,20,0,0,0,0,0,0,0,0,1,0,0,0,0,0,0,0,0,28,119,62,0,0,0,0,0,0,0,3,6,8,0,0,0,0,0,0,0,45,157,69,0,0,0,0,0,0,0,0,8,2,0,0,0,0,0,0,0,1,6,0,0,0,0,0,0,0,0,1,0,0,0,0,0,0,0,0,0,0,0,0,0,0,0,0,0,0,0,0,0,0,0,0,0,0,0,0,0,0,0,1,0,0,0,0,0,0,0,0,0,0,0
