companyString,date,fbId,fbPageId,count(*),commentsCount,likesCount,reactionsCount,sharesCount,hasCaption,blankMessage,updatedLater,hasParent,hasPlace,hasMessageTags,hasSource,hasTo,postedFromApp,added_photosStory,shared_storyStory,added_videoStory,mobile_status_updateStory,published_storyStory,created_noteStory,wall_postStory,created_eventStory,noTypeStory
SAS,2012,140344030787,3,155,357,2389,2389,2,10,4,38,3,2,2,1,153,1,0,16,0,0,0,0,139,0,0
SAS,2013,140344030787,3,90,163,334,334,1,7,1,24,1,0,2,1,89,0,0,9,0,0,0,0,80,0,1
SAS,2014,140344030787,3,17,16,36,36,0,2,1,4,1,0,0,0,16,0,0,2,0,0,0,0,14,0,1
SAS,2015,140344030787,3,59,84,130,137,23,3,0,8,0,2,8,3,52,0,6,4,3,0,0,0,46,0,0
SAS,2016,140344030787,3,22,173,7401,7794,957,0,0,3,2,0,4,0,18,0,4,2,0,0,0,0,16,0,0
NetApp,2010,144947005540685,5,3,1,0,0,0,0,0,3,0,0,0,0,3,0,0,0,0,0,0,0,3,0,0
NetApp,2013,144947005540685,5,1,2,0,0,0,0,0,0,0,0,0,0,1,0,0,0,0,0,0,0,1,0,0
NetApp,2014,144947005540685,5,1,1,0,0,0,0,0,0,0,0,0,0,1,0,0,0,0,0,0,0,1,0,0
NetApp,2015,144947005540685,5,1,0,0,0,0,0,0,1,0,0,0,0,1,0,0,0,0,0,0,0,1,0,0
Camden Property Trust,2009,128051573873366,6,1,0,1,1,0,0,0,1,0,0,0,0,1,0,0,0,0,0,0,0,1,0,0
Camden Property Trust,2010,128051573873366,6,5,7,0,0,0,1,0,3,0,0,0,0,5,0,0,1,0,0,0,0,3,0,1
Camden Property Trust,2012,128051573873366,6,19,8,9,9,1,4,0,13,1,0,3,1,16,0,3,6,0,0,0,0,10,0,0
Camden Property Trust,2013,128051573873366,6,31,15,110,110,6,5,1,23,0,0,13,1,19,0,15,5,0,0,0,0,11,0,0
Camden Property Trust,2014,128051573873366,6,30,65,413,413,81,4,1,14,0,2,19,1,13,0,18,4,0,0,0,0,8,0,0
Camden Property Trust,2015,128051573873366,6,22,13,124,125,20,9,0,12,1,1,13,0,9,1,8,10,0,0,0,0,4,0,0
Camden Property Trust,2016,128051573873366,6,7,2,39,41,6,3,0,6,1,0,4,0,3,1,1,4,0,0,0,0,2,0,0
Recreational Equipment (REI),2012,9062006483,7,993,813,10192,10192,3184,223,227,876,225,13,62,52,814,7,282,419,0,17,4,0,239,0,32
Recreational Equipment (REI),2013,9062006483,7,224,246,3801,3801,12,27,94,175,94,7,9,7,140,0,50,88,0,17,0,0,50,0,19
Recreational Equipment (REI),2014,9062006483,7,1171,2901,88113,88153,75,99,582,880,565,37,50,41,620,1,266,481,2,81,0,0,226,0,115
Recreational Equipment (REI),2015,9062006483,7,1067,2029,53702,53935,169,113,570,800,567,24,58,54,500,0,191,519,4,63,0,0,182,0,108
Recreational Equipment (REI),2016,9062006483,7,94,148,2123,2227,2,5,60,74,63,3,6,5,34,0,9,53,0,5,0,0,17,0,10
CHG Healthcare Services,2010,32264600947,8,5,1,3,3,0,1,0,4,0,0,0,1,5,1,1,1,0,0,0,0,3,0,0
CHG Healthcare Services,2011,32264600947,8,2,0,0,0,0,1,0,2,0,0,0,0,2,0,0,1,0,0,0,0,1,0,0
CHG Healthcare Services,2012,32264600947,8,5,5,7,7,0,1,0,3,0,0,1,0,5,0,1,1,0,0,0,0,3,0,0
CHG Healthcare Services,2013,32264600947,8,11,11,153,153,8,4,0,5,0,1,6,0,6,0,5,4,0,0,0,0,2,0,0
CHG Healthcare Services,2014,32264600947,8,18,9,306,306,31,8,0,11,1,1,14,2,5,4,6,10,1,0,0,0,1,0,0
CHG Healthcare Services,2015,32264600947,8,11,20,435,443,45,5,0,2,2,1,9,3,2,1,2,7,2,0,0,0,0,0,0
CHG Healthcare Services,2016,32264600947,8,1,0,1,1,0,1,0,1,0,0,0,0,1,0,0,1,0,0,0,0,0,0,0
Quicken Loans,2013,435141649940642,9,1,1,0,0,0,0,0,0,0,0,0,0,1,0,0,0,0,0,0,0,1,0,0
Quicken Loans,2014,435141649940642,9,1,1,10,10,1,0,0,0,0,0,1,0,0,0,1,0,0,0,0,0,0,0,0
Quicken Loans,2015,435141649940642,9,1,2,6,6,0,0,0,0,0,0,0,0,1,0,1,0,0,0,0,0,0,0,0
Quicken Loans,2016,435141649940642,9,1,0,1,1,0,0,1,1,1,0,0,0,1,0,0,1,0,0,0,0,0,0,0
Zappos.com,2007,7172307686,10,2,0,0,0,0,0,0,2,0,0,0,0,2,0,0,0,0,0,0,0,2,0,0
Zappos.com,2008,7172307686,10,64,6,3,3,0,0,1,60,0,0,1,0,64,0,4,0,0,0,0,0,60,0,0
Zappos.com,2009,7172307686,10,30,0,1,1,0,0,0,30,0,0,0,0,30,0,0,0,0,0,0,0,30,0,0
Zappos.com,2012,7172307686,10,900,1611,9482,9482,200,34,146,244,139,2,23,13,769,6,80,119,1,12,0,0,637,0,51
Zappos.com,2013,7172307686,10,1356,2155,25689,25689,38,60,287,463,283,4,48,23,1083,7,82,188,2,15,0,0,915,0,154
Zappos.com,2014,7172307686,10,1229,2744,40247,40247,19,44,401,529,394,2,51,37,840,8,80,288,0,45,0,0,695,0,121
Zappos.com,2015,7172307686,10,710,1674,40319,40425,42,30,310,305,263,5,27,43,438,3,92,183,18,20,0,0,302,0,95
Zappos.com,2016,7172307686,10,62,134,1022,1073,9,2,24,25,24,2,4,4,39,0,11,18,0,3,0,0,25,0,5
Mercedes-Benz USA,2007,6604386669,11,19,0,0,0,0,0,0,19,0,0,0,0,19,0,0,0,0,0,0,0,19,0,0
Mercedes-Benz USA,2008,6604386669,11,11,0,0,0,0,0,0,11,0,0,0,0,11,0,0,0,0,0,0,0,11,0,0
Mercedes-Benz USA,2011,6604386669,11,2,0,0,0,0,1,0,2,0,0,0,0,2,0,0,1,0,0,0,0,1,0,0
Mercedes-Benz USA,2012,6604386669,11,3932,6016,243906,243907,1931,438,1124,3645,807,37,310,168,3279,34,881,1141,2,9,10,0,1460,0,429
Mercedes-Benz USA,2013,6604386669,11,7627,20337,989524,989527,1265,448,2815,6840,2066,94,334,288,5753,43,1666,1465,12,115,11,0,2888,0,1470
Mercedes-Benz USA,2014,6604386669,11,6735,27572,1238677,1238920,796,196,3308,5629,2856,46,132,365,3966,33,1188,1334,13,407,0,0,2155,0,1638
Mercedes-Benz USA,2015,6604386669,11,4303,31615,1147317,1157709,1357,115,2792,3423,2604,59,111,369,1710,14,734,1158,19,398,0,0,806,0,1188
Mercedes-Benz USA,2016,6604386669,11,515,4255,121256,122974,102,24,305,397,271,4,22,60,237,2,112,158,1,41,0,0,102,0,101
Kimpton Hotels & Restaurants,2008,51530158577,15,36,23,15,15,0,0,1,24,0,0,0,0,36,0,14,0,0,0,0,0,22,0,0
Kimpton Hotels & Restaurants,2009,51530158577,15,154,70,99,99,0,8,46,131,46,0,0,1,108,0,9,38,0,16,0,0,91,0,0
Kimpton Hotels & Restaurants,2010,51530158577,15,429,306,767,767,2,35,254,368,250,0,12,8,186,1,18,217,1,54,0,0,115,0,24
Kimpton Hotels & Restaurants,2011,51530158577,15,27,16,23,23,0,3,9,20,8,0,0,0,19,0,7,6,0,5,0,0,9,0,0
Kimpton Hotels & Restaurants,2012,51530158577,15,296,238,1063,1063,7,32,153,226,155,3,10,7,146,0,25,137,0,12,0,0,80,0,42
Kimpton Hotels & Restaurants,2013,51530158577,15,249,180,6080,6080,0,23,101,164,101,4,13,6,149,0,38,85,0,2,0,0,86,0,38
Kimpton Hotels & Restaurants,2014,51530158577,15,236,984,23501,23503,0,13,114,141,112,9,8,3,126,0,28,79,0,12,0,0,82,0,35
Kimpton Hotels & Restaurants,2015,51530158577,15,209,6870,109135,109431,6522,52,60,78,73,3,79,7,75,19,32,106,3,8,0,0,47,0,13
Kimpton Hotels & Restaurants,2016,51530158577,15,32,161,9266,9291,109,16,0,5,2,5,24,0,8,5,7,18,0,1,0,0,6,0,0
JM Family Enterprises,2015,215824265320,16,16,7,110,113,3,1,0,12,1,0,6,1,10,2,11,2,1,0,0,0,2,0,0
JM Family Enterprises,2016,215824265320,16,9,4,29,30,0,1,0,6,0,2,7,1,3,0,7,1,1,0,0,0,0,0,0
Chesapeake Energy,2012,201579567564,17,216,194,529,529,16,59,47,154,42,0,18,4,169,0,18,94,0,6,0,0,92,0,6
Chesapeake Energy,2013,201579567564,17,128,145,582,582,201,25,11,88,6,1,35,3,102,0,34,34,1,5,0,0,54,0,0
Chesapeake Energy,2014,201579567564,17,139,183,1348,1348,494,27,25,93,0,2,44,3,98,3,58,27,3,7,0,0,44,0,0
Chesapeake Energy,2015,201579567564,17,54,86,475,532,259,17,2,43,0,1,21,1,34,1,21,21,1,2,0,0,9,0,0
Chesapeake Energy,2016,201579567564,17,15,4,50,50,46,5,0,12,0,0,7,0,8,0,5,5,0,0,0,0,5,0,0
Container Store,2008,59375573322,20,38,21,9,9,0,0,1,29,1,0,0,0,37,0,3,1,0,0,0,0,34,0,0
Container Store,2009,59375573322,20,183,185,433,433,1,2,65,143,57,0,0,0,126,1,34,44,0,15,0,0,90,0,0
Container Store,2010,59375573322,20,548,666,2003,2003,10,49,233,443,222,0,12,10,326,3,59,198,4,51,0,0,207,0,29
Container Store,2011,59375573322,20,58,51,69,69,2,6,20,43,20,0,1,0,38,1,8,19,0,7,1,0,23,0,0
Container Store,2012,59375573322,20,589,923,6860,6860,6,40,232,454,231,2,24,6,362,0,31,176,0,26,0,0,278,0,78
Container Store,2013,59375573322,20,530,680,5350,5350,8,29,209,336,209,2,24,5,327,1,58,133,0,28,0,0,232,0,79
Container Store,2014,59375573322,20,595,961,12890,12890,6,30,340,431,341,3,14,13,258,0,61,207,0,53,0,0,161,0,113
Container Store,2015,59375573322,20,312,485,6062,6116,717,60,123,219,137,0,101,12,97,32,38,137,5,18,0,0,65,0,49
Container Store,2016,59375573322,20,44,34,401,401,55,11,1,23,4,0,24,2,21,4,14,15,0,1,0,0,14,0,0
Qualcomm,2009,115831370196,21,11,12,0,0,0,0,0,1,0,0,0,0,11,0,0,0,0,0,0,0,11,0,0
Qualcomm,2010,115831370196,21,10,20,1,1,0,0,0,1,0,0,0,0,10,0,0,0,0,0,0,0,10,0,0
Qualcomm,2011,115831370196,21,1,1,0,0,0,0,0,0,0,0,0,0,1,0,0,0,0,0,0,0,1,0,0
Qualcomm,2012,115831370196,21,29,46,11,11,0,0,0,6,0,0,4,0,29,0,0,0,0,0,0,0,29,0,0
Qualcomm,2013,115831370196,21,13,13,3,3,0,1,1,7,0,1,1,0,13,0,0,2,0,0,0,0,11,0,0
Qualcomm,2014,115831370196,21,11,5,3,3,0,4,0,7,0,1,2,1,10,0,1,5,0,0,0,0,5,0,0
Qualcomm,2015,115831370196,21,7,2,1,1,0,1,0,6,1,1,1,0,6,0,1,3,0,0,0,0,3,0,0
Qualcomm,2016,115831370196,21,2,0,0,0,0,0,0,2,0,0,0,0,2,0,0,0,0,0,0,0,2,0,0
Ultimate Software,2015,29660886831,23,2,0,5,5,0,0,0,2,0,0,2,0,1,1,2,0,0,0,0,0,0,0,0
Ultimate Software,2016,29660886831,23,1,0,3,3,0,0,0,1,0,0,0,0,1,0,1,0,0,0,0,0,0,0,0
Burns & McDonnell,2012,193157160706830,24,2,0,4,4,0,1,0,2,0,0,0,0,2,0,0,1,0,0,0,0,1,0,0
Burns & McDonnell,2013,193157160706830,24,3,0,1,1,0,2,0,3,0,0,0,0,3,0,0,2,0,0,0,0,1,0,0
Burns & McDonnell,2014,193157160706830,24,2,0,1,1,0,2,0,2,0,0,1,0,1,0,0,2,0,0,0,0,0,0,0
Burns & McDonnell,2016,193157160706830,24,1,0,1,1,0,0,0,1,0,0,0,0,1,0,0,0,0,0,0,0,1,0,0
PCL Construction Enterprises,2012,109150299248234,26,8,9,26,26,2,1,0,1,0,0,2,0,6,0,2,1,0,0,0,0,5,0,0
PCL Construction Enterprises,2013,109150299248234,26,35,41,104,104,6,5,0,14,0,2,12,2,25,0,2,5,1,3,0,0,24,0,0
PCL Construction Enterprises,2014,109150299248234,26,19,7,118,118,8,7,0,13,0,0,13,1,6,0,3,7,0,3,0,0,6,0,0
PCL Construction Enterprises,2015,109150299248234,26,1,0,2,2,2,1,0,1,0,0,1,0,0,0,0,1,0,0,0,0,0,0,0
Scottrade,2008,15601935371,27,6,10,0,0,0,0,0,2,0,0,0,0,6,0,0,0,0,0,0,0,6,0,0
Scottrade,2009,15601935371,27,49,74,8,8,0,0,0,10,0,0,0,0,49,0,0,0,0,0,0,0,49,0,0
Scottrade,2010,15601935371,27,129,172,38,38,1,4,2,57,0,0,2,0,129,1,2,5,0,0,0,0,121,0,1
Scottrade,2011,15601935371,27,9,12,1,1,0,0,0,3,0,0,0,0,9,0,0,0,0,0,0,0,9,0,0
Scottrade,2012,15601935371,27,155,228,36,36,1,6,1,52,0,0,3,0,155,0,3,6,0,0,0,0,146,0,0
Scottrade,2013,15601935371,27,221,221,73,73,1,25,8,90,2,0,8,1,217,0,6,27,0,1,0,0,187,0,0
Scottrade,2014,15601935371,27,251,281,405,405,71,30,5,91,3,1,15,0,238,3,7,34,0,5,0,0,204,0,1
Scottrade,2015,15601935371,27,124,220,641,641,506,15,0,38,0,1,14,2,117,2,8,15,0,1,0,0,100,0,0
Scottrade,2016,15601935371,27,15,15,139,139,11,3,0,6,0,0,1,0,14,0,2,3,0,0,0,0,10,0,0
Whole Foods Market,2013,525560857527063,28,20,32,33,33,9,4,0,1,0,1,1,1,19,0,0,4,0,0,0,0,16,0,0
Whole Foods Market,2014,525560857527063,28,51,61,26,26,1,4,0,12,1,2,7,0,50,0,0,5,0,0,0,0,46,0,0
Whole Foods Market,2015,525560857527063,28,37,37,45,45,1,5,0,10,0,1,7,0,35,0,1,5,0,0,0,0,31,0,0
Whole Foods Market,2016,525560857527063,28,4,1,3,3,0,0,0,3,0,0,0,0,4,0,0,0,0,0,0,0,4,0,0
Nugget Market,2009,260624001193,30,18,17,1,1,0,2,0,8,0,0,1,1,17,0,1,2,0,1,0,0,14,0,0
Nugget Market,2010,260624001193,30,70,31,40,40,4,2,0,45,1,0,18,0,59,0,12,3,0,7,0,0,48,0,0
Nugget Market,2011,260624001193,30,8,6,9,9,0,0,0,4,0,0,2,0,6,0,0,0,0,2,0,0,6,0,0
Nugget Market,2012,260624001193,30,79,104,774,774,249,9,0,50,3,0,36,1,44,0,19,12,0,17,0,0,31,0,0
Nugget Market,2013,260624001193,30,55,36,382,382,24,12,1,33,1,0,34,2,25,1,20,14,1,4,0,0,16,0,0
Nugget Market,2014,260624001193,30,70,93,552,552,38,15,0,45,4,1,40,1,34,4,31,19,0,3,0,0,17,0,0
Nugget Market,2015,260624001193,30,49,286,13009,13028,1403,11,1,24,4,4,32,1,19,7,21,15,1,2,0,0,10,0,0
Nugget Market,2016,260624001193,30,10,6,113,115,12,1,0,5,1,4,8,0,3,2,7,2,0,0,0,0,1,0,0
Southern Ohio Medical Center,2012,220886824589689,32,11,6,33,33,0,0,0,6,0,0,0,0,11,0,2,0,0,0,0,0,9,0,0
Southern Ohio Medical Center,2013,220886824589689,32,16,26,279,279,17,2,0,10,0,0,5,0,11,0,6,2,0,1,0,0,7,0,0
Southern Ohio Medical Center,2014,220886824589689,32,15,6,39,39,4,3,2,9,0,2,5,0,12,0,6,5,0,0,0,0,4,0,0
Southern Ohio Medical Center,2015,220886824589689,32,15,38,102,118,36,1,0,9,1,4,8,1,7,0,6,2,1,2,0,0,4,0,0
Southern Ohio Medical Center,2016,220886824589689,32,1,0,14,14,0,0,0,1,0,0,1,0,0,0,0,0,0,1,0,0,0,0,0
St. Jude Children's Research Hospital,2012,6435441794,34,882,5449,133052,133052,38,68,275,784,274,2,24,22,620,6,39,218,0,34,0,0,487,0,104
St. Jude Children's Research Hospital,2013,6435441794,34,1117,6059,126451,126451,256,80,565,1011,554,5,48,49,603,14,114,352,0,87,0,0,345,0,219
St. Jude Children's Research Hospital,2014,6435441794,34,920,3335,138939,138939,37,86,543,800,536,5,32,47,434,3,67,368,0,106,0,0,214,0,165
St. Jude Children's Research Hospital,2015,6435441794,34,556,2413,139293,139323,77,37,408,493,406,3,29,55,148,3,33,211,2,81,0,0,73,0,156
SVB Financial Group,2010,17979232866,35,8,6,46,46,3,3,0,5,0,0,8,1,1,0,0,3,0,4,0,0,1,0,0
SVB Financial Group,2012,17979232866,35,40,95,382,382,54,26,0,17,0,0,35,8,6,0,7,26,0,4,0,0,3,0,0
SVB Financial Group,2013,17979232866,35,44,26,470,470,63,26,2,32,2,2,35,7,13,1,11,28,0,0,0,0,5,0,0
SVB Financial Group,2014,17979232866,35,94,96,2262,2262,176,39,0,50,6,2,88,7,8,3,38,46,2,5,0,0,3,0,0
SVB Financial Group,2015,17979232866,35,85,100,2323,2343,145,34,1,50,4,4,75,7,11,3,39,39,2,2,0,0,3,0,0
SVB Financial Group,2016,17979232866,35,19,14,433,446,50,9,0,11,1,2,14,1,5,0,5,11,0,1,0,0,2,0,0
Adobe,2012,305115773870,36,624,1221,15553,15553,13,54,147,403,119,0,19,23,521,0,69,143,0,10,0,0,371,0,31
Adobe,2013,305115773870,36,787,1073,9773,9773,23,78,246,505,245,0,27,55,549,2,50,251,0,30,1,0,396,0,59
Adobe,2014,305115773870,36,1104,2119,47263,47290,4,68,498,732,484,0,29,83,626,6,70,465,1,60,0,0,452,0,56
Adobe,2015,305115773870,36,716,879,14285,14445,31,58,306,493,306,1,28,49,399,2,36,284,2,21,0,0,308,0,65
Adobe,2016,305115773870,36,58,70,2686,2716,0,2,27,43,27,1,2,5,31,0,3,16,0,3,0,0,25,0,11
Baptist Health South Florida,2009,127900310965,37,2,0,2,2,0,1,0,2,0,0,0,0,2,0,0,1,0,0,0,0,1,0,0
Baptist Health South Florida,2010,127900310965,37,42,45,129,129,7,5,2,31,1,1,23,1,21,0,9,6,1,11,0,0,14,0,1
Baptist Health South Florida,2011,127900310965,37,10,5,71,71,10,1,0,6,1,0,10,0,0,0,1,2,0,7,0,0,0,0,0
Baptist Health South Florida,2012,127900310965,37,83,37,358,358,29,20,2,63,2,1,43,1,45,0,30,27,0,4,0,0,22,0,0
Baptist Health South Florida,2013,127900310965,37,85,518,13341,13341,614,28,1,68,1,1,44,3,48,1,29,32,2,3,0,0,19,0,0
Baptist Health South Florida,2014,127900310965,37,218,794,16434,16435,1162,74,1,142,7,7,139,9,81,6,88,84,4,5,0,0,37,0,0
Baptist Health South Florida,2015,127900310965,37,147,440,8753,8807,633,50,1,85,6,13,103,13,49,10,60,59,6,3,0,0,19,0,0
Baptist Health South Florida,2016,127900310965,37,17,81,755,771,84,5,0,5,2,3,13,0,4,1,8,8,0,0,0,0,1,0,0
Novo Nordisk,2009,105548031768,38,8,3,7,7,4,3,1,6,0,0,0,0,8,0,2,3,0,0,0,0,3,0,0
Novo Nordisk,2010,105548031768,38,28,17,18,18,1,12,2,18,1,0,6,3,24,0,1,14,0,1,0,0,12,0,0
Novo Nordisk,2011,105548031768,38,1,2,0,0,0,0,0,0,0,0,0,0,1,0,0,0,0,0,0,0,1,0,0
Novo Nordisk,2012,105548031768,38,81,128,1481,1481,336,11,4,49,0,0,19,1,65,0,20,12,0,2,0,0,47,0,0
Novo Nordisk,2013,105548031768,38,126,136,2846,2846,376,14,1,92,4,1,34,2,98,16,43,21,0,1,0,0,61,0,0
Novo Nordisk,2014,105548031768,38,141,123,1373,1373,225,32,6,98,6,7,59,4,89,18,57,43,2,4,0,0,35,0,0
Novo Nordisk,2015,105548031768,38,136,488,4249,4445,834,43,1,75,7,12,85,12,58,7,46,54,6,3,0,0,27,0,0
Novo Nordisk,2016,105548031768,38,14,9,204,209,24,6,0,7,0,1,12,0,4,0,5,6,0,1,0,0,2,0,0
National Instruments,2009,19822934020,40,10,5,2,2,0,0,0,6,0,0,1,0,9,0,1,0,0,1,0,0,8,0,0
National Instruments,2010,19822934020,40,49,13,33,33,1,14,2,39,1,0,17,2,36,0,2,21,0,8,0,0,18,0,0
National Instruments,2011,19822934020,40,5,7,2,2,0,0,0,1,0,0,0,0,5,0,0,0,0,0,0,0,5,0,0
National Instruments,2012,19822934020,40,98,63,209,209,18,28,5,62,1,0,26,8,80,0,15,31,0,9,0,0,43,0,0
National Instruments,2013,19822934020,40,84,86,2109,2109,58,17,3,61,3,3,24,6,65,0,21,24,2,0,0,0,37,0,0
National Instruments,2014,19822934020,40,122,35,719,719,110,54,1,97,2,4,62,8,64,3,25,60,1,4,0,0,32,0,0
National Instruments,2015,19822934020,40,109,63,1387,1395,210,63,4,76,4,7,69,9,45,12,19,71,1,1,0,0,17,0,0
National Instruments,2016,19822934020,40,14,12,98,98,32,4,0,8,1,0,7,1,7,2,2,5,0,1,0,0,6,0,0
Intel,2007,22707976849,41,4,0,1,1,0,0,0,4,0,0,0,0,4,0,0,0,0,0,0,0,4,0,0
Intel,2008,22707976849,41,45,8,7,7,0,0,0,38,0,0,2,0,43,0,0,0,0,2,0,0,43,0,0
Intel,2009,22707976849,41,281,321,313,313,0,26,27,192,25,0,3,10,255,0,0,52,0,4,0,0,225,0,0
Intel,2010,22707976849,41,623,548,1283,1283,0,50,112,479,109,0,15,20,517,2,0,167,0,7,0,0,441,0,8
Intel,2011,22707976849,41,74,64,111,111,0,3,7,56,7,0,1,1,68,1,0,12,0,0,0,0,61,0,1
Intel,2012,22707976849,41,6856,1645,14112,14113,8,306,209,6458,226,5,183,64,6659,71,3,637,0,13,30,0,6026,0,147
Intel,2013,22707976849,41,8708,7553,63669,63670,5,368,371,8273,366,5,208,111,8377,88,0,820,0,25,27,0,7479,0,357
Intel,2014,22707976849,41,3075,8539,209780,209940,7,220,1290,2777,1295,12,70,166,1816,33,0,1217,0,172,0,0,1364,0,322
Intel,2015,22707976849,41,2694,8954,874315,879159,599,236,1455,2408,1496,12,151,230,1214,28,13,1343,5,160,0,0,867,0,306
Intel,2016,22707976849,41,413,1697,131118,131529,74,26,245,362,239,2,22,61,154,2,10,176,4,23,0,0,115,0,85
American Fidelity Assurance,2014,333011163569,42,6,8,11,11,2,0,0,1,0,0,2,0,4,0,2,0,0,0,0,0,4,0,0
American Fidelity Assurance,2015,333011163569,42,2,2,2,2,0,0,0,0,1,0,1,0,1,0,0,1,0,0,0,0,1,0,0
Children's Healthcare of Atlanta,2009,356527358185,44,57,28,26,26,0,5,4,43,0,0,8,1,49,0,8,6,0,8,0,0,35,0,0
Children's Healthcare of Atlanta,2010,356527358185,44,480,741,2652,2652,4,39,228,420,226,0,17,10,255,0,53,189,0,74,0,0,140,0,24
Children's Healthcare of Atlanta,2011,356527358185,44,42,36,166,166,0,0,14,33,13,0,0,0,29,0,16,8,0,1,0,0,11,0,6
Children's Healthcare of Atlanta,2012,356527358185,44,515,3594,64288,64288,28,58,285,434,277,1,30,30,241,2,61,225,0,40,0,0,108,0,81
Children's Healthcare of Atlanta,2013,356527358185,44,475,3650,55945,55945,157,40,237,387,228,4,27,21,258,0,93,139,5,36,0,0,100,0,102
Children's Healthcare of Atlanta,2014,356527358185,44,663,5390,122492,122493,367,32,370,504,362,14,32,31,329,0,170,213,1,65,0,0,91,0,123
Children's Healthcare of Atlanta,2015,356527358185,44,382,3507,106580,107136,1526,58,174,260,184,7,86,24,152,11,81,156,10,35,0,0,46,0,54
Children's Healthcare of Atlanta,2016,356527358185,44,55,449,2361,3035,167,13,1,14,7,2,33,9,23,3,20,20,6,1,0,0,8,0,0
World Wide Technology,2016,75577218799,45,2,4,61,61,13,1,0,0,0,0,1,0,1,0,1,1,0,0,0,0,0,0,0
Autodesk,2009,74463019717,47,14,0,3,3,0,0,0,14,0,0,3,0,12,0,0,0,0,2,0,0,12,0,0
Autodesk,2010,74463019717,47,51,23,18,18,1,16,3,39,0,0,6,6,49,0,0,23,0,2,0,0,26,0,0
Autodesk,2011,74463019717,47,5,2,0,0,0,1,2,3,0,0,0,0,5,0,0,2,0,0,0,0,3,0,0
Autodesk,2012,74463019717,47,32,13,10,10,0,8,1,21,0,0,3,1,31,0,1,13,0,0,0,0,18,0,0
Autodesk,2013,74463019717,47,10,3,4,4,0,5,0,9,0,0,0,1,10,0,0,6,0,0,0,0,4,0,0
Autodesk,2014,74463019717,47,5,1,1,1,0,2,0,4,0,0,0,0,5,0,0,3,0,0,0,0,2,0,0
Autodesk,2015,74463019717,47,8,0,1,1,0,2,0,8,0,0,1,1,7,0,0,2,0,0,0,0,6,0,0
Methodist Hospital System,2010,113508065350010,48,2,1,0,0,0,0,0,1,0,0,0,0,2,0,0,0,0,0,0,0,2,0,0
Methodist Hospital System,2012,113508065350010,48,4,10,73,73,3,0,0,2,0,0,3,0,2,0,0,0,0,2,0,0,2,0,0
Methodist Hospital System,2013,113508065350010,48,14,0,23,23,5,8,0,14,2,0,7,2,8,0,1,11,0,1,0,0,1,0,0
Methodist Hospital System,2014,113508065350010,48,44,18,490,490,54,23,0,34,1,0,25,4,21,4,7,26,0,3,0,0,8,0,0
Methodist Hospital System,2015,113508065350010,48,24,17,444,459,60,14,0,17,3,2,14,2,10,1,6,17,0,0,0,0,1,0,0
Methodist Hospital System,2016,113508065350010,48,1,1,0,0,0,0,0,0,0,0,0,0,1,0,0,0,0,0,0,0,1,0,0
Scripps Health,2008,12150039095,51,1,1,0,0,0,0,0,0,0,0,0,0,1,0,0,0,0,0,0,0,1,0,0
Scripps Health,2009,12150039095,51,7,3,1,1,0,0,0,4,0,0,1,0,6,0,0,0,0,1,0,0,6,0,0
Scripps Health,2010,12150039095,51,40,33,27,27,3,14,0,23,0,0,15,1,29,0,1,14,0,4,0,0,21,0,0
Scripps Health,2011,12150039095,51,2,5,0,0,0,1,0,0,0,0,0,0,2,0,0,1,0,0,0,0,1,0,0
Scripps Health,2012,12150039095,51,101,68,272,272,56,25,4,68,4,1,32,0,71,0,43,29,0,4,0,0,25,0,0
Scripps Health,2013,12150039095,51,83,41,255,255,59,56,1,59,0,1,59,1,49,0,18,56,0,1,0,0,8,0,0
Scripps Health,2014,12150039095,51,109,121,2705,2705,196,54,0,64,7,12,88,3,27,5,31,65,0,1,0,0,12,0,0
Scripps Health,2015,12150039095,51,49,20,290,292,1646,24,0,30,4,2,39,5,13,5,13,28,4,0,0,0,4,0,0
Scripps Health,2016,12150039095,51,7,19,147,164,1625,2,0,4,0,1,5,1,3,1,2,2,1,0,0,0,2,0,0
Marriott International,2010,143602039041041,52,33,21,59,59,0,0,12,24,12,0,1,0,21,0,0,10,0,2,0,0,17,0,4
Marriott International,2011,143602039041041,52,6,4,1,1,0,0,0,4,0,0,0,0,6,0,0,0,0,0,0,0,6,0,0
Marriott International,2012,143602039041041,52,742,702,7452,7452,16,91,114,492,101,3,37,13,648,0,66,197,1,8,0,0,444,0,26
Marriott International,2013,143602039041041,52,626,534,3174,3174,24,64,181,412,163,9,29,26,468,2,56,178,2,15,0,0,319,0,56
Marriott International,2014,143602039041041,52,582,561,12509,12511,12,23,375,434,370,4,8,25,213,0,37,298,1,45,0,0,145,0,56
Marriott International,2015,143602039041041,52,634,615,15582,15934,47,40,408,483,394,4,36,22,225,4,58,359,3,33,0,0,129,0,52
Marriott International,2016,143602039041041,52,114,200,3434,3651,1,6,73,90,73,2,2,1,39,1,5,67,0,8,0,0,27,0,7
Perkins Coie,2012,263371857101546,53,10,0,6,6,18,1,0,10,1,0,5,0,7,0,3,3,0,1,0,0,3,0,0
Perkins Coie,2013,263371857101546,53,19,5,45,45,7,9,0,16,1,0,14,1,7,0,1,10,0,4,0,0,4,0,0
Perkins Coie,2014,263371857101546,53,18,4,35,35,4,9,1,16,0,0,12,1,6,0,3,11,0,1,0,0,3,0,0
Perkins Coie,2015,263371857101546,53,19,7,208,208,18,11,0,14,0,1,18,0,1,2,5,11,0,2,0,0,1,0,0
Perkins Coie,2016,263371857101546,53,2,0,0,0,0,0,0,1,0,1,2,0,0,1,1,1,0,0,0,0,0,0,0
Ernst & Young,2015,195665063800329,54,1,0,4,4,0,0,0,1,0,0,1,0,0,0,1,0,0,0,0,0,0,0,0
Nordstrom,2015,12854644836,56,235,707,9164,9959,212,24,131,152,134,0,57,26,65,15,26,89,11,11,0,0,39,0,59
Nordstrom,2016,12854644836,56,64,147,1224,1262,97,5,44,42,47,0,10,12,20,2,3,20,4,2,0,0,5,0,30
Build-A-Bear Workshop,2007,8783725165,57,3,0,0,0,0,0,0,3,0,0,0,0,3,0,0,0,0,0,0,0,3,0,0
Build-A-Bear Workshop,2008,8783725165,57,68,44,32,32,23,0,3,54,0,0,0,0,68,0,42,0,0,0,0,0,26,0,0
Build-A-Bear Workshop,2009,8783725165,57,242,219,147,147,30,7,17,175,8,0,0,0,234,0,103,12,0,3,0,0,124,0,0
Build-A-Bear Workshop,2010,8783725165,57,101,116,56,56,5,3,13,65,6,0,0,0,95,2,31,8,0,1,0,0,60,0,1
Build-A-Bear Workshop,2011,8783725165,57,2,10,2,2,0,0,0,0,0,0,0,0,2,0,1,0,0,0,0,0,1,0,0
Build-A-Bear Workshop,2012,8783725165,57,225,467,9949,9949,12,4,37,114,22,0,9,3,203,2,63,9,1,3,0,0,131,0,18
Build-A-Bear Workshop,2013,8783725165,57,677,986,5038,5038,39,15,109,349,73,5,32,3,607,3,260,30,1,7,0,0,327,0,52
Build-A-Bear Workshop,2014,8783725165,57,759,1949,17069,17071,24,13,130,391,99,27,11,13,662,5,282,43,1,18,0,0,357,0,58
Build-A-Bear Workshop,2015,8783725165,57,1001,2989,21171,22210,31,13,234,563,168,52,21,13,834,2,364,68,5,21,0,0,447,0,96
Build-A-Bear Workshop,2016,8783725165,57,192,719,12485,12853,3,2,58,109,51,5,6,5,140,3,65,15,1,1,0,0,71,0,39
General Mills,2009,163903596981363,58,1,0,0,0,0,1,0,1,0,0,0,0,1,0,0,1,0,0,0,0,0,0,0
General Mills,2010,163903596981363,58,48,67,29,29,4,10,0,12,0,0,11,0,40,0,11,10,0,1,0,0,26,0,0
General Mills,2011,163903596981363,58,2,0,0,0,0,0,0,2,0,0,0,0,2,0,0,0,0,0,0,0,2,0,0
General Mills,2012,163903596981363,58,151,147,382,382,6,10,2,83,2,1,4,4,150,0,21,12,1,0,0,0,117,0,0
General Mills,2013,163903596981363,58,81,42,98,98,4,12,4,65,1,0,4,3,80,0,12,14,1,0,0,0,54,0,0
General Mills,2014,163903596981363,58,112,47,201,201,15,19,3,80,1,2,9,5,107,0,34,20,2,0,0,0,56,0,0
General Mills,2015,163903596981363,58,90,33,123,124,8,8,7,67,1,0,4,2,89,0,33,10,0,0,0,0,47,0,0
General Mills,2016,163903596981363,58,11,0,1,1,0,1,0,11,0,0,0,1,11,0,4,1,1,0,0,0,5,0,0
QuikTrip,2012,5890187327,60,6,1,287,287,5,0,0,5,0,0,6,0,0,0,4,0,0,2,0,0,0,0,0
QuikTrip,2013,5890187327,60,143,175,1786,1786,1,1,19,78,18,2,2,2,125,0,12,4,0,10,0,0,112,0,5
QuikTrip,2014,5890187327,60,513,984,8027,8027,16,1,65,255,59,8,13,4,456,1,81,20,0,19,0,0,372,0,21
QuikTrip,2015,5890187327,60,372,484,3245,3273,9,1,47,157,40,5,5,1,333,0,69,14,0,10,0,0,262,0,17
QuikTrip,2016,5890187327,60,62,55,430,431,2,0,5,23,3,3,0,0,59,0,13,2,0,1,0,0,46,0,0
Deloitte,2013,667369363331771,61,2,0,1,1,0,2,0,2,0,0,0,0,2,0,0,2,0,0,0,0,0,0,0
Deloitte,2014,667369363331771,61,11,2,2,2,0,9,0,9,0,0,2,0,9,0,0,9,0,0,0,0,2,0,0
Deloitte,2015,667369363331771,61,3,0,1,1,0,1,0,3,0,0,0,0,3,0,0,1,0,0,0,0,2,0,0
Deloitte,2016,667369363331771,61,1,0,0,0,0,1,0,1,0,0,0,0,1,0,0,1,0,0,0,0,0,0,0
Genentech,2010,146718898672043,62,3,2,0,0,0,1,0,1,0,0,0,0,3,0,0,1,0,0,0,0,2,0,0
Genentech,2012,146718898672043,62,16,7,17,17,0,2,0,12,0,0,1,0,15,0,3,2,0,0,0,0,11,0,0
Genentech,2013,146718898672043,62,10,3,1,1,0,1,0,7,0,0,1,0,10,0,0,2,0,0,0,0,8,0,0
Genentech,2014,146718898672043,62,3,0,2,2,0,1,0,3,0,0,0,0,3,0,0,1,0,0,0,0,2,0,0
Genentech,2015,146718898672043,62,4,1,48,48,30,2,0,3,0,0,2,0,2,0,0,3,0,1,0,0,0,0,0
Umpqua Bank,2010,136874746358544,63,11,3,8,8,2,2,0,8,0,0,2,0,9,0,3,2,0,1,0,0,5,0,0
Umpqua Bank,2011,136874746358544,63,3,4,0,0,0,0,0,1,0,0,0,0,3,0,0,0,0,0,0,0,3,0,0
Umpqua Bank,2012,136874746358544,63,265,282,496,496,16,22,33,87,31,1,22,5,227,0,23,44,0,9,0,0,185,0,4
Umpqua Bank,2013,136874746358544,63,167,137,1468,1468,122,32,2,100,8,3,71,2,105,1,52,46,0,5,0,0,64,0,0
Umpqua Bank,2014,136874746358544,63,228,171,1336,1336,113,56,1,122,12,6,126,5,110,6,48,73,2,19,0,0,86,0,0
Umpqua Bank,2015,136874746358544,63,148,109,859,874,115,39,0,74,8,8,95,4,57,5,46,47,0,11,0,0,44,0,0
Umpqua Bank,2016,136874746358544,63,20,22,180,183,30,5,0,10,3,3,10,2,10,0,4,8,2,0,0,0,6,0,0
Teach For America,2008,8433834471,64,6,3,9,9,0,0,0,4,0,0,2,0,4,0,0,0,0,2,0,0,4,0,0
Teach For America,2009,8433834471,64,172,87,452,452,0,0,104,154,104,0,11,8,69,0,1,79,0,26,0,0,66,0,0
Teach For America,2010,8433834471,64,671,433,2487,2487,5,156,325,633,316,0,22,35,361,2,16,427,0,70,0,0,152,0,6
Teach For America,2011,8433834471,64,47,23,161,161,1,10,17,44,17,0,3,4,32,0,2,23,0,4,0,0,18,0,0
Teach For America,2012,8433834471,64,777,589,12818,12818,47,246,283,732,273,3,46,47,520,0,41,452,3,43,0,0,195,0,43
Teach For America,2013,8433834471,64,518,504,12717,12717,21,158,186,464,183,1,26,27,344,1,29,275,1,19,0,0,127,0,67
Teach For America,2014,8433834471,64,660,1063,9199,9200,76,138,300,585,305,3,22,40,364,0,53,377,3,45,0,0,139,0,43
Teach For America,2015,8433834471,64,521,690,13943,14090,17,78,321,445,317,0,12,26,210,1,23,306,1,31,0,0,95,0,65
Teach For America,2016,8433834471,64,107,75,1638,1650,21,11,66,83,66,0,3,5,40,0,5,40,0,7,0,0,24,0,31
Mayo Clinic,2007,7673082516,65,3,0,0,0,0,0,0,3,0,0,0,0,3,0,0,0,0,0,0,0,3,0,0
Mayo Clinic,2008,7673082516,65,19,2,7,7,0,0,0,17,0,0,1,0,19,0,0,0,0,0,0,0,19,0,0
Mayo Clinic,2009,7673082516,65,218,169,170,170,1,3,21,155,21,0,4,0,197,0,5,21,0,3,0,0,189,0,0
Mayo Clinic,2010,7673082516,65,781,753,1439,1439,19,96,171,539,162,0,12,28,622,1,17,229,1,29,0,0,491,0,14
Mayo Clinic,2011,7673082516,65,95,81,72,72,1,9,9,61,8,0,1,2,89,0,0,14,0,2,0,0,77,0,2
Mayo Clinic,2012,7673082516,65,1621,1694,8361,8362,82,234,300,1205,277,2,59,55,1353,11,106,508,0,24,0,0,930,0,53
Mayo Clinic,2013,7673082516,65,1442,1490,8516,8516,48,120,358,1094,344,4,56,36,1113,17,98,372,5,30,2,0,852,0,83
Mayo Clinic,2014,7673082516,65,1437,7797,68990,68991,79,73,627,1108,617,7,42,39,835,4,79,560,0,49,0,0,661,0,88
Mayo Clinic,2015,7673082516,65,1032,1161,20792,21295,170,49,599,818,595,5,38,49,418,14,29,488,3,44,0,0,349,0,119
Mayo Clinic,2016,7673082516,65,108,269,2724,2876,61,6,68,88,68,1,5,11,39,0,2,56,1,5,0,0,31,0,13
Starbucks,2007,22092443056,67,1,0,0,0,0,0,0,1,0,0,0,0,1,0,0,0,0,0,0,0,1,0,0
Starbucks,2008,22092443056,67,8,0,0,0,0,0,0,8,0,0,0,0,8,0,0,0,0,0,0,0,8,0,0
Starbucks,2009,22092443056,67,72,26,30,30,0,0,2,63,2,0,0,0,70,0,0,1,0,1,0,0,70,0,0
Starbucks,2010,22092443056,67,181,152,310,310,0,0,17,143,13,0,3,0,168,1,14,2,0,8,0,0,153,0,4
Starbucks,2011,22092443056,67,5,1,11,11,0,0,0,4,0,0,0,0,5,0,0,0,0,0,0,0,4,0,1
Starbucks,2012,22092443056,67,145,226,469,469,33,3,18,109,16,1,5,0,129,0,19,8,0,5,0,0,106,0,7
Starbucks,2013,22092443056,67,74,140,249,249,32,8,8,38,7,1,2,0,68,1,13,10,0,1,0,0,45,0,5
Starbucks,2014,22092443056,67,52,160,6292,6292,0,2,16,35,15,2,1,0,37,0,9,6,0,4,0,0,26,0,7
Starbucks,2015,22092443056,67,81,75,495,524,13,9,6,51,8,3,15,4,62,3,18,13,1,2,0,0,45,0,2
Starbucks,2016,22092443056,67,13,39,182,195,0,0,3,5,3,2,1,0,9,0,5,3,0,0,0,0,5,0,0
Rackspace Hosting,2012,147298628669538,68,2,1,6,6,2,1,0,1,0,0,0,0,2,0,1,1,0,0,0,0,0,0,0
Rackspace Hosting,2015,147298628669538,68,1,0,0,0,0,1,0,1,0,0,0,0,1,0,0,1,0,0,0,0,0,0,0
FactSet Research Systems,2009,47276510407,69,3,11,2,2,0,0,2,1,0,0,0,0,3,0,2,0,0,0,0,0,1,0,0
FactSet Research Systems,2010,47276510407,69,22,23,20,20,0,1,3,12,0,0,1,0,21,0,9,1,0,0,0,0,12,0,0
FactSet Research Systems,2011,47276510407,69,6,4,6,6,0,0,5,2,0,0,0,0,6,0,5,0,0,0,0,0,1,0,0
FactSet Research Systems,2012,47276510407,69,20,10,4,4,0,0,0,10,0,0,0,0,20,0,0,0,0,0,0,0,20,0,0
FactSet Research Systems,2013,47276510407,69,23,15,42,42,0,5,1,12,0,0,4,1,19,0,3,5,0,1,0,0,14,0,0
FactSet Research Systems,2014,47276510407,69,23,4,83,83,11,11,0,20,0,0,16,0,7,0,6,11,0,4,0,0,2,0,0
FactSet Research Systems,2015,47276510407,69,22,5,52,52,6,8,0,15,2,0,14,0,9,1,8,10,0,1,0,0,3,0,0
FactSet Research Systems,2016,47276510407,69,4,0,24,24,0,0,0,4,0,0,3,0,1,0,2,0,0,1,0,0,1,0,0
Aflac,2008,13994086254,71,3,0,0,0,0,0,0,3,0,0,0,0,3,0,0,0,0,0,0,0,3,0,0
Aflac,2009,13994086254,71,27,15,6,6,0,0,0,18,0,0,0,0,27,0,0,0,0,0,0,0,27,0,0
Aflac,2010,13994086254,71,33,23,35,35,0,2,4,23,3,0,0,1,30,0,0,6,0,0,0,0,27,0,0
Aflac,2011,13994086254,71,4,5,7,7,0,0,2,3,2,0,0,0,2,0,0,1,0,1,0,0,2,0,0
Aflac,2012,13994086254,71,119,632,6268,6268,378,6,9,68,10,0,11,4,103,0,1,9,0,2,0,0,100,0,7
Aflac,2013,13994086254,71,147,2394,6010,6010,1926,13,20,84,29,0,31,4,99,0,7,28,0,13,0,0,95,0,4
Aflac,2014,13994086254,71,206,355,2883,2883,14,6,61,122,60,2,2,6,146,0,0,35,0,16,0,0,139,0,16
Aflac,2015,13994086254,71,182,348,2039,2090,96,11,30,87,34,8,28,6,128,2,15,31,0,4,0,0,122,0,10
Aflac,2016,13994086254,71,19,25,24,26,2,1,0,8,0,0,2,0,17,0,1,1,0,0,0,0,17,0,0
Publix Super Markets,2012,209968985766607,72,59,126,42,42,0,0,0,6,0,0,0,0,59,1,4,0,0,0,0,0,55,0,0
Publix Super Markets,2013,209968985766607,72,104,224,86,86,3,1,0,5,0,1,0,0,104,0,10,1,0,0,0,0,93,0,0
Publix Super Markets,2014,209968985766607,72,92,205,1000,1000,104,1,1,7,0,1,5,0,89,1,6,1,0,1,0,0,84,0,0
Publix Super Markets,2015,209968985766607,72,56,72,94,94,1,2,0,6,0,1,1,0,56,0,7,2,0,0,0,0,47,0,0
Publix Super Markets,2016,209968985766607,72,10,8,13,13,0,0,0,3,0,0,0,1,10,0,3,0,1,0,0,0,6,0,0
Mattel,2008,148757037599,73,1,0,0,0,0,0,0,1,0,0,0,0,1,0,0,0,0,0,0,0,1,0,0
Mattel,2009,148757037599,73,73,58,36,36,0,1,1,53,0,0,5,1,68,0,0,1,0,5,0,0,67,0,0
Mattel,2010,148757037599,73,322,380,1540,1540,0,34,62,285,60,0,9,20,263,1,0,85,0,10,0,0,219,0,8
Mattel,2011,148757037599,73,45,12,19,19,0,2,7,39,7,0,2,1,39,1,0,9,0,0,0,0,34,0,2
Mattel,2012,148757037599,73,322,618,2315,2315,9,36,22,221,26,0,19,12,301,0,0,74,0,2,0,0,240,0,6
Mattel,2013,148757037599,73,568,605,3031,3031,20,64,92,335,94,1,22,26,483,3,0,114,0,8,0,0,401,0,45
Mattel,2014,148757037599,73,720,6937,158403,158418,9,87,223,482,235,4,33,52,502,2,0,237,0,34,0,0,380,0,69
Mattel,2015,148757037599,73,675,2536,81330,81722,48,65,309,488,314,3,24,59,364,1,3,285,1,29,0,0,287,0,70
Mattel,2016,148757037599,73,104,938,41395,41521,2,7,50,73,51,0,3,10,52,0,1,44,0,6,0,0,44,0,9
Booz Allen Hamilton,2009,115188672790,75,17,42,619,619,0,1,0,15,0,0,4,0,15,0,1,1,0,2,0,0,13,0,0
Booz Allen Hamilton,2010,115188672790,75,61,6,66,66,4,28,1,55,1,0,17,1,45,0,2,29,0,8,0,0,22,0,0
Booz Allen Hamilton,2011,115188672790,75,1,0,0,0,0,1,0,1,0,0,0,0,1,0,0,1,0,0,0,0,0,0,0
Booz Allen Hamilton,2012,115188672790,75,77,58,265,265,64,20,1,63,1,2,37,2,48,0,12,28,2,11,0,0,24,0,0
Booz Allen Hamilton,2013,115188672790,75,84,105,1566,1566,555,35,0,59,1,2,42,4,46,1,22,38,0,3,0,0,21,0,0
Booz Allen Hamilton,2014,115188672790,75,135,115,3385,3385,725,76,1,104,4,5,81,12,56,4,30,80,2,7,0,0,16,0,0
Booz Allen Hamilton,2015,115188672790,75,98,50,1727,1731,446,45,0,74,4,8,69,7,31,3,29,48,2,5,0,0,14,0,0
Booz Allen Hamilton,2016,115188672790,75,14,7,313,327,66,11,0,12,0,1,12,2,2,3,3,10,0,1,0,0,0,0,0
The Everett Clinic,2012,61452139395,77,5,3,38,38,2,3,0,3,0,0,4,1,1,0,2,3,0,0,0,0,0,0,0
The Everett Clinic,2013,61452139395,77,17,14,116,116,13,8,1,10,0,0,10,2,10,0,5,8,0,0,0,0,4,0,0
The Everett Clinic,2014,61452139395,77,20,10,81,81,13,6,0,7,3,0,9,0,11,0,4,9,0,0,0,0,7,0,0
The Everett Clinic,2015,61452139395,77,22,5,158,159,35,14,0,18,3,0,14,1,9,3,3,17,0,0,0,0,2,0,0
OhioHealth,2009,40814021698,78,32,8,17,17,0,0,0,25,0,0,2,0,32,0,0,0,0,0,0,0,32,0,0
OhioHealth,2010,40814021698,78,38,17,73,73,2,12,0,28,0,0,19,3,20,1,6,12,0,6,0,0,14,0,0
OhioHealth,2011,40814021698,78,3,7,21,21,1,0,0,0,0,0,2,0,1,0,0,0,0,2,0,0,1,0,0
OhioHealth,2012,40814021698,78,88,174,2107,2107,173,26,0,57,3,1,62,2,31,0,29,32,0,12,0,0,15,0,0
OhioHealth,2013,40814021698,78,110,569,6116,6116,453,22,1,61,3,4,63,0,54,0,44,25,0,10,0,0,31,0,0
OhioHealth,2014,40814021698,78,147,220,2876,2876,548,42,2,101,9,6,90,6,60,2,48,53,3,12,0,0,31,0,0
OhioHealth,2015,40814021698,78,109,131,3495,3515,265,37,0,68,5,3,83,10,28,3,47,42,3,7,0,0,10,0,0
OhioHealth,2016,40814021698,78,22,33,480,484,24,5,0,13,1,2,19,3,5,1,8,6,3,2,0,0,3,0,0
Morningstar,2014,198056910214033,79,1,0,0,0,0,0,0,1,0,0,0,0,1,0,0,0,0,0,0,0,1,0,0
Morningstar,2015,198056910214033,79,1,0,0,0,0,0,0,1,0,0,0,0,1,0,0,0,0,0,0,0,1,0,0
Morningstar,2016,198056910214033,79,1,0,0,0,0,0,0,1,0,0,0,0,1,0,0,1,0,0,0,0,0,0,0
Cisco,2012,134134190357,80,15,6,2,2,0,5,0,14,0,0,0,0,15,1,0,5,0,0,0,0,10,0,0
Cisco,2013,134134190357,80,3,0,0,0,0,2,0,3,0,0,0,0,3,0,0,2,0,0,0,0,1,0,0
Cisco,2014,134134190357,80,2,0,1,1,0,0,0,2,0,0,0,0,2,0,0,0,0,0,0,0,2,0,0
Cisco,2015,134134190357,80,2,0,0,0,0,0,0,2,0,0,0,0,2,0,0,0,0,0,0,0,2,0,0
CarMax,2008,58226901193,81,9,10,4,4,0,0,0,3,0,0,0,0,9,0,0,0,0,0,0,0,9,0,0
CarMax,2009,58226901193,81,89,148,90,90,0,1,2,19,2,0,0,0,87,0,9,3,0,0,0,0,77,0,0
CarMax,2010,58226901193,81,242,452,118,118,0,1,17,29,17,0,5,1,226,1,10,12,0,5,0,0,210,0,5
CarMax,2011,58226901193,81,32,57,15,15,1,0,2,3,0,0,0,0,32,0,4,0,0,0,0,0,28,0,0
CarMax,2012,58226901193,81,580,1180,3828,3828,2,13,24,82,21,0,3,2,559,2,38,19,0,4,0,0,504,0,15
CarMax,2013,58226901193,81,563,1701,16657,16657,8,13,58,125,54,7,6,3,509,3,40,48,0,7,0,0,454,0,14
CarMax,2014,58226901193,81,359,1086,34872,34872,27,5,83,135,84,3,5,7,277,0,26,35,1,29,0,0,242,0,26
CarMax,2015,58226901193,81,168,942,9732,9932,1906,14,14,28,14,5,22,3,138,5,25,22,3,4,0,0,112,0,2
CarMax,2016,58226901193,81,39,67,356,370,27,3,5,5,0,4,6,0,33,0,13,3,0,0,0,0,23,0,0
Accenture,2008,20341500871,82,2,0,0,0,0,0,0,2,0,0,0,0,2,0,0,0,0,0,0,0,2,0,0
Accenture,2009,20341500871,82,18,23,0,0,0,0,0,1,0,0,0,0,18,0,0,0,0,0,0,0,18,0,0
Accenture,2010,20341500871,82,31,36,9,9,1,5,2,4,0,0,0,0,31,0,0,6,0,0,0,0,25,0,0
Accenture,2011,20341500871,82,4,4,1,1,0,1,0,1,0,0,0,0,4,0,0,1,0,0,0,0,3,0,0
Accenture,2012,20341500871,82,38,35,6,6,0,2,1,12,0,0,2,0,38,1,2,1,0,0,1,0,34,0,0
Accenture,2013,20341500871,82,26,11,5,5,0,7,2,21,0,0,2,0,25,0,1,9,0,0,0,0,16,0,0
Accenture,2014,20341500871,82,41,4,7,7,0,22,1,37,0,0,0,0,41,0,4,23,0,0,0,0,14,0,0
Accenture,2015,20341500871,82,12,1,4,4,0,6,0,11,1,0,2,0,10,0,1,8,0,0,0,0,3,0,0
Accenture,2016,20341500871,82,1,0,1,1,0,1,0,1,0,0,0,0,1,0,0,1,0,0,0,0,0,0,0
GoDaddy.com,2007,8749090685,83,2,0,0,0,0,0,0,2,0,0,0,0,2,0,0,0,0,0,0,0,2,0,0
GoDaddy.com,2008,8749090685,83,30,4,1,1,0,0,0,27,0,0,0,0,30,0,0,0,0,0,0,0,30,0,0
GoDaddy.com,2009,8749090685,83,273,801,5065,5065,0,0,37,205,37,0,0,2,238,0,1,22,0,14,0,0,235,0,1
GoDaddy.com,2010,8749090685,83,708,3876,23777,23777,0,0,132,418,131,0,15,16,577,1,2,69,0,58,0,0,573,0,6
GoDaddy.com,2011,8749090685,83,98,370,2630,2630,0,1,21,60,20,0,2,6,78,0,0,17,0,4,0,0,77,0,0
GoDaddy.com,2012,8749090685,83,1166,3067,26848,26848,0,211,123,849,115,2,47,16,1063,5,0,298,1,31,0,0,805,0,31
GoDaddy.com,2013,8749090685,83,879,1095,9602,9602,3,175,60,550,59,0,39,12,824,0,0,235,0,14,0,0,618,0,12
GoDaddy.com,2014,8749090685,83,885,2565,34242,34243,7,134,106,566,100,3,25,9,785,2,0,218,0,15,0,0,643,0,9
GoDaddy.com,2015,8749090685,83,816,42533,506658,506746,5,77,180,541,180,2,28,91,632,7,2,149,0,16,0,0,551,0,98
GoDaddy.com,2016,8749090685,83,159,5035,54510,54541,2,19,38,114,39,2,4,16,120,0,1,40,0,1,0,0,99,0,18
Navy Federal Credit Union,2010,160344204010636,85,153,249,180,180,0,3,13,39,13,0,0,0,140,0,0,10,0,7,0,0,130,0,6
Navy Federal Credit Union,2011,160344204010636,85,27,39,23,23,0,0,1,5,1,0,0,0,26,1,0,0,0,1,0,0,25,0,1
Navy Federal Credit Union,2012,160344204010636,85,604,954,2174,2174,4,48,25,226,22,1,6,12,582,2,14,70,1,5,1,0,508,0,5
Navy Federal Credit Union,2013,160344204010636,85,568,892,1750,1750,34,23,32,151,29,2,15,3,546,4,37,43,1,8,0,0,471,0,8
Navy Federal Credit Union,2014,160344204010636,85,696,985,1919,1919,24,35,54,149,47,2,15,0,651,0,46,56,0,17,0,0,567,0,10
Navy Federal Credit Union,2015,160344204010636,85,594,764,565,617,3,28,40,139,33,4,9,3,562,2,36,52,0,10,0,0,494,0,2
Navy Federal Credit Union,2016,160344204010636,85,95,128,100,111,0,3,6,22,6,0,1,0,88,0,10,7,0,1,0,0,76,0,1
Schweitzer Engineering Labs,2014,148960375131063,86,8,6,81,81,12,3,0,5,0,1,5,0,3,0,4,3,0,1,0,0,0,0,0
Schweitzer Engineering Labs,2015,148960375131063,86,14,1,98,98,3,7,1,12,3,1,9,1,6,0,2,10,0,1,0,0,1,0,0
Capital One,2010,131080263606125,87,9,16,150,150,14,0,0,6,1,2,9,0,0,0,4,1,0,4,0,0,0,0,0
Capital One,2012,131080263606125,87,114,745,22472,22472,1276,30,40,84,44,0,74,6,1,0,20,45,2,31,0,0,0,0,16
Capital One,2013,131080263606125,87,416,1360,45760,45760,10,10,198,339,185,4,13,9,232,1,32,83,0,27,0,0,181,0,93
Capital One,2014,131080263606125,87,779,1447,18579,18579,39,35,136,433,126,3,27,22,655,0,66,99,2,42,0,0,547,0,23
Capital One,2015,131080263606125,87,436,496,4173,4224,7,20,109,235,101,2,18,16,327,4,43,82,0,18,0,0,268,0,25
Capital One,2016,131080263606125,87,107,126,1234,1277,14,5,18,70,17,1,2,7,88,0,6,12,1,1,0,0,78,0,9
Intercontinental Hotels Group,2007,7933762697,89,5,0,0,0,0,0,0,5,0,0,0,0,5,0,0,0,0,0,0,0,5,0,0
Intercontinental Hotels Group,2008,7933762697,89,22,1,0,0,0,0,0,21,0,0,0,0,22,0,0,0,0,0,0,0,22,0,0
Intercontinental Hotels Group,2009,7933762697,89,39,3,2,2,0,0,0,36,0,0,1,0,39,0,0,0,0,0,0,0,39,0,0
Intercontinental Hotels Group,2010,7933762697,89,102,12,78,78,6,37,14,96,6,0,24,2,85,1,2,59,0,8,0,0,32,0,1
Intercontinental Hotels Group,2011,7933762697,89,8,0,1,1,0,4,0,8,0,0,0,0,8,0,0,5,0,0,0,0,3,0,0
Intercontinental Hotels Group,2012,7933762697,89,207,170,1571,1571,87,28,13,153,17,1,49,1,167,0,16,56,1,9,0,0,122,0,3
Intercontinental Hotels Group,2013,7933762697,89,238,234,1095,1095,1,25,38,191,41,0,9,2,200,0,0,61,0,7,0,0,158,0,12
Intercontinental Hotels Group,2014,7933762697,89,403,367,3703,3704,1,43,134,315,134,5,10,9,274,10,0,136,0,22,0,0,215,0,30
Intercontinental Hotels Group,2015,7933762697,89,272,301,6643,6655,24,26,114,183,111,5,10,11,158,3,3,94,0,25,0,0,130,0,20
Intercontinental Hotels Group,2016,7933762697,89,25,43,569,569,14,2,9,11,9,0,1,1,15,0,1,9,0,2,0,0,13,0,0
Stew Leonard's,2012,33439252677,90,122,199,274,274,5,9,1,21,3,4,13,2,119,2,19,13,1,0,0,0,89,0,0
Stew Leonard's,2013,33439252677,90,114,245,599,599,27,6,9,35,9,1,9,2,102,1,28,10,0,5,0,0,67,0,4
Stew Leonard's,2014,33439252677,90,170,413,1544,1544,4,11,50,90,49,1,3,2,121,0,21,36,0,9,0,0,89,0,15
Stew Leonard's,2015,33439252677,90,122,458,3817,3827,1349,21,24,62,25,3,30,8,73,15,16,39,7,3,0,0,51,0,6
Stew Leonard's,2016,33439252677,90,27,51,301,301,47,7,5,14,0,3,7,0,21,3,10,6,0,0,0,0,10,0,1
Shared Technologies- ARI,2014,328179703901867,91,4,8,238,238,34,1,0,2,1,0,3,2,1,1,0,2,1,0,0,0,1,0,0
Four Seasons Hotels,2009,106280431030,92,110,88,228,228,7,4,27,72,21,0,4,0,90,0,21,23,0,3,0,0,63,0,0
Four Seasons Hotels,2010,106280431030,92,570,300,1430,1430,82,91,248,491,212,0,21,14,372,2,78,291,0,31,0,0,157,0,13
Four Seasons Hotels,2011,106280431030,92,55,19,124,124,1,10,22,47,19,0,1,0,36,1,2,24,0,6,0,0,20,0,3
Four Seasons Hotels,2012,106280431030,92,820,712,5058,5058,39,74,473,711,466,7,22,22,372,2,65,385,1,37,0,0,184,0,148
Four Seasons Hotels,2013,106280431030,92,573,631,11839,11839,8,49,382,488,378,5,21,20,203,3,26,230,0,38,0,0,104,0,175
Four Seasons Hotels,2014,106280431030,92,1090,1924,48573,48578,7,59,859,900,855,13,39,82,246,2,65,468,6,117,0,0,91,0,343
Four Seasons Hotels,2015,106280431030,92,699,1610,56474,56650,463,116,430,542,441,13,199,61,97,54,77,310,19,51,0,0,43,0,199
Four Seasons Hotels,2016,106280431030,92,64,33,1246,1293,96,31,0,40,5,5,61,7,5,21,18,35,6,2,0,0,3,0,0
Gilbane,2014,258541740902855,95,3,0,5,5,1,1,0,3,0,0,1,0,2,0,1,1,0,0,0,0,1,0,0
Gilbane,2015,258541740902855,95,2,0,3,3,0,1,0,1,0,0,2,0,1,0,0,1,0,1,0,0,0,0,0
Brocade Communications Systems,2009,111983056070,96,1,0,0,0,0,1,0,1,0,0,0,0,1,0,0,1,0,0,0,0,0,0,0
Brocade Communications Systems,2010,111983056070,96,44,27,285,285,40,23,4,33,3,0,22,2,22,1,6,26,0,6,0,0,5,0,1
Brocade Communications Systems,2011,111983056070,96,2,1,14,14,3,2,0,1,0,0,1,1,1,0,0,2,0,0,0,0,0,0,0
Brocade Communications Systems,2012,111983056070,96,55,69,3333,3333,127,26,5,42,2,1,33,2,28,0,9,29,0,5,0,0,11,0,1
Brocade Communications Systems,2013,111983056070,96,56,78,3051,3051,197,21,3,44,0,6,36,2,21,1,20,21,0,1,0,0,14,0,0
Brocade Communications Systems,2014,111983056070,96,75,37,1463,1463,198,36,0,58,3,3,54,4,22,7,18,41,1,4,0,0,11,0,0
Brocade Communications Systems,2015,111983056070,96,78,35,637,673,149,57,1,62,2,0,67,1,12,11,11,59,0,3,0,0,5,0,0
Brocade Communications Systems,2016,111983056070,96,7,2,10,10,1,5,0,6,0,0,6,1,2,0,1,5,1,0,0,0,0,0,0
CH2M Hill,2010,130017893696618,97,13,13,0,0,0,2,0,5,0,0,0,0,13,0,0,2,0,0,0,0,11,0,0
CH2M Hill,2011,130017893696618,97,1,2,0,0,0,0,0,0,0,0,0,0,1,0,0,0,0,0,0,0,1,0,0
CH2M Hill,2012,130017893696618,97,37,71,22,22,6,2,0,12,0,0,2,0,36,0,0,2,0,1,0,0,34,0,0
CH2M Hill,2013,130017893696618,97,60,69,96,96,8,4,0,11,0,0,4,0,57,0,0,4,0,1,0,0,55,0,0
CH2M Hill,2014,130017893696618,97,51,46,10,10,0,4,0,13,0,0,5,0,51,1,0,4,0,0,0,0,47,0,0
CH2M Hill,2015,130017893696618,97,14,6,2,2,0,1,1,8,0,2,1,0,13,0,0,1,0,0,0,0,13,0,0
J. M. Smucker,2010,117266245005679,98,169,141,211,211,1,2,64,126,64,0,3,1,105,1,4,62,0,4,0,0,98,0,1
J. M. Smucker,2011,117266245005679,98,14,17,27,27,0,0,2,8,2,0,1,0,12,0,0,3,0,0,0,0,11,0,0
J. M. Smucker,2012,117266245005679,98,359,433,2807,2807,7,19,51,172,52,0,4,0,309,3,7,57,0,10,0,0,278,0,7
J. M. Smucker,2013,117266245005679,98,384,866,9853,9853,7,23,19,146,19,0,10,3,366,3,0,25,0,2,0,0,342,0,15
J. M. Smucker,2014,117266245005679,98,451,566,2063,2063,10,10,119,235,120,2,15,3,334,0,43,109,2,8,0,0,274,0,15
J. M. Smucker,2015,117266245005679,98,293,588,4593,4609,106,29,69,129,66,4,31,7,201,7,59,70,4,10,0,0,132,0,18
J. M. Smucker,2016,117266245005679,98,43,80,280,285,19,4,0,20,0,2,11,0,32,5,19,4,0,0,0,0,20,0,0
Aéropostale,2009,57143807607,99,365,90,88,88,0,0,34,344,34,0,4,0,332,2,0,27,0,7,0,0,331,0,0
Aéropostale,2010,57143807607,99,709,180,558,558,0,38,77,664,72,0,19,5,637,10,1,94,0,19,0,0,558,0,37
Aéropostale,2011,57143807607,99,31,10,7,7,1,3,8,30,7,0,5,0,24,0,0,4,0,1,0,0,20,0,6
Aéropostale,2012,57143807607,99,3839,2042,25445,25445,3,203,633,3637,636,6,118,37,3225,99,0,552,0,48,0,0,2864,0,375
Aéropostale,2013,57143807607,99,2789,1583,26790,26791,2,326,1027,2624,866,8,92,31,1946,261,0,569,0,83,72,0,1523,0,542
Aéropostale,2014,57143807607,99,1929,1982,42534,42575,2,427,845,1827,592,5,36,22,1348,321,0,486,0,135,162,0,864,0,282
Aéropostale,2015,57143807607,99,936,1102,32051,32694,1407,90,438,837,433,9,124,23,396,55,84,192,4,48,0,0,303,0,305
Aéropostale,2016,57143807607,99,58,93,1088,1193,155,6,0,42,3,1,21,0,37,14,13,10,0,0,0,0,35,0,0
MITRE,2009,151373044800,100,94,111,59,59,0,2,9,70,7,0,2,1,87,0,3,7,0,3,0,0,81,0,0
MITRE,2010,151373044800,100,219,187,321,321,6,10,29,176,21,0,3,4,199,1,15,28,0,7,0,0,167,0,2
MITRE,2011,151373044800,100,16,6,7,7,0,2,1,13,1,0,4,1,15,0,0,3,0,0,0,0,12,0,1
MITRE,2012,151373044800,100,194,236,296,296,4,10,9,134,1,1,21,2,188,9,21,18,1,3,0,0,149,0,2
MITRE,2013,151373044800,100,77,183,1107,1107,38,15,5,58,3,0,20,10,61,0,19,20,1,2,0,0,35,0,0
MITRE,2014,151373044800,100,79,218,3186,3186,247,19,0,54,3,5,47,8,37,5,28,27,6,4,0,0,14,0,0
MITRE,2015,151373044800,100,52,487,3303,3310,221,19,1,30,2,3,34,2,19,4,17,21,1,2,0,0,11,0,0
MITRE,2016,151373044800,100,8,186,961,972,228,3,0,2,0,1,6,3,2,0,0,3,2,1,0,0,2,0,0
Grainger,2014,265544390144768,101,2,0,12,12,0,0,0,2,0,1,1,0,1,0,1,0,0,0,0,0,1,0,0
Grainger,2016,265544390144768,101,1,0,0,0,0,0,0,1,0,0,0,0,1,0,0,0,0,0,0,0,1,0,0
Winchester Hospital,2010,107079996018373,103,11,3,11,11,0,7,0,8,0,0,2,0,9,0,1,7,0,0,0,0,3,0,0
Winchester Hospital,2011,107079996018373,103,1,0,0,0,0,1,0,1,0,0,0,0,1,0,0,1,0,0,0,0,0,0,0
Winchester Hospital,2012,107079996018373,103,18,3,21,21,0,1,1,16,0,0,6,0,12,0,7,1,0,2,0,0,8,0,0
Winchester Hospital,2013,107079996018373,103,17,7,113,113,16,6,0,14,0,0,6,1,12,0,3,6,1,0,0,0,7,0,0
Winchester Hospital,2014,107079996018373,103,15,8,62,62,16,3,0,9,0,0,6,0,10,0,4,3,0,0,0,0,8,0,0
Winchester Hospital,2015,107079996018373,103,11,13,52,52,10,2,0,7,1,0,7,1,5,0,2,3,0,2,0,0,4,0,0
Winchester Hospital,2016,107079996018373,103,1,2,23,23,0,0,0,0,0,0,0,0,1,0,1,0,0,0,0,0,0,0,0
FedEx,2010,150993094945648,105,27,78,65,65,6,5,0,13,2,0,27,1,0,0,6,7,0,14,0,0,0,0,0
FedEx,2011,150993094945648,105,6,9,31,31,0,0,0,3,0,0,5,0,1,0,1,1,0,3,0,0,1,0,0
FedEx,2012,150993094945648,105,503,1776,14053,14053,0,30,150,332,150,2,4,5,357,5,0,110,0,29,4,0,319,0,41
FedEx,2013,150993094945648,105,1238,5151,175494,175494,8,54,100,689,106,8,25,21,1141,3,0,116,0,13,1,0,1065,0,43
FedEx,2014,150993094945648,105,1429,2623,34792,34792,62,51,138,880,138,12,38,15,1299,5,0,139,0,23,0,0,1229,0,38
FedEx,2015,150993094945648,105,980,2540,39379,39663,599,42,100,586,101,6,42,16,859,3,6,96,3,21,0,0,822,0,32
FedEx,2016,150993094945648,105,136,209,1133,1209,30,7,8,69,8,2,8,1,124,1,2,12,0,2,0,0,119,0,1
LifeBridge Health,2010,193538150681786,107,10,2,3,3,0,2,0,8,0,0,3,1,7,0,1,2,0,3,0,0,4,0,0
LifeBridge Health,2012,193538150681786,107,40,24,117,117,10,9,0,24,3,1,20,2,25,1,7,12,0,5,0,0,16,0,0
LifeBridge Health,2013,193538150681786,107,28,46,195,195,23,7,1,16,0,0,10,1,19,0,7,8,0,1,0,0,12,0,0
LifeBridge Health,2014,193538150681786,107,40,20,259,259,23,14,2,28,3,1,21,0,21,1,9,19,0,3,0,0,9,0,0
LifeBridge Health,2015,193538150681786,107,25,9,94,95,21,10,0,18,3,1,17,2,8,3,5,13,1,2,0,0,4,0,0
LifeBridge Health,2016,193538150681786,107,6,3,20,20,6,4,0,5,0,0,5,1,1,0,1,4,0,0,0,0,1,0,0
Herman Miller,2008,162638622561,108,3,5,0,0,0,0,0,1,0,0,0,0,3,0,0,0,0,0,0,0,3,0,0
Herman Miller,2009,162638622561,108,14,18,24,24,1,5,0,8,0,0,0,0,14,0,2,6,0,0,0,0,6,0,0
Herman Miller,2010,162638622561,108,129,114,512,512,36,50,6,98,15,0,63,5,76,0,18,73,0,12,0,0,26,0,0
Herman Miller,2011,162638622561,108,10,10,18,18,0,0,1,6,2,0,1,0,10,0,2,3,0,0,0,0,5,0,0
Herman Miller,2012,162638622561,108,402,289,2348,2348,323,40,218,360,222,0,39,18,166,1,72,204,1,11,0,0,52,0,62
Herman Miller,2013,162638622561,108,296,134,2201,2201,513,91,7,222,17,6,210,7,100,2,139,116,0,13,0,0,28,0,0
Herman Miller,2014,162638622561,108,352,128,4526,4526,443,125,2,257,33,18,295,19,67,11,142,166,6,10,0,0,28,0,0
Herman Miller,2015,162638622561,108,255,239,11048,11263,1021,103,1,180,14,14,214,18,47,17,105,120,2,7,0,0,21,0,0
Herman Miller,2016,162638622561,108,25,31,1281,1306,88,7,0,17,0,5,21,2,4,3,13,8,0,2,0,0,2,0,0
Vanderbilt University,2009,99104920858,110,2,5,7,7,0,0,0,0,0,0,1,0,1,0,0,0,0,1,0,0,1,0,0
Vanderbilt University,2010,99104920858,110,75,35,56,56,3,37,9,54,0,0,15,4,62,0,0,47,0,7,0,0,21,0,0
Vanderbilt University,2011,99104920858,110,4,0,0,0,0,2,0,4,0,0,1,0,4,0,0,4,0,0,0,0,0,0,0
Vanderbilt University,2012,99104920858,110,163,180,310,310,27,28,3,79,6,2,42,3,127,1,24,36,0,10,0,0,91,0,2
Vanderbilt University,2013,99104920858,110,142,123,1317,1317,50,29,2,71,4,1,22,0,121,0,25,35,0,1,0,0,81,0,0
Vanderbilt University,2014,99104920858,110,194,207,2635,2635,61,34,55,146,49,0,16,6,136,3,48,61,1,8,0,0,58,0,18
Vanderbilt University,2015,99104920858,110,136,228,4968,4976,38,31,43,90,36,2,32,6,74,3,28,55,2,8,0,0,37,0,6
Vanderbilt University,2016,99104920858,110,17,20,490,513,87,7,1,13,0,0,11,1,8,1,5,7,1,0,0,0,4,0,0
Sherwin-Williams,2009,309180132920,111,33,23,18,18,9,3,1,25,0,0,2,0,32,0,4,4,0,1,0,0,24,0,0
Sherwin-Williams,2010,309180132920,111,241,125,161,161,19,32,68,198,63,0,11,5,178,0,19,79,0,22,0,0,116,0,5
Sherwin-Williams,2011,309180132920,111,18,5,12,12,4,4,2,14,2,0,0,0,16,0,2,7,0,0,0,0,9,0,0
Sherwin-Williams,2012,309180132920,111,541,958,3152,3152,20,36,93,322,91,7,20,11,457,2,81,98,0,4,0,0,314,0,44
Sherwin-Williams,2013,309180132920,111,638,1138,8801,8801,15,23,197,359,186,11,31,15,462,2,117,104,0,33,0,0,298,0,86
Sherwin-Williams,2014,309180132920,111,940,2392,19922,19923,37,19,472,611,462,7,22,28,483,0,129,208,0,99,0,0,328,0,176
Sherwin-Williams,2015,309180132920,111,587,817,9415,9689,20,22,369,413,357,7,21,37,220,0,74,167,2,75,0,0,129,0,140
Sherwin-Williams,2016,309180132920,111,81,58,593,604,4,5,29,51,28,2,8,3,46,4,18,15,2,8,0,0,28,0,10
SRA International,2009,45726451297,112,2,1,0,0,0,0,0,1,0,0,0,0,2,0,0,0,0,0,0,0,2,0,0
SRA International,2010,45726451297,112,2,0,1,1,0,0,0,2,0,0,0,0,2,0,0,0,0,0,0,0,2,0,0
SRA International,2012,45726451297,112,1,0,0,0,0,0,0,1,0,0,0,0,1,0,0,1,0,0,0,0,0,0,0
SRA International,2013,45726451297,112,2,0,3,3,0,1,0,2,0,0,1,0,1,0,0,1,0,0,0,0,1,0,0
SRA International,2014,45726451297,112,3,1,67,67,0,2,0,2,0,0,1,0,2,0,0,2,0,0,0,0,1,0,0
SRA International,2015,45726451297,112,2,0,1,1,4,1,0,2,0,0,1,1,1,1,1,1,0,0,0,0,0,0,0
SRA International,2016,45726451297,112,1,0,5,5,1,0,0,1,0,0,1,0,0,0,1,0,0,0,0,0,0,0,0
David Weekley Homes,2009,8146864018,113,1,0,2,2,0,0,0,1,0,0,0,0,1,0,0,0,0,0,0,0,1,0,0
David Weekley Homes,2010,8146864018,113,1,0,1,1,0,0,0,1,0,0,1,0,0,0,0,0,0,1,0,0,0,0,0
David Weekley Homes,2012,8146864018,113,13,7,21,21,1,2,1,9,2,1,3,0,11,0,3,4,0,0,0,0,6,0,0
David Weekley Homes,2013,8146864018,113,49,51,292,292,16,9,2,29,6,2,26,0,26,0,13,16,0,2,0,0,18,0,0
David Weekley Homes,2014,8146864018,113,59,108,598,598,91,17,1,32,7,5,40,2,21,0,19,26,1,3,0,0,10,0,0
David Weekley Homes,2015,8146864018,113,62,291,583,586,78,10,1,27,2,5,44,9,20,3,28,12,8,0,0,0,14,0,0
David Weekley Homes,2016,8146864018,113,16,207,1060,1247,335,2,0,8,0,1,11,6,5,1,2,2,6,2,0,0,4,0,0
WellStar Health System,2008,94455639888,115,2,0,0,0,0,0,0,2,0,0,0,0,2,0,0,0,0,0,0,0,2,0,0
WellStar Health System,2009,94455639888,115,4,0,0,0,0,0,0,4,0,0,1,0,4,0,0,0,0,0,0,0,4,0,0
WellStar Health System,2010,94455639888,115,9,1,6,6,1,2,0,8,0,0,4,0,6,0,0,2,0,1,0,0,6,0,0
WellStar Health System,2012,94455639888,115,35,16,47,47,3,14,0,26,1,0,13,0,23,0,1,17,0,5,0,0,12,0,0
WellStar Health System,2013,94455639888,115,49,98,559,559,233,8,0,23,0,0,12,1,38,0,4,11,0,2,0,0,32,0,0
WellStar Health System,2014,94455639888,115,69,85,634,634,221,13,0,39,3,3,30,1,43,2,9,18,0,7,0,0,35,0,0
WellStar Health System,2015,94455639888,115,43,52,1144,1220,196,21,1,27,2,1,24,2,20,2,4,25,2,0,0,0,12,0,0
WellStar Health System,2016,94455639888,115,6,5,67,70,6,2,0,5,0,0,2,1,4,0,0,2,1,0,0,0,3,0,0
Roche Diagnostics,2009,116286801731230,117,6,12,1,1,0,1,0,1,0,0,0,0,6,0,0,1,0,0,0,0,5,0,0
Roche Diagnostics,2010,116286801731230,117,39,60,21,21,2,12,0,18,0,0,1,3,38,0,0,12,2,0,0,0,25,0,0
Roche Diagnostics,2011,116286801731230,117,1,0,5,5,0,0,0,1,0,0,0,0,1,0,1,0,0,0,0,0,0,0,0
Roche Diagnostics,2012,116286801731230,117,41,44,22,22,4,6,1,22,0,1,5,0,39,1,2,7,0,1,0,0,31,0,0
Roche Diagnostics,2013,116286801731230,117,48,21,44,44,0,6,1,35,1,0,6,2,45,0,6,8,0,0,0,0,34,0,0
Roche Diagnostics,2014,116286801731230,117,54,38,177,177,18,14,0,30,2,0,12,2,45,0,9,16,0,1,0,0,28,0,0
Roche Diagnostics,2015,116286801731230,117,68,61,762,776,212,28,0,39,3,3,38,8,31,2,10,32,4,4,0,0,18,0,0
Roche Diagnostics,2016,116286801731230,117,12,5,118,120,10,6,0,7,0,2,7,0,5,1,2,6,0,1,0,0,3,0,0
Kimley-Horn and Associates,2010,204703769542227,118,1,0,0,0,0,0,0,1,0,0,0,0,1,0,0,0,0,0,0,0,1,0,0
Kimley-Horn and Associates,2012,204703769542227,118,1,0,0,0,0,0,0,1,0,0,0,0,1,0,0,1,0,0,0,0,0,0,0
Kimley-Horn and Associates,2013,204703769542227,118,9,3,38,38,2,5,0,6,0,1,6,0,3,0,2,5,0,1,0,0,1,0,0
Kimley-Horn and Associates,2014,204703769542227,118,23,26,282,282,50,9,0,16,0,1,16,0,9,0,7,9,0,2,0,0,5,0,0
Kimley-Horn and Associates,2015,204703769542227,118,30,22,467,468,95,14,1,20,1,4,26,2,4,2,12,15,1,2,0,0,0,0,0
Kimley-Horn and Associates,2016,204703769542227,118,6,11,99,104,26,5,0,2,0,0,5,0,1,0,0,6,0,0,0,0,0,0,0
Mars,2010,211095382256023,119,69,44,92,92,0,1,3,51,0,0,2,0,68,0,4,1,0,1,0,0,59,0,4
Mars,2011,211095382256023,119,12,14,20,20,0,0,0,7,0,0,0,0,12,0,0,0,0,0,0,0,12,0,0
Mars,2012,211095382256023,119,197,125,514,514,20,23,12,143,7,0,13,3,188,0,28,26,0,1,0,0,135,0,7
Mars,2013,211095382256023,119,262,147,3505,3505,14,28,52,211,34,2,12,4,234,1,59,48,1,3,0,0,137,0,14
Mars,2014,211095382256023,119,262,282,6096,6096,17,25,60,212,54,0,11,9,213,0,39,75,4,6,0,0,134,0,4
Mars,2015,211095382256023,119,263,1097,26481,27033,4355,67,37,177,37,1,69,19,177,10,50,91,7,8,0,0,98,0,9
Mars,2016,211095382256023,119,39,60,305,309,33,6,0,19,3,2,12,1,28,0,7,9,1,0,0,0,22,0,0
Discovery Communications,2012,153549641890,120,41,108,2157,2157,97,10,0,20,4,1,23,4,19,0,10,14,0,0,0,0,17,0,0
Discovery Communications,2013,153549641890,120,96,411,5018,5018,217,15,10,78,12,0,31,5,60,0,20,26,1,4,0,0,45,0,0
Discovery Communications,2014,153549641890,120,145,88,1018,1018,2,12,37,121,38,0,4,6,109,0,9,38,1,4,0,0,78,0,15
Discovery Communications,2015,153549641890,120,112,47,2943,3086,416,26,9,102,12,3,25,6,81,1,9,31,4,3,0,0,60,0,5
Discovery Communications,2016,153549641890,120,28,0,14,14,2,3,0,28,3,0,4,4,26,0,0,6,1,0,0,0,21,0,0
Sheetz,2007,21120170500,122,8,0,0,0,0,0,0,8,0,0,0,0,8,0,0,0,0,0,0,0,8,0,0
Sheetz,2008,21120170500,122,40,0,0,0,0,0,0,40,0,0,0,0,40,0,0,0,0,0,0,0,40,0,0
Sheetz,2009,21120170500,122,13,7,10,10,0,0,2,9,2,0,0,0,11,0,1,2,0,0,0,0,10,0,0
Sheetz,2010,21120170500,122,75,87,76,76,0,2,11,49,10,0,1,0,65,1,3,4,0,8,0,0,57,0,3
Sheetz,2011,21120170500,122,10,7,15,15,1,0,1,7,1,0,0,0,9,0,2,1,0,0,0,0,5,0,2
Sheetz,2012,21120170500,122,415,792,2034,2034,29,10,13,233,8,1,15,6,407,1,39,13,0,3,0,0,355,0,5
Sheetz,2013,21120170500,122,559,696,1196,1196,15,3,19,242,12,6,23,4,547,3,114,5,0,3,0,0,427,0,10
Sheetz,2014,21120170500,122,832,1419,4908,4908,48,8,71,282,64,16,34,12,771,0,260,40,6,12,0,0,490,0,24
Sheetz,2015,21120170500,122,615,2089,17628,17931,263,14,76,197,65,11,18,9,549,1,189,42,6,12,0,0,341,0,25
Sheetz,2016,21120170500,122,103,333,1366,1443,9,2,13,38,8,4,2,0,95,0,38,6,0,4,0,0,55,0,0
The Cheesecake Factory,2014,341861972627674,123,4,3,32,32,4,0,0,2,0,0,0,1,4,0,3,0,1,0,0,0,0,0,0
The Cheesecake Factory,2015,341861972627674,123,1,0,0,0,0,0,0,1,1,0,0,1,1,0,0,1,0,0,0,0,0,0,0
Hyatt Hotels,2007,26114710769,125,2,0,0,0,0,0,0,2,0,0,0,0,2,0,0,0,0,0,0,0,2,0,0
Hyatt Hotels,2008,26114710769,125,31,27,3,3,0,0,1,15,0,0,0,0,31,0,1,0,0,0,0,0,30,0,0
Hyatt Hotels,2009,26114710769,125,99,136,44,44,5,1,2,32,0,0,2,0,98,0,4,1,0,1,0,0,93,0,0
Hyatt Hotels,2010,26114710769,125,251,294,125,125,4,9,13,114,10,0,4,1,241,1,5,20,0,2,0,0,223,0,1
Hyatt Hotels,2011,26114710769,125,23,16,3,3,0,1,0,11,0,0,0,0,23,0,0,1,0,0,0,0,22,0,0
Hyatt Hotels,2012,26114710769,125,82,55,35,35,2,2,3,47,0,0,0,0,82,3,3,2,0,0,0,0,77,0,0
Hyatt Hotels,2013,26114710769,125,75,57,14,14,1,2,0,36,0,0,0,0,75,1,1,3,0,0,0,0,71,0,0
Hyatt Hotels,2014,26114710769,125,82,45,111,111,9,5,0,49,0,3,8,1,77,0,3,5,0,0,0,0,74,0,0
Hyatt Hotels,2015,26114710769,125,63,43,93,94,9,3,0,31,1,2,12,1,53,2,10,5,0,0,0,0,48,0,0
Hyatt Hotels,2016,26114710769,125,9,7,19,19,5,2,0,4,0,1,2,0,8,1,3,2,0,0,0,0,4,0,0
Kiewit Corporation,2012,210762462323361,126,1,0,3,3,0,1,0,1,0,0,1,0,0,0,0,1,0,0,0,0,0,0,0
Cooley,2009,29631010782,127,4,0,0,0,0,0,0,4,0,0,1,0,4,0,0,0,0,0,0,0,4,0,0
Cooley,2010,29631010782,127,5,4,8,8,1,3,1,5,0,0,3,0,2,0,1,3,0,1,0,0,0,0,0
Cooley,2011,29631010782,127,1,0,0,0,0,0,0,1,0,0,0,0,1,0,0,0,0,0,0,0,1,0,0
Cooley,2012,29631010782,127,8,1,11,11,1,2,0,8,0,0,6,0,3,0,0,2,0,4,0,0,2,0,0
Cooley,2013,29631010782,127,6,0,33,33,15,5,0,5,0,0,6,0,0,0,1,5,0,0,0,0,0,0,0
Cooley,2014,29631010782,127,23,4,131,131,12,11,0,19,2,0,19,1,6,2,4,14,1,1,0,0,3,0,0
Cooley,2015,29631010782,127,19,5,215,216,22,5,0,14,0,1,17,0,2,5,7,5,0,5,0,0,2,0,0
Cooley,2016,29631010782,127,1,3,6,6,0,1,0,0,0,0,1,0,0,0,0,1,0,0,0,0,0,0,0
