Company Name,fbId,fbPageId,2007-12 count(*),2008-01 count(*),2008-12 count(*),2009-01 count(*),2009-12 count(*),2010-01 count(*),2010-12 count(*),2011-01 count(*),2011-12 count(*),2012-01 count(*),2012-12 count(*),2013-01 count(*),2013-12 count(*),2014-01 count(*),2014-12 count(*),2015-01 count(*),2015-12 count(*),2016-01 count(*),2007-12 commentsCount,2008-01 commentsCount,2008-12 commentsCount,2009-01 commentsCount,2009-12 commentsCount,2010-01 commentsCount,2010-12 commentsCount,2011-01 commentsCount,2011-12 commentsCount,2012-01 commentsCount,2012-12 commentsCount,2013-01 commentsCount,2013-12 commentsCount,2014-01 commentsCount,2014-12 commentsCount,2015-01 commentsCount,2015-12 commentsCount,2016-01 commentsCount,2007-12 likesCount,2008-01 likesCount,2008-12 likesCount,2009-01 likesCount,2009-12 likesCount,2010-01 likesCount,2010-12 likesCount,2011-01 likesCount,2011-12 likesCount,2012-01 likesCount,2012-12 likesCount,2013-01 likesCount,2013-12 likesCount,2014-01 likesCount,2014-12 likesCount,2015-01 likesCount,2015-12 likesCount,2016-01 likesCount,2007-12 reactionsCount,2008-01 reactionsCount,2008-12 reactionsCount,2009-01 reactionsCount,2009-12 reactionsCount,2010-01 reactionsCount,2010-12 reactionsCount,2011-01 reactionsCount,2011-12 reactionsCount,2012-01 reactionsCount,2012-12 reactionsCount,2013-01 reactionsCount,2013-12 reactionsCount,2014-01 reactionsCount,2014-12 reactionsCount,2015-01 reactionsCount,2015-12 reactionsCount,2016-01 reactionsCount,2007-12 sharesCount,2008-01 sharesCount,2008-12 sharesCount,2009-01 sharesCount,2009-12 sharesCount,2010-01 sharesCount,2010-12 sharesCount,2011-01 sharesCount,2011-12 sharesCount,2012-01 sharesCount,2012-12 sharesCount,2013-01 sharesCount,2013-12 sharesCount,2014-01 sharesCount,2014-12 sharesCount,2015-01 sharesCount,2015-12 sharesCount,2016-01 sharesCount,2007-12 hasCaption,2008-01 hasCaption,2008-12 hasCaption,2009-01 hasCaption,2009-12 hasCaption,2010-01 hasCaption,2010-12 hasCaption,2011-01 hasCaption,2011-12 hasCaption,2012-01 hasCaption,2012-12 hasCaption,2013-01 hasCaption,2013-12 hasCaption,2014-01 hasCaption,2014-12 hasCaption,2015-01 hasCaption,2015-12 hasCaption,2016-01 hasCaption,2007-12 blankMessage,2008-01 blankMessage,2008-12 blankMessage,2009-01 blankMessage,2009-12 blankMessage,2010-01 blankMessage,2010-12 blankMessage,2011-01 blankMessage,2011-12 blankMessage,2012-01 blankMessage,2012-12 blankMessage,2013-01 blankMessage,2013-12 blankMessage,2014-01 blankMessage,2014-12 blankMessage,2015-01 blankMessage,2015-12 blankMessage,2016-01 blankMessage,2007-12 updatedLater,2008-01 updatedLater,2008-12 updatedLater,2009-01 updatedLater,2009-12 updatedLater,2010-01 updatedLater,2010-12 updatedLater,2011-01 updatedLater,2011-12 updatedLater,2012-01 updatedLater,2012-12 updatedLater,2013-01 updatedLater,2013-12 updatedLater,2014-01 updatedLater,2014-12 updatedLater,2015-01 updatedLater,2015-12 updatedLater,2016-01 updatedLater,2007-12 hasParent,2008-01 hasParent,2008-12 hasParent,2009-01 hasParent,2009-12 hasParent,2010-01 hasParent,2010-12 hasParent,2011-01 hasParent,2011-12 hasParent,2012-01 hasParent,2012-12 hasParent,2013-01 hasParent,2013-12 hasParent,2014-01 hasParent,2014-12 hasParent,2015-01 hasParent,2015-12 hasParent,2016-01 hasParent,2007-12 hasPlace,2008-01 hasPlace,2008-12 hasPlace,2009-01 hasPlace,2009-12 hasPlace,2010-01 hasPlace,2010-12 hasPlace,2011-01 hasPlace,2011-12 hasPlace,2012-01 hasPlace,2012-12 hasPlace,2013-01 hasPlace,2013-12 hasPlace,2014-01 hasPlace,2014-12 hasPlace,2015-01 hasPlace,2015-12 hasPlace,2016-01 hasPlace,2007-12 hasMessageTags,2008-01 hasMessageTags,2008-12 hasMessageTags,2009-01 hasMessageTags,2009-12 hasMessageTags,2010-01 hasMessageTags,2010-12 hasMessageTags,2011-01 hasMessageTags,2011-12 hasMessageTags,2012-01 hasMessageTags,2012-12 hasMessageTags,2013-01 hasMessageTags,2013-12 hasMessageTags,2014-01 hasMessageTags,2014-12 hasMessageTags,2015-01 hasMessageTags,2015-12 hasMessageTags,2016-01 hasMessageTags,2007-12 hasSource,2008-01 hasSource,2008-12 hasSource,2009-01 hasSource,2009-12 hasSource,2010-01 hasSource,2010-12 hasSource,2011-01 hasSource,2011-12 hasSource,2012-01 hasSource,2012-12 hasSource,2013-01 hasSource,2013-12 hasSource,2014-01 hasSource,2014-12 hasSource,2015-01 hasSource,2015-12 hasSource,2016-01 hasSource,2007-12 hasTo,2008-01 hasTo,2008-12 hasTo,2009-01 hasTo,2009-12 hasTo,2010-01 hasTo,2010-12 hasTo,2011-01 hasTo,2011-12 hasTo,2012-01 hasTo,2012-12 hasTo,2013-01 hasTo,2013-12 hasTo,2014-01 hasTo,2014-12 hasTo,2015-01 hasTo,2015-12 hasTo,2016-01 hasTo,2007-12 postedFromApp,2008-01 postedFromApp,2008-12 postedFromApp,2009-01 postedFromApp,2009-12 postedFromApp,2010-01 postedFromApp,2010-12 postedFromApp,2011-01 postedFromApp,2011-12 postedFromApp,2012-01 postedFromApp,2012-12 postedFromApp,2013-01 postedFromApp,2013-12 postedFromApp,2014-01 postedFromApp,2014-12 postedFromApp,2015-01 postedFromApp,2015-12 postedFromApp,2016-01 postedFromApp,2007-12 added_photosStory,2008-01 added_photosStory,2008-12 added_photosStory,2009-01 added_photosStory,2009-12 added_photosStory,2010-01 added_photosStory,2010-12 added_photosStory,2011-01 added_photosStory,2011-12 added_photosStory,2012-01 added_photosStory,2012-12 added_photosStory,2013-01 added_photosStory,2013-12 added_photosStory,2014-01 added_photosStory,2014-12 added_photosStory,2015-01 added_photosStory,2015-12 added_photosStory,2016-01 added_photosStory,2007-12 shared_storyStory,2008-01 shared_storyStory,2008-12 shared_storyStory,2009-01 shared_storyStory,2009-12 shared_storyStory,2010-01 shared_storyStory,2010-12 shared_storyStory,2011-01 shared_storyStory,2011-12 shared_storyStory,2012-01 shared_storyStory,2012-12 shared_storyStory,2013-01 shared_storyStory,2013-12 shared_storyStory,2014-01 shared_storyStory,2014-12 shared_storyStory,2015-01 shared_storyStory,2015-12 shared_storyStory,2016-01 shared_storyStory,2007-12 added_videoStory,2008-01 added_videoStory,2008-12 added_videoStory,2009-01 added_videoStory,2009-12 added_videoStory,2010-01 added_videoStory,2010-12 added_videoStory,2011-01 added_videoStory,2011-12 added_videoStory,2012-01 added_videoStory,2012-12 added_videoStory,2013-01 added_videoStory,2013-12 added_videoStory,2014-01 added_videoStory,2014-12 added_videoStory,2015-01 added_videoStory,2015-12 added_videoStory,2016-01 added_videoStory,2007-12 mobile_status_updateStory,2008-01 mobile_status_updateStory,2008-12 mobile_status_updateStory,2009-01 mobile_status_updateStory,2009-12 mobile_status_updateStory,2010-01 mobile_status_updateStory,2010-12 mobile_status_updateStory,2011-01 mobile_status_updateStory,2011-12 mobile_status_updateStory,2012-01 mobile_status_updateStory,2012-12 mobile_status_updateStory,2013-01 mobile_status_updateStory,2013-12 mobile_status_updateStory,2014-01 mobile_status_updateStory,2014-12 mobile_status_updateStory,2015-01 mobile_status_updateStory,2015-12 mobile_status_updateStory,2016-01 mobile_status_updateStory,2007-12 published_storyStory,2008-01 published_storyStory,2008-12 published_storyStory,2009-01 published_storyStory,2009-12 published_storyStory,2010-01 published_storyStory,2010-12 published_storyStory,2011-01 published_storyStory,2011-12 published_storyStory,2012-01 published_storyStory,2012-12 published_storyStory,2013-01 published_storyStory,2013-12 published_storyStory,2014-01 published_storyStory,2014-12 published_storyStory,2015-01 published_storyStory,2015-12 published_storyStory,2016-01 published_storyStory,2007-12 created_noteStory,2008-01 created_noteStory,2008-12 created_noteStory,2009-01 created_noteStory,2009-12 created_noteStory,2010-01 created_noteStory,2010-12 created_noteStory,2011-01 created_noteStory,2011-12 created_noteStory,2012-01 created_noteStory,2012-12 created_noteStory,2013-01 created_noteStory,2013-12 created_noteStory,2014-01 created_noteStory,2014-12 created_noteStory,2015-01 created_noteStory,2015-12 created_noteStory,2016-01 created_noteStory,2007-12 wall_postStory,2008-01 wall_postStory,2008-12 wall_postStory,2009-01 wall_postStory,2009-12 wall_postStory,2010-01 wall_postStory,2010-12 wall_postStory,2011-01 wall_postStory,2011-12 wall_postStory,2012-01 wall_postStory,2012-12 wall_postStory,2013-01 wall_postStory,2013-12 wall_postStory,2014-01 wall_postStory,2014-12 wall_postStory,2015-01 wall_postStory,2015-12 wall_postStory,2016-01 wall_postStory,2007-12 created_eventStory,2008-01 created_eventStory,2008-12 created_eventStory,2009-01 created_eventStory,2009-12 created_eventStory,2010-01 created_eventStory,2010-12 created_eventStory,2011-01 created_eventStory,2011-12 created_eventStory,2012-01 created_eventStory,2012-12 created_eventStory,2013-01 created_eventStory,2013-12 created_eventStory,2014-01 created_eventStory,2014-12 created_eventStory,2015-01 created_eventStory,2015-12 created_eventStory,2016-01 created_eventStory,2007-12 noTypeStory,2008-01 noTypeStory,2008-12 noTypeStory,2009-01 noTypeStory,2009-12 noTypeStory,2010-01 noTypeStory,2010-12 noTypeStory,2011-01 noTypeStory,2011-12 noTypeStory,2012-01 noTypeStory,2012-12 noTypeStory,2013-01 noTypeStory,2013-12 noTypeStory,2014-01 noTypeStory,2014-12 noTypeStory,2015-01 noTypeStory,2015-12 noTypeStory,2016-01 noTypeStory
J. M. Smucker,117266245005679,98,0,0,0,0,0,0,169,14,0,257,102,282,102,173,278,185,108,43,0,0,0,0,0,0,141,17,0,298,135,368,498,188,378,439,149,80,0,0,0,0,0,0,211,27,0,2552,255,2079,7774,1003,1060,4102,491,280,0,0,0,0,0,0,211,27,0,2552,255,2079,7774,1003,1060,4102,507,285,0,0,0,0,0,0,1,0,0,3,4,7,0,3,7,4,102,19,0,0,0,0,0,0,2,0,0,16,3,21,2,4,6,5,24,4,0,0,0,0,0,0,64,2,0,47,4,12,7,12,107,68,1,0,0,0,0,0,0,0,126,8,0,132,40,97,49,88,147,93,36,20,0,0,0,0,0,0,64,2,0,48,4,12,7,13,107,64,2,0,0,0,0,0,0,0,0,0,0,0,0,0,0,1,1,2,2,2,0,0,0,0,0,0,3,1,0,4,0,6,4,6,9,2,29,11,0,0,0,0,0,0,1,0,0,0,0,2,1,1,2,3,4,0,0,0,0,0,0,0,105,12,0,211,98,271,95,161,173,122,79,32,0,0,0,0,0,0,1,0,0,2,1,3,0,0,0,0,7,5,0,0,0,0,0,0,4,0,0,7,0,0,0,0,43,35,24,19,0,0,0,0,0,0,62,3,0,54,3,21,4,8,101,43,27,4,0,0,0,0,0,0,0,0,0,0,0,0,0,0,2,1,3,0,0,0,0,0,0,0,4,0,0,8,2,0,2,3,5,9,1,0,0,0,0,0,0,0,0,0,0,0,0,0,0,0,0,0,0,0,0,0,0,0,0,0,0,0,0,0,0,0,0,0,0,0,0,0,0,0,0,0,0,0,98,11,0,184,94,249,93,155,119,79,53,20,0,0,0,0,0,0,0,0,0,0,0,0,0,0,0,0,0,0,0,0,0,0,0,0,1,0,0,4,3,12,3,7,8,18,0,0
Schweitzer Engineering Labs,148960375131063,86,0,0,0,0,0,0,0,0,0,0,0,0,0,0,8,6,8,0,0,0,0,0,0,0,0,0,0,0,0,0,0,0,6,1,0,0,0,0,0,0,0,0,0,0,0,0,0,0,0,0,81,29,69,0,0,0,0,0,0,0,0,0,0,0,0,0,0,0,81,29,69,0,0,0,0,0,0,0,0,0,0,0,0,0,0,0,12,0,3,0,0,0,0,0,0,0,0,0,0,0,0,0,0,0,3,2,5,0,0,0,0,0,0,0,0,0,0,0,0,0,0,0,0,0,1,0,0,0,0,0,0,0,0,0,0,0,0,0,0,0,5,5,7,0,0,0,0,0,0,0,0,0,0,0,0,0,0,0,0,1,2,0,0,0,0,0,0,0,0,0,0,0,0,0,0,0,1,0,1,0,0,0,0,0,0,0,0,0,0,0,0,0,0,0,5,4,5,0,0,0,0,0,0,0,0,0,0,0,0,0,0,0,0,1,0,0,0,0,0,0,0,0,0,0,0,0,0,0,0,0,3,3,3,0,0,0,0,0,0,0,0,0,0,0,0,0,0,0,0,0,0,0,0,0,0,0,0,0,0,0,0,0,0,0,0,0,4,1,1,0,0,0,0,0,0,0,0,0,0,0,0,0,0,0,3,3,7,0,0,0,0,0,0,0,0,0,0,0,0,0,0,0,0,0,0,0,0,0,0,0,0,0,0,0,0,0,0,0,0,0,1,1,0,0,0,0,0,0,0,0,0,0,0,0,0,0,0,0,0,0,0,0,0,0,0,0,0,0,0,0,0,0,0,0,0,0,0,0,0,0,0,0,0,0,0,0,0,0,0,0,0,0,0,0,0,1,0,0,0,0,0,0,0,0,0,0,0,0,0,0,0,0,0,0,0,0,0,0,0,0,0,0,0,0,0,0,0,0,0,0,0,0,0,0
Ultimate Software,29660886831,23,0,0,0,0,0,0,0,0,0,0,0,0,0,0,0,0,2,1,0,0,0,0,0,0,0,0,0,0,0,0,0,0,0,0,0,0,0,0,0,0,0,0,0,0,0,0,0,0,0,0,0,0,5,3,0,0,0,0,0,0,0,0,0,0,0,0,0,0,0,0,5,3,0,0,0,0,0,0,0,0,0,0,0,0,0,0,0,0,0,0,0,0,0,0,0,0,0,0,0,0,0,0,0,0,0,0,0,0,0,0,0,0,0,0,0,0,0,0,0,0,0,0,0,0,0,0,0,0,0,0,0,0,0,0,0,0,0,0,0,0,0,0,2,1,0,0,0,0,0,0,0,0,0,0,0,0,0,0,0,0,0,0,0,0,0,0,0,0,0,0,0,0,0,0,0,0,0,0,0,0,0,0,0,0,0,0,0,0,0,0,0,0,0,0,0,0,2,0,0,0,0,0,0,0,0,0,0,0,0,0,0,0,0,0,0,0,0,0,0,0,0,0,0,0,0,0,0,0,0,0,0,0,1,1,0,0,0,0,0,0,0,0,0,0,0,0,0,0,0,0,1,0,0,0,0,0,0,0,0,0,0,0,0,0,0,0,0,0,2,1,0,0,0,0,0,0,0,0,0,0,0,0,0,0,0,0,0,0,0,0,0,0,0,0,0,0,0,0,0,0,0,0,0,0,0,0,0,0,0,0,0,0,0,0,0,0,0,0,0,0,0,0,0,0,0,0,0,0,0,0,0,0,0,0,0,0,0,0,0,0,0,0,0,0,0,0,0,0,0,0,0,0,0,0,0,0,0,0,0,0,0,0,0,0,0,0,0,0,0,0,0,0,0,0,0,0,0,0,0,0,0,0,0,0,0,0,0,0,0,0,0,0,0,0,0,0,0,0,0,0,0,0,0,0,0,0,0,0,0,0,0,0,0,0
The Cheesecake Factory,341861972627674,123,0,0,0,0,0,0,0,0,0,0,0,0,0,0,4,1,0,0,0,0,0,0,0,0,0,0,0,0,0,0,0,0,3,0,0,0,0,0,0,0,0,0,0,0,0,0,0,0,0,0,32,0,0,0,0,0,0,0,0,0,0,0,0,0,0,0,0,0,32,0,0,0,0,0,0,0,0,0,0,0,0,0,0,0,0,0,4,0,0,0,0,0,0,0,0,0,0,0,0,0,0,0,0,0,0,0,0,0,0,0,0,0,0,0,0,0,0,0,0,0,0,0,0,0,0,0,0,0,0,0,0,0,0,0,0,0,0,0,0,0,2,1,0,0,0,0,0,0,0,0,0,0,0,0,0,0,0,0,0,1,0,0,0,0,0,0,0,0,0,0,0,0,0,0,0,0,0,0,0,0,0,0,0,0,0,0,0,0,0,0,0,0,0,0,0,0,0,0,0,0,0,0,0,0,0,0,0,0,0,0,0,0,1,1,0,0,0,0,0,0,0,0,0,0,0,0,0,0,0,0,4,1,0,0,0,0,0,0,0,0,0,0,0,0,0,0,0,0,0,0,0,0,0,0,0,0,0,0,0,0,0,0,0,0,0,0,3,0,0,0,0,0,0,0,0,0,0,0,0,0,0,0,0,0,0,1,0,0,0,0,0,0,0,0,0,0,0,0,0,0,0,0,1,0,0,0,0,0,0,0,0,0,0,0,0,0,0,0,0,0,0,0,0,0,0,0,0,0,0,0,0,0,0,0,0,0,0,0,0,0,0,0,0,0,0,0,0,0,0,0,0,0,0,0,0,0,0,0,0,0,0,0,0,0,0,0,0,0,0,0,0,0,0,0,0,0,0,0,0,0,0,0,0,0,0,0,0,0,0,0,0,0,0,0,0,0,0,0,0,0,0,0,0,0,0,0,0,0,0,0,0,0,0,0
Southern Ohio Medical Center,220886824589689,32,0,0,0,0,0,0,0,0,0,3,8,8,8,8,7,8,7,1,0,0,0,0,0,0,0,0,0,2,4,18,8,5,1,6,32,0,0,0,0,0,0,0,0,0,0,5,28,129,150,18,21,21,81,14,0,0,0,0,0,0,0,0,0,5,28,129,150,18,21,21,97,14,0,0,0,0,0,0,0,0,0,0,0,7,10,0,4,8,28,0,0,0,0,0,0,0,0,0,0,0,0,0,2,2,1,0,1,0,0,0,0,0,0,0,0,0,0,0,0,0,0,2,0,0,0,0,0,0,0,0,0,0,0,0,0,1,5,5,5,4,5,5,4,1,0,0,0,0,0,0,0,0,0,0,0,0,0,0,0,1,0,0,0,0,0,0,0,0,0,0,0,0,0,0,0,0,2,1,3,0,0,0,0,0,0,0,0,0,0,0,0,1,4,1,4,3,5,1,0,0,0,0,0,0,0,0,0,0,0,0,0,0,0,0,1,0,0,0,0,0,0,0,0,0,0,3,8,7,4,7,5,5,2,0,0,0,0,0,0,0,0,0,0,0,0,0,0,0,0,0,0,0,0,0,0,0,0,0,0,0,0,1,1,2,4,2,4,3,3,0,0,0,0,0,0,0,0,0,0,0,0,0,2,3,2,1,1,0,0,0,0,0,0,0,0,0,0,0,0,0,0,0,0,0,1,0,0,0,0,0,0,0,0,0,0,0,0,1,0,0,0,1,1,1,0,0,0,0,0,0,0,0,0,0,0,0,0,0,0,0,0,0,0,0,0,0,0,0,0,0,0,0,0,0,0,0,0,0,0,0,0,0,0,0,0,0,0,0,0,2,7,5,2,3,1,3,1,0,0,0,0,0,0,0,0,0,0,0,0,0,0,0,0,0,0,0,0,0,0,0,0,0,0,0,0,0,0,0,0,0,0,0,0,0
Adobe,305115773870,36,0,0,0,0,0,0,0,0,0,431,193,487,300,536,568,449,267,58,0,0,0,0,0,0,0,0,0,688,533,759,314,609,1510,566,313,70,0,0,0,0,0,0,0,0,0,11187,4366,5597,4176,11556,35707,9807,4478,2686,0,0,0,0,0,0,0,0,0,11187,4366,5597,4176,11556,35734,9809,4636,2716,0,0,0,0,0,0,0,0,0,10,3,6,17,2,2,1,30,0,0,0,0,0,0,0,0,0,0,36,18,46,32,36,32,27,31,2,0,0,0,0,0,0,0,0,0,100,47,132,114,218,280,180,126,27,0,0,0,0,0,0,0,0,0,280,123,302,203,346,386,303,190,43,0,0,0,0,0,0,0,0,0,77,42,127,118,212,272,180,126,27,0,0,0,0,0,0,0,0,0,0,0,0,0,0,0,0,1,1,0,0,0,0,0,0,0,0,0,15,4,13,14,15,14,10,18,2,0,0,0,0,0,0,0,0,0,15,8,22,33,42,41,21,28,5,0,0,0,0,0,0,0,0,0,369,152,363,186,328,298,272,127,31,0,0,0,0,0,0,0,0,0,0,0,2,0,3,3,1,1,0,0,0,0,0,0,0,0,0,0,47,22,38,12,27,43,24,12,3,0,0,0,0,0,0,0,0,0,103,40,116,135,209,256,164,120,16,0,0,0,0,0,0,0,0,0,0,0,0,0,0,1,0,2,0,0,0,0,0,0,0,0,0,0,3,7,13,17,36,24,13,8,3,0,0,0,0,0,0,0,0,0,0,0,1,0,0,0,0,0,0,0,0,0,0,0,0,0,0,0,0,0,0,0,0,0,0,0,0,0,0,0,0,0,0,0,0,0,264,107,268,128,244,208,213,95,25,0,0,0,0,0,0,0,0,0,0,0,0,0,0,0,0,0,0,0,0,0,0,0,0,0,0,0,14,17,51,8,20,36,35,30,11
Scottrade,15601935371,27,0,2,4,3,46,11,118,9,0,123,32,81,140,152,99,63,61,15,0,0,10,6,68,19,153,12,0,190,38,111,110,154,127,145,75,15,0,0,0,0,8,4,34,1,0,34,2,32,41,45,360,608,33,139,0,0,0,0,8,4,34,1,0,34,2,32,41,45,360,608,33,139,0,0,0,0,0,0,1,0,0,1,0,0,1,0,71,500,6,11,0,0,0,0,0,0,4,0,0,4,2,5,20,21,9,5,10,3,0,0,0,0,0,0,2,0,0,1,0,0,8,4,1,0,0,0,0,2,0,1,9,2,55,3,0,46,6,19,71,55,36,18,20,6,0,0,0,0,0,0,0,0,0,0,0,1,1,3,0,0,0,0,0,0,0,0,0,0,0,0,0,0,0,0,0,0,1,0,1,0,0,0,0,0,0,0,2,0,0,3,0,6,2,3,12,10,4,1,0,0,0,0,0,0,0,0,0,0,0,1,0,0,0,0,2,0,0,2,4,3,46,11,118,9,0,123,32,78,139,149,89,59,58,14,0,0,0,0,0,0,1,0,0,0,0,0,0,0,3,1,1,0,0,0,0,0,0,0,2,0,0,3,0,0,6,3,4,6,2,2,0,0,0,0,0,0,5,0,0,4,2,6,21,23,11,5,10,3,0,0,0,0,0,0,0,0,0,0,0,0,0,0,0,0,0,0,0,0,0,0,0,0,0,0,0,0,0,1,0,2,3,1,0,0,0,0,0,0,0,0,0,0,0,0,0,0,0,0,0,0,0,0,0,0,0,0,0,0,0,0,0,0,0,0,0,0,0,0,0,0,0,2,4,3,46,11,110,9,0,116,30,74,113,123,81,51,49,10,0,0,0,0,0,0,0,0,0,0,0,0,0,0,0,0,0,0,0,0,0,0,0,0,1,0,0,0,0,0,0,1,0,0,0,0
World Wide Technology,75577218799,45,0,0,0,0,0,0,0,0,0,0,0,0,0,0,0,0,0,2,0,0,0,0,0,0,0,0,0,0,0,0,0,0,0,0,0,4,0,0,0,0,0,0,0,0,0,0,0,0,0,0,0,0,0,61,0,0,0,0,0,0,0,0,0,0,0,0,0,0,0,0,0,61,0,0,0,0,0,0,0,0,0,0,0,0,0,0,0,0,0,13,0,0,0,0,0,0,0,0,0,0,0,0,0,0,0,0,0,1,0,0,0,0,0,0,0,0,0,0,0,0,0,0,0,0,0,0,0,0,0,0,0,0,0,0,0,0,0,0,0,0,0,0,0,0,0,0,0,0,0,0,0,0,0,0,0,0,0,0,0,0,0,0,0,0,0,0,0,0,0,0,0,0,0,0,0,0,0,0,0,0,0,0,0,0,0,0,0,0,0,0,0,0,0,0,0,0,0,1,0,0,0,0,0,0,0,0,0,0,0,0,0,0,0,0,0,0,0,0,0,0,0,0,0,0,0,0,0,0,0,0,0,0,0,1,0,0,0,0,0,0,0,0,0,0,0,0,0,0,0,0,0,0,0,0,0,0,0,0,0,0,0,0,0,0,0,0,0,0,0,1,0,0,0,0,0,0,0,0,0,0,0,0,0,0,0,0,0,1,0,0,0,0,0,0,0,0,0,0,0,0,0,0,0,0,0,0,0,0,0,0,0,0,0,0,0,0,0,0,0,0,0,0,0,0,0,0,0,0,0,0,0,0,0,0,0,0,0,0,0,0,0,0,0,0,0,0,0,0,0,0,0,0,0,0,0,0,0,0,0,0,0,0,0,0,0,0,0,0,0,0,0,0,0,0,0,0,0,0,0,0,0,0,0,0,0,0,0,0,0,0,0,0,0,0,0,0,0,0,0,0,0,0,0,0,0,0,0,0,0,0,0,0,0,0
Navy Federal Credit Union,160344204010636,85,0,0,0,0,0,0,153,25,2,456,148,347,221,272,424,332,262,95,0,0,0,0,0,0,249,38,1,721,233,526,366,416,569,394,370,128,0,0,0,0,0,0,180,23,0,2069,105,1422,328,474,1445,181,384,100,0,0,0,0,0,0,180,23,0,2069,105,1422,328,474,1445,181,436,111,0,0,0,0,0,0,0,0,0,1,3,33,1,23,1,1,2,0,0,0,0,0,0,0,3,0,0,42,6,19,4,11,24,15,13,3,0,0,0,0,0,0,13,1,0,25,0,15,17,21,33,25,15,6,0,0,0,0,0,0,39,4,1,189,37,104,47,53,96,74,65,22,0,0,0,0,0,0,13,1,0,22,0,13,16,18,29,21,12,6,0,0,0,0,0,0,0,0,0,1,0,2,0,0,2,1,3,0,0,0,0,0,0,0,0,0,0,5,1,10,5,6,9,3,6,1,0,0,0,0,0,0,0,0,0,11,1,2,1,0,0,3,0,0,0,0,0,0,0,0,140,24,2,434,148,337,209,255,396,313,249,88,0,0,0,0,0,0,0,1,0,1,1,2,2,0,0,2,0,0,0,0,0,0,0,0,0,0,0,6,8,30,7,8,38,24,12,10,0,0,0,0,0,0,10,0,0,60,10,34,9,15,41,29,23,7,0,0,0,0,0,0,0,0,0,1,0,1,0,0,0,0,0,0,0,0,0,0,0,0,7,1,0,5,0,1,7,9,8,7,3,1,0,0,0,0,0,0,0,0,0,1,0,0,0,0,0,0,0,0,0,0,0,0,0,0,0,0,0,0,0,0,0,0,0,0,0,0,0,0,0,0,0,0,130,23,2,378,130,280,191,234,333,271,223,76,0,0,0,0,0,0,0,0,0,0,0,0,0,0,0,0,0,0,0,0,0,0,0,0,6,1,0,5,0,1,7,6,4,1,1,1
Stew Leonard's,33439252677,90,0,0,0,0,0,0,0,0,0,86,36,74,40,78,92,55,67,27,0,0,0,0,0,0,0,0,0,133,66,149,96,86,327,69,389,51,0,0,0,0,0,0,0,0,0,86,188,415,184,413,1131,616,3201,301,0,0,0,0,0,0,0,0,0,86,188,415,184,413,1131,616,3211,301,0,0,0,0,0,0,0,0,0,0,5,26,1,3,1,2,1347,47,0,0,0,0,0,0,0,0,0,6,3,4,2,6,5,3,18,7,0,0,0,0,0,0,0,0,0,0,1,1,8,12,38,23,1,5,0,0,0,0,0,0,0,0,0,14,7,18,17,35,55,35,27,14,0,0,0,0,0,0,0,0,0,2,1,1,8,12,37,22,3,0,0,0,0,0,0,0,0,0,0,1,3,0,1,1,0,2,1,3,0,0,0,0,0,0,0,0,0,9,4,7,2,3,0,2,28,7,0,0,0,0,0,0,0,0,0,1,1,0,2,0,2,2,6,0,0,0,0,0,0,0,0,0,0,85,34,70,32,66,55,34,39,21,0,0,0,0,0,0,0,0,0,1,1,1,0,0,0,0,15,3,0,0,0,0,0,0,0,0,0,11,8,22,6,8,13,8,8,10,0,0,0,0,0,0,0,0,0,8,5,6,4,10,26,17,22,6,0,0,0,0,0,0,0,0,0,1,0,0,0,0,0,1,6,0,0,0,0,0,0,0,0,0,0,0,0,1,4,2,7,2,1,0,0,0,0,0,0,0,0,0,0,0,0,0,0,0,0,0,0,0,0,0,0,0,0,0,0,0,0,0,0,0,0,0,0,0,0,0,0,0,0,0,0,0,0,0,0,66,23,45,22,52,37,21,30,10,0,0,0,0,0,0,0,0,0,0,0,0,0,0,0,0,0,0,0,0,0,0,0,0,0,0,0,0,0,0,4,6,9,6,0,1
Intel,22707976849,41,4,15,30,28,253,101,522,65,9,3530,3326,7997,711,1033,2042,1345,1349,413,0,0,8,4,317,113,435,64,0,1070,575,2025,5528,3294,5245,3310,5644,1697,1,0,7,3,310,56,1227,110,1,9744,4368,28566,35103,83433,126347,92010,782305,131118,1,0,7,3,310,56,1227,110,1,9744,4369,28566,35104,83433,126507,92016,787143,131529,0,0,0,0,0,0,0,0,0,7,1,2,3,0,7,2,597,74,0,0,0,0,26,8,42,3,0,156,150,335,33,39,181,133,103,26,0,0,0,0,27,10,102,7,0,156,53,236,135,229,1061,589,866,245,4,15,23,26,166,60,419,47,9,3311,3147,7623,650,937,1840,1227,1181,362,0,0,0,0,25,9,100,7,0,170,56,234,132,226,1069,631,865,239,0,0,0,0,0,0,0,0,0,2,3,4,1,5,7,4,8,2,0,0,2,1,2,0,15,1,0,97,86,199,9,24,46,75,76,22,0,0,0,0,10,6,14,1,0,35,29,83,28,39,127,69,161,61,4,15,28,27,228,92,425,59,9,3381,3278,7793,584,811,1005,767,447,154,0,0,0,0,0,0,2,1,0,34,37,84,4,13,20,10,18,2,0,0,0,0,0,0,0,0,0,3,0,0,0,0,0,0,13,10,0,0,0,0,52,18,149,12,0,372,265,680,140,207,1010,604,739,176,0,0,0,0,0,0,0,0,0,0,0,0,0,0,0,0,5,4,0,0,2,1,3,0,7,0,0,13,0,8,17,40,132,82,78,23,0,0,0,0,0,0,0,0,0,18,12,27,0,0,0,0,0,0,0,0,0,0,0,0,0,0,0,0,0,0,0,0,0,0,0,0,4,15,28,27,198,83,358,52,9,3066,2960,7025,454,641,723,540,327,115,0,0,0,0,0,0,0,0,0,0,0,0,0,0,0,0,0,0,0,0,0,0,0,0,8,1,0,58,89,257,100,145,177,119,187,85
Sheetz,21120170500,122,8,38,2,0,13,7,68,9,1,241,174,303,256,366,466,386,229,103,0,0,0,0,7,0,87,7,0,414,378,340,356,507,912,936,1153,333,0,0,0,0,10,8,68,15,0,692,1342,620,576,1258,3650,4876,12752,1366,0,0,0,0,10,8,68,15,0,692,1342,620,576,1258,3650,4876,13055,1443,0,0,0,0,0,0,0,1,0,27,2,3,12,17,31,117,146,9,0,0,0,0,0,0,2,0,0,6,4,1,2,5,3,7,7,2,0,0,0,0,2,3,8,1,0,8,5,5,14,21,50,41,35,13,8,38,2,0,9,7,42,6,1,125,108,148,94,146,136,123,74,38,0,0,0,0,2,3,7,1,0,6,2,3,9,14,50,37,28,8,0,0,0,0,0,0,0,0,0,0,1,2,4,3,13,8,3,4,0,0,0,0,0,0,1,0,0,6,9,7,16,14,20,11,7,2,0,0,0,0,0,0,0,0,0,2,4,0,4,5,7,3,6,0,8,38,2,0,11,4,61,8,1,235,172,300,247,353,418,350,199,95,0,0,0,0,0,0,1,0,0,1,0,3,0,0,0,1,0,0,0,0,0,0,1,0,3,2,0,13,26,35,79,117,143,114,75,38,0,0,0,0,2,0,4,1,0,9,4,1,4,8,32,20,22,6,0,0,0,0,0,0,0,0,0,0,0,0,0,3,3,2,4,0,0,0,0,0,0,3,5,0,0,3,0,1,2,5,7,8,4,4,0,0,0,0,0,0,0,0,0,0,0,0,0,0,0,0,0,0,0,0,0,0,0,0,0,0,0,0,0,0,0,0,0,0,0,0,8,38,2,0,10,4,53,4,1,215,140,263,164,223,267,226,115,55,0,0,0,0,0,0,0,0,0,0,0,0,0,0,0,0,0,0,0,0,0,0,0,0,3,2,0,1,4,3,7,10,14,16,9,0
Container Store,59375573322,20,0,0,38,8,175,52,496,58,0,475,114,331,199,294,301,195,117,44,0,0,21,1,184,32,634,51,0,839,84,435,245,572,389,364,121,34,0,0,9,1,432,50,1953,69,0,6353,507,3636,1714,5403,7487,3677,2385,401,0,0,9,1,432,50,1953,69,0,6353,507,3636,1714,5403,7487,3677,2439,401,0,0,0,0,1,1,9,2,0,4,2,7,1,2,4,5,712,55,0,0,0,0,2,0,49,6,0,28,12,19,10,12,18,11,49,11,0,0,1,0,65,17,216,20,0,200,32,113,96,147,193,123,0,1,0,0,29,7,136,39,404,43,0,384,70,207,129,205,226,146,73,23,0,0,1,0,57,14,208,20,0,199,32,112,97,149,192,123,14,4,0,0,0,0,0,0,0,0,0,2,0,2,0,1,2,0,0,0,0,0,0,0,0,0,12,1,0,17,7,13,11,11,3,7,94,24,0,0,0,0,0,0,10,0,0,4,2,4,1,3,10,8,4,2,0,0,37,8,118,38,288,38,0,279,83,222,105,149,109,72,25,21,0,0,0,0,1,0,3,1,0,0,0,1,0,0,0,0,32,4,0,0,3,1,33,13,46,8,0,25,6,27,31,38,23,12,26,14,0,0,1,0,44,11,187,19,0,148,28,66,67,90,117,74,63,15,0,0,0,0,0,0,4,0,0,0,0,0,0,0,0,1,4,0,0,0,0,0,15,3,48,7,0,24,2,11,17,28,25,13,5,1,0,0,0,0,0,0,0,1,0,0,0,0,0,0,0,0,0,0,0,0,0,0,0,0,0,0,0,0,0,0,0,0,0,0,0,0,0,0,34,7,83,25,182,23,0,215,63,172,60,94,67,46,19,14,0,0,0,0,0,0,0,0,0,0,0,0,0,0,0,0,0,0,0,0,0,0,0,0,29,0,0,63,15,55,24,44,69,49,0,0
Discovery Communications,153549641890,120,0,0,0,0,0,0,0,0,0,33,8,55,41,73,72,38,74,28,0,0,0,0,0,0,0,0,0,53,55,396,15,47,41,7,40,0,0,0,0,0,0,0,0,0,0,857,1300,4888,130,302,716,110,2833,14,0,0,0,0,0,0,0,0,0,857,1300,4888,130,302,716,110,2976,14,0,0,0,0,0,0,0,0,0,91,6,216,1,2,0,0,416,2,0,0,0,0,0,0,0,0,0,10,0,10,5,3,9,3,23,3,0,0,0,0,0,0,0,0,0,0,0,0,10,15,22,8,1,0,0,0,0,0,0,0,0,0,0,14,6,42,36,55,66,34,68,28,0,0,0,0,0,0,0,0,0,4,0,4,8,16,22,9,3,3,0,0,0,0,0,0,0,0,0,1,0,0,0,0,0,0,3,0,0,0,0,0,0,0,0,0,0,21,2,30,1,2,2,2,23,4,0,0,0,0,0,0,0,0,0,4,0,4,1,4,2,1,5,4,0,0,0,0,0,0,0,0,0,12,7,27,33,58,51,30,51,26,0,0,0,0,0,0,0,0,0,0,0,0,0,0,0,0,1,0,0,0,0,0,0,0,0,0,0,8,2,17,3,4,5,2,7,0,0,0,0,0,0,0,0,0,0,14,0,14,12,12,26,5,26,6,0,0,0,0,0,0,0,0,0,0,0,1,0,1,0,0,4,1,0,0,0,0,0,0,0,0,0,0,0,3,1,4,0,2,1,0,0,0,0,0,0,0,0,0,0,0,0,0,0,0,0,0,0,0,0,0,0,0,0,0,0,0,0,0,0,0,0,0,0,0,0,0,0,0,0,0,0,0,0,0,0,11,6,20,25,46,32,24,36,21,0,0,0,0,0,0,0,0,0,0,0,0,0,0,0,0,0,0,0,0,0,0,0,0,0,0,0,0,0,0,0,6,9,5,0,0
Four Seasons Hotels,106280431030,92,0,0,0,0,110,36,534,55,0,711,109,319,254,430,660,494,205,64,0,0,0,0,88,19,281,19,0,543,169,382,249,426,1498,1439,171,33,0,0,0,0,228,51,1379,124,0,3802,1256,7731,4108,6727,41846,49385,7089,1246,0,0,0,0,228,51,1379,124,0,3802,1256,7731,4108,6727,41851,49389,7261,1293,0,0,0,0,7,3,79,1,0,39,0,5,3,3,4,5,458,96,0,0,0,0,4,1,90,10,0,64,10,35,14,34,25,14,102,31,0,0,0,0,27,9,239,22,0,409,64,205,177,291,568,429,1,0,0,0,0,0,72,25,466,47,0,627,84,281,207,355,545,402,140,40,0,0,0,0,21,8,204,19,0,405,61,201,177,289,566,428,13,5,0,0,0,0,0,0,0,0,0,6,1,1,4,4,9,5,8,5,0,0,0,0,4,1,20,1,0,16,6,12,9,13,26,14,185,61,0,0,0,0,0,2,12,0,0,18,4,8,12,25,57,35,26,7,0,0,0,0,90,28,344,36,0,320,52,119,84,152,94,67,30,5,0,0,0,0,0,0,2,1,0,2,0,1,2,2,0,0,54,21,0,0,0,0,21,6,72,2,0,56,9,14,12,41,24,25,52,18,0,0,0,0,23,6,285,24,0,347,38,127,103,206,262,195,115,35,0,0,0,0,0,0,0,0,0,1,0,0,0,1,5,0,19,6,0,0,0,0,3,3,28,6,0,36,1,6,32,44,73,48,3,2,0,0,0,0,0,0,0,0,0,0,0,0,0,0,0,0,0,0,0,0,0,0,0,0,0,0,0,0,0,0,0,0,0,0,0,0,0,0,0,0,63,21,136,20,0,158,26,56,48,53,38,27,16,3,0,0,0,0,0,0,0,0,0,0,0,0,0,0,0,0,0,0,0,0,0,0,0,0,13,3,0,113,35,116,59,85,258,199,0,0
Morningstar,198056910214033,79,0,0,0,0,0,0,0,0,0,0,0,0,0,0,1,1,0,1,0,0,0,0,0,0,0,0,0,0,0,0,0,0,0,0,0,0,0,0,0,0,0,0,0,0,0,0,0,0,0,0,0,0,0,0,0,0,0,0,0,0,0,0,0,0,0,0,0,0,0,0,0,0,0,0,0,0,0,0,0,0,0,0,0,0,0,0,0,0,0,0,0,0,0,0,0,0,0,0,0,0,0,0,0,0,0,0,0,0,0,0,0,0,0,0,0,0,0,0,0,0,0,0,0,0,0,0,0,0,0,0,0,0,0,0,0,0,0,0,0,0,1,1,0,1,0,0,0,0,0,0,0,0,0,0,0,0,0,0,0,0,0,0,0,0,0,0,0,0,0,0,0,0,0,0,0,0,0,0,0,0,0,0,0,0,0,0,0,0,0,0,0,0,0,0,0,0,0,0,0,0,0,0,0,0,0,0,0,0,0,0,0,0,0,0,0,0,0,0,0,0,0,0,0,0,0,0,0,0,0,0,1,1,0,1,0,0,0,0,0,0,0,0,0,0,0,0,0,0,0,0,0,0,0,0,0,0,0,0,0,0,0,0,0,0,0,0,0,0,0,0,0,0,0,0,0,0,0,0,0,0,0,0,0,0,0,0,0,1,0,0,0,0,0,0,0,0,0,0,0,0,0,0,0,0,0,0,0,0,0,0,0,0,0,0,0,0,0,0,0,0,0,0,0,0,0,0,0,0,0,0,0,0,0,0,0,0,0,0,0,0,0,0,0,0,0,0,0,0,0,0,0,0,0,0,0,0,0,0,0,0,0,0,0,0,0,0,0,0,0,0,0,0,0,0,1,1,0,0,0,0,0,0,0,0,0,0,0,0,0,0,0,0,0,0,0,0,0,0,0,0,0,0,0,0,0,0,0,0,0,0,0,0,0,0
Shared Technologies- ARI,328179703901867,91,0,0,0,0,0,0,0,0,0,0,0,0,0,2,2,0,0,0,0,0,0,0,0,0,0,0,0,0,0,0,0,8,0,0,0,0,0,0,0,0,0,0,0,0,0,0,0,0,0,234,4,0,0,0,0,0,0,0,0,0,0,0,0,0,0,0,0,234,4,0,0,0,0,0,0,0,0,0,0,0,0,0,0,0,0,34,0,0,0,0,0,0,0,0,0,0,0,0,0,0,0,0,0,1,0,0,0,0,0,0,0,0,0,0,0,0,0,0,0,0,0,0,0,0,0,0,0,0,0,0,0,0,0,0,0,0,0,0,0,0,2,0,0,0,0,0,0,0,0,0,0,0,0,0,0,0,0,0,1,0,0,0,0,0,0,0,0,0,0,0,0,0,0,0,0,0,0,0,0,0,0,0,0,0,0,0,0,0,0,0,0,0,0,2,1,0,0,0,0,0,0,0,0,0,0,0,0,0,0,0,0,2,0,0,0,0,0,0,0,0,0,0,0,0,0,0,0,0,0,0,1,0,0,0,0,0,0,0,0,0,0,0,0,0,0,0,0,1,0,0,0,0,0,0,0,0,0,0,0,0,0,0,0,0,0,0,0,0,0,0,0,0,0,0,0,0,0,0,0,0,0,0,0,1,1,0,0,0,0,0,0,0,0,0,0,0,0,0,0,0,0,1,0,0,0,0,0,0,0,0,0,0,0,0,0,0,0,0,0,0,0,0,0,0,0,0,0,0,0,0,0,0,0,0,0,0,0,0,0,0,0,0,0,0,0,0,0,0,0,0,0,0,0,0,0,0,0,0,0,0,0,0,0,0,0,0,0,0,0,0,0,0,0,0,1,0,0,0,0,0,0,0,0,0,0,0,0,0,0,0,0,0,0,0,0,0,0,0,0,0,0,0,0,0,0,0,0,0,0,0,0,0,0,0
JM Family Enterprises,215824265320,16,0,0,0,0,0,0,0,0,0,0,0,0,0,0,0,0,16,9,0,0,0,0,0,0,0,0,0,0,0,0,0,0,0,0,7,4,0,0,0,0,0,0,0,0,0,0,0,0,0,0,0,0,110,29,0,0,0,0,0,0,0,0,0,0,0,0,0,0,0,0,113,30,0,0,0,0,0,0,0,0,0,0,0,0,0,0,0,0,3,0,0,0,0,0,0,0,0,0,0,0,0,0,0,0,0,0,1,1,0,0,0,0,0,0,0,0,0,0,0,0,0,0,0,0,0,0,0,0,0,0,0,0,0,0,0,0,0,0,0,0,0,0,12,6,0,0,0,0,0,0,0,0,0,0,0,0,0,0,0,0,1,0,0,0,0,0,0,0,0,0,0,0,0,0,0,0,0,0,0,2,0,0,0,0,0,0,0,0,0,0,0,0,0,0,0,0,6,7,0,0,0,0,0,0,0,0,0,0,0,0,0,0,0,0,1,1,0,0,0,0,0,0,0,0,0,0,0,0,0,0,0,0,10,3,0,0,0,0,0,0,0,0,0,0,0,0,0,0,0,0,2,0,0,0,0,0,0,0,0,0,0,0,0,0,0,0,0,0,11,7,0,0,0,0,0,0,0,0,0,0,0,0,0,0,0,0,2,1,0,0,0,0,0,0,0,0,0,0,0,0,0,0,0,0,1,1,0,0,0,0,0,0,0,0,0,0,0,0,0,0,0,0,0,0,0,0,0,0,0,0,0,0,0,0,0,0,0,0,0,0,0,0,0,0,0,0,0,0,0,0,0,0,0,0,0,0,0,0,0,0,0,0,0,0,0,0,0,0,0,0,0,0,0,0,0,0,2,0,0,0,0,0,0,0,0,0,0,0,0,0,0,0,0,0,0,0,0,0,0,0,0,0,0,0,0,0,0,0,0,0,0,0,0,0
QuikTrip,5890187327,60,0,0,0,0,0,0,0,0,0,6,0,0,143,184,329,237,135,62,0,0,0,0,0,0,0,0,0,1,0,0,175,328,656,341,143,55,0,0,0,0,0,0,0,0,0,287,0,0,1786,1333,6694,2528,717,430,0,0,0,0,0,0,0,0,0,287,0,0,1786,1333,6694,2528,745,431,0,0,0,0,0,0,0,0,0,5,0,0,1,12,4,7,2,2,0,0,0,0,0,0,0,0,0,0,0,0,1,1,0,1,0,0,0,0,0,0,0,0,0,0,0,0,0,0,19,24,41,37,10,5,0,0,0,0,0,0,0,0,0,5,0,0,78,113,142,107,50,23,0,0,0,0,0,0,0,0,0,0,0,0,18,22,37,32,8,3,0,0,0,0,0,0,0,0,0,0,0,0,2,3,5,2,3,3,0,0,0,0,0,0,0,0,0,6,0,0,2,3,10,4,1,0,0,0,0,0,0,0,0,0,0,0,0,0,2,1,3,1,0,0,0,0,0,0,0,0,0,0,0,0,0,0,125,162,294,206,127,59,0,0,0,0,0,0,0,0,0,0,0,0,0,1,0,0,0,0,0,0,0,0,0,0,0,0,0,4,0,0,12,31,50,44,25,13,0,0,0,0,0,0,0,0,0,0,0,0,4,8,12,11,3,2,0,0,0,0,0,0,0,0,0,0,0,0,0,0,0,0,0,0,0,0,0,0,0,0,0,0,0,2,0,0,10,10,9,7,3,1,0,0,0,0,0,0,0,0,0,0,0,0,0,0,0,0,0,0,0,0,0,0,0,0,0,0,0,0,0,0,0,0,0,0,0,0,0,0,0,0,0,0,0,0,0,0,0,0,112,130,242,160,102,46,0,0,0,0,0,0,0,0,0,0,0,0,0,0,0,0,0,0,0,0,0,0,0,0,0,0,0,0,0,0,5,5,16,15,2,0
David Weekley Homes,8146864018,113,0,0,0,0,1,0,1,0,0,5,8,27,22,26,33,37,25,16,0,0,0,0,0,0,0,0,0,2,5,32,19,34,74,278,13,207,0,0,0,0,2,0,1,0,0,4,17,242,50,235,363,425,158,1060,0,0,0,0,2,0,1,0,0,4,17,242,50,235,363,425,161,1247,0,0,0,0,0,0,0,0,0,1,0,14,2,9,82,49,29,335,0,0,0,0,0,0,0,0,0,1,1,6,3,8,9,4,6,2,0,0,0,0,0,0,0,0,0,1,0,2,0,0,1,0,1,0,0,0,0,0,1,0,1,0,0,4,5,14,15,17,15,11,16,8,0,0,0,0,0,0,0,0,0,1,1,0,6,5,2,2,0,0,0,0,0,0,0,0,0,0,0,1,0,1,1,2,3,4,1,1,0,0,0,0,0,0,1,0,0,0,3,14,12,18,22,22,22,11,0,0,0,0,0,0,0,0,0,0,0,0,0,0,2,1,8,6,0,0,0,0,1,0,0,0,0,5,6,16,10,8,13,17,3,5,0,0,0,0,0,0,0,0,0,0,0,0,0,0,0,1,2,1,0,0,0,0,0,0,0,0,0,2,1,8,5,7,12,18,10,2,0,0,0,0,0,0,0,0,0,2,2,7,9,13,13,6,6,2,0,0,0,0,0,0,0,0,0,0,0,0,0,0,1,0,8,6,0,0,0,0,0,0,1,0,0,0,0,1,1,0,3,0,0,2,0,0,0,0,0,0,0,0,0,0,0,0,0,0,0,0,0,0,0,0,0,0,0,0,0,0,0,0,0,0,0,0,0,0,0,0,0,0,0,0,1,0,0,0,0,1,5,11,7,6,4,13,1,4,0,0,0,0,0,0,0,0,0,0,0,0,0,0,0,0,0,0,0,0,0,0,0,0,0,0,0,0,0,0,0,0,0,0,0,0
CHG Healthcare Services,32264600947,8,0,0,0,0,0,0,5,2,0,3,2,5,6,8,10,6,5,1,0,0,0,0,0,0,1,0,0,5,0,6,5,4,5,10,10,0,0,0,0,0,0,0,3,0,0,4,3,32,121,69,237,140,295,1,0,0,0,0,0,0,3,0,0,4,3,32,121,69,237,140,303,1,0,0,0,0,0,0,0,0,0,0,0,0,8,7,24,19,26,0,0,0,0,0,0,0,1,1,0,0,1,0,4,3,5,2,3,1,0,0,0,0,0,0,0,0,0,0,0,0,0,0,0,0,0,0,0,0,0,0,0,0,4,2,0,1,2,2,3,6,5,2,0,1,0,0,0,0,0,0,0,0,0,0,0,0,0,0,1,2,0,0,0,0,0,0,0,0,0,0,0,0,0,1,0,0,1,1,0,0,0,0,0,0,0,0,0,0,0,0,1,1,5,6,8,5,4,0,0,0,0,0,0,0,1,0,0,0,0,0,0,0,2,2,1,0,0,0,0,0,0,0,5,2,0,3,2,5,1,3,2,1,1,1,0,0,0,0,0,0,1,0,0,0,0,0,0,1,3,0,1,0,0,0,0,0,0,0,1,0,0,1,0,3,2,3,3,1,1,0,0,0,0,0,0,0,1,1,0,0,1,0,4,4,6,4,3,1,0,0,0,0,0,0,0,0,0,0,0,0,0,0,1,1,1,0,0,0,0,0,0,0,0,0,0,0,0,0,0,0,0,0,0,0,0,0,0,0,0,0,0,0,0,0,0,0,0,0,0,0,0,0,0,0,0,0,0,0,0,0,0,0,0,0,0,0,0,0,0,0,0,0,0,0,0,0,3,1,0,2,1,2,0,1,0,0,0,0,0,0,0,0,0,0,0,0,0,0,0,0,0,0,0,0,0,0,0,0,0,0,0,0,0,0,0,0,0,0,0,0,0,0,0,0
Build-A-Bear Workshop,8783725165,57,3,11,57,53,189,86,15,2,0,36,189,401,276,284,475,453,548,192,0,0,44,39,180,88,28,10,0,54,413,613,373,431,1518,670,2319,719,0,0,32,23,124,54,2,2,0,97,9852,3382,1656,1769,15300,6162,15009,12485,0,0,32,23,124,54,2,2,0,97,9852,3382,1656,1769,15302,6163,16047,12853,0,0,23,17,13,5,0,0,0,1,11,12,27,12,12,14,17,3,0,0,0,0,7,2,1,0,0,1,3,11,4,4,9,7,6,2,0,0,3,1,16,11,2,0,0,2,35,75,34,39,91,97,137,58,3,11,43,37,138,59,6,0,0,13,101,229,120,127,264,238,325,109,0,0,0,1,7,5,1,0,0,1,21,56,17,24,75,67,101,51,0,0,0,0,0,0,0,0,0,0,0,1,4,13,14,20,32,5,0,0,0,0,0,0,0,0,0,1,8,22,10,2,9,11,10,6,0,0,0,0,0,0,0,0,0,1,2,2,1,2,11,8,5,5,3,11,57,52,182,81,14,2,0,35,168,347,260,260,402,389,445,140,0,0,0,0,0,2,0,0,0,2,0,2,1,4,1,1,1,3,0,0,42,27,76,30,1,1,0,6,57,149,111,103,179,184,180,65,0,0,0,1,11,6,2,0,0,2,7,22,8,7,36,28,40,15,0,0,0,0,0,0,0,0,0,0,1,1,0,1,0,3,2,1,0,0,0,0,3,1,0,0,0,1,2,2,5,9,9,13,8,1,0,0,0,0,0,0,0,0,0,0,0,0,0,0,0,0,0,0,0,0,0,0,0,0,0,0,0,0,0,0,0,0,0,0,0,0,3,11,15,25,99,49,11,1,0,27,104,183,144,150,207,191,256,71,0,0,0,0,0,0,0,0,0,0,0,0,0,0,0,0,0,0,0,0,0,0,0,0,1,0,0,0,18,44,8,14,44,34,62,39
Brocade Communications Systems,111983056070,96,0,0,0,0,1,3,41,2,0,49,6,28,28,38,37,33,45,7,0,0,0,0,0,1,26,1,0,19,50,70,8,11,26,11,24,2,0,0,0,0,0,0,285,14,0,377,2956,2853,198,345,1118,214,423,10,0,0,0,0,0,0,285,14,0,377,2956,2853,198,345,1118,214,459,10,0,0,0,0,0,0,40,3,0,41,86,186,11,17,181,21,128,1,0,0,0,0,1,2,21,2,0,23,3,7,14,15,21,19,38,5,0,0,0,0,0,0,4,0,0,5,0,1,2,0,0,1,0,0,0,0,0,0,1,2,31,1,0,37,5,23,21,29,29,23,39,6,0,0,0,0,0,0,3,0,0,2,0,0,0,0,3,2,0,0,0,0,0,0,0,0,0,0,0,1,0,3,3,2,1,0,0,0,0,0,0,0,0,0,22,1,0,30,3,18,18,27,27,27,40,6,0,0,0,0,0,0,2,1,0,2,0,1,1,0,4,1,0,1,0,0,0,0,1,3,19,1,0,25,3,11,10,12,10,6,6,2,0,0,0,0,0,0,1,0,0,0,0,0,1,1,6,4,7,0,0,0,0,0,0,0,6,0,0,7,2,13,7,13,5,7,4,1,0,0,0,0,1,2,24,2,0,26,3,7,14,17,24,21,38,5,0,0,0,0,0,0,0,0,0,0,0,0,0,0,1,0,0,1,0,0,0,0,0,0,6,0,0,5,0,0,1,2,2,3,0,0,0,0,0,0,0,0,0,0,0,0,0,0,0,0,0,0,0,0,0,0,0,0,0,0,0,0,0,0,0,0,0,0,0,0,0,0,0,0,0,0,0,1,4,0,0,10,1,8,6,6,5,2,3,0,0,0,0,0,0,0,0,0,0,0,0,0,0,0,0,0,0,0,0,0,0,0,0,0,1,0,0,1,0,0,0,0,0,0,0,0
St. Jude Children's Research Hospital,6435441794,34,0,0,0,0,0,0,0,0,0,711,171,652,465,452,468,535,21,0,0,0,0,0,0,0,0,0,0,5060,389,2357,3702,1635,1700,2394,19,0,0,0,0,0,0,0,0,0,0,119447,13605,73165,53286,70760,68179,138104,1189,0,0,0,0,0,0,0,0,0,0,119447,13605,73165,53286,70760,68179,138108,1215,0,0,0,0,0,0,0,0,0,0,32,6,39,217,10,27,22,55,0,0,0,0,0,0,0,0,0,0,49,19,40,40,36,50,29,8,0,0,0,0,0,0,0,0,0,0,199,76,300,265,259,284,408,0,0,0,0,0,0,0,0,0,0,0,632,152,608,403,407,393,476,17,0,0,0,0,0,0,0,0,0,0,197,77,289,265,258,278,406,0,0,0,0,0,0,0,0,0,0,0,1,1,1,4,4,1,3,0,0,0,0,0,0,0,0,0,0,0,17,7,25,23,16,16,13,16,0,0,0,0,0,0,0,0,0,0,14,8,19,30,25,22,53,2,0,0,0,0,0,0,0,0,0,0,519,101,384,219,212,222,141,7,0,0,0,0,0,0,0,0,0,0,4,2,2,12,1,2,0,3,0,0,0,0,0,0,0,0,0,0,29,10,63,51,19,48,26,7,0,0,0,0,0,0,0,0,0,0,170,48,173,179,140,228,203,8,0,0,0,0,0,0,0,0,0,0,0,0,0,0,0,0,0,2,0,0,0,0,0,0,0,0,0,0,20,14,34,53,70,36,81,0,0,0,0,0,0,0,0,0,0,0,0,0,0,0,0,0,0,0,0,0,0,0,0,0,0,0,0,0,0,0,0,0,0,0,0,0,0,0,0,0,0,0,0,0,0,0,424,63,247,98,130,84,69,4,0,0,0,0,0,0,0,0,0,0,0,0,0,0,0,0,0,0,0,0,0,0,0,0,0,0,0,0,68,36,135,84,93,72,156,0,0
Accenture,20341500871,82,0,0,2,0,18,7,24,4,0,34,4,13,13,11,30,7,5,1,0,0,0,0,23,9,27,4,0,33,2,4,7,1,3,0,1,0,0,0,0,0,0,1,8,1,0,1,5,2,3,4,3,0,4,1,0,0,0,0,0,1,8,1,0,1,5,2,3,4,3,0,4,1,0,0,0,0,0,0,1,0,0,0,0,0,0,0,0,0,0,0,0,0,0,0,0,0,5,1,0,2,0,2,5,4,18,4,2,1,0,0,0,0,0,0,2,0,0,1,0,2,0,0,1,0,0,0,0,0,2,0,1,0,4,1,0,9,3,11,10,10,27,7,4,1,0,0,0,0,0,0,0,0,0,0,0,0,0,0,0,0,1,0,0,0,0,0,0,0,0,0,0,0,0,0,0,0,0,0,0,0,0,0,0,0,0,0,0,0,0,2,0,1,1,0,0,0,2,0,0,0,0,0,0,0,0,0,0,0,0,0,0,0,0,0,0,0,0,0,2,0,18,7,24,4,0,34,4,13,12,11,30,7,3,1,0,0,0,0,0,0,0,0,0,1,0,0,0,0,0,0,0,0,0,0,0,0,0,0,0,0,0,1,1,1,0,2,2,1,0,0,0,0,0,0,0,0,6,1,0,1,0,2,7,4,19,5,3,1,0,0,0,0,0,0,0,0,0,0,0,0,0,0,0,0,0,0,0,0,0,0,0,0,0,0,0,0,0,0,0,0,0,0,0,0,0,0,0,0,0,0,0,0,0,1,0,0,0,0,0,0,0,0,0,0,0,0,0,0,0,0,0,0,0,0,0,0,0,0,0,0,0,0,2,0,18,7,18,3,0,31,3,10,6,5,9,1,2,0,0,0,0,0,0,0,0,0,0,0,0,0,0,0,0,0,0,0,0,0,0,0,0,0,0,0,0,0,0,0,0,0,0,0,0,0
Scripps Health,12150039095,51,0,0,1,1,6,2,38,2,0,86,15,57,26,41,68,32,17,7,0,0,1,0,3,0,33,5,0,61,7,31,10,37,84,7,13,19,0,0,0,0,1,1,26,0,0,209,63,186,69,815,1890,184,106,147,0,0,0,0,1,1,26,0,0,209,63,186,69,815,1890,184,108,164,0,0,0,0,0,0,3,0,0,49,7,38,21,61,135,40,1606,1625,0,0,0,0,0,0,14,1,0,20,5,39,17,20,34,19,5,2,0,0,0,0,0,0,0,0,0,3,1,0,1,0,0,0,0,0,0,0,0,1,3,2,21,0,0,58,10,43,16,22,42,18,12,4,0,0,0,0,0,0,0,0,0,3,1,0,0,4,3,3,1,0,0,0,0,0,0,0,0,0,0,0,1,1,0,2,10,1,1,1,0,0,0,0,1,1,14,0,0,24,8,44,15,31,57,29,10,5,0,0,0,0,0,0,1,0,0,0,0,0,1,1,2,1,4,1,0,0,1,1,5,1,28,2,0,63,8,34,15,13,14,6,7,3,0,0,0,0,0,0,0,0,0,0,0,0,0,0,5,4,1,1,0,0,0,0,0,0,1,0,0,36,7,14,4,8,23,9,4,2,0,0,0,0,0,0,14,1,0,23,6,39,17,26,39,22,6,2,0,0,0,0,0,0,0,0,0,0,0,0,0,0,0,0,4,1,0,0,0,0,1,1,3,0,0,4,0,0,1,1,0,0,0,0,0,0,0,0,0,0,0,0,0,0,0,0,0,0,0,0,0,0,0,0,0,0,0,0,0,0,0,0,0,0,0,0,0,0,0,0,0,0,1,1,5,1,20,1,0,23,2,4,4,6,6,1,3,2,0,0,0,0,0,0,0,0,0,0,0,0,0,0,0,0,0,0,0,0,0,0,0,0,0,0,0,0,0,0,0,0,0,0,0,0
Nugget Market,260624001193,30,0,0,0,0,18,6,64,8,0,72,7,35,20,34,36,25,24,10,0,0,0,0,17,1,30,6,0,87,17,27,9,29,64,210,76,6,0,0,0,0,1,3,37,9,0,270,504,305,77,176,376,12552,457,113,0,0,0,0,1,3,37,9,0,270,504,305,77,176,376,12552,476,115,0,0,0,0,0,0,4,0,0,16,233,18,6,12,26,1353,50,12,0,0,0,0,2,0,2,0,0,8,1,5,7,9,6,7,4,1,0,0,0,0,0,0,0,0,0,0,0,1,0,0,0,1,0,0,0,0,0,0,8,5,40,4,0,45,5,19,14,23,22,15,9,5,0,0,0,0,0,0,1,0,0,3,0,0,1,2,2,0,4,1,0,0,0,0,0,0,0,0,0,0,0,0,0,0,1,0,4,4,0,0,0,0,1,1,17,2,0,33,3,22,12,20,20,13,19,8,0,0,0,0,1,0,0,0,0,1,0,1,1,0,1,0,1,0,0,0,0,0,17,5,54,6,0,40,4,16,9,16,18,13,6,3,0,0,0,0,0,0,0,0,0,0,0,0,1,1,3,1,6,2,0,0,0,0,1,0,12,0,0,18,1,14,6,13,18,10,11,7,0,0,0,0,2,0,3,0,0,11,1,5,9,11,8,7,8,2,0,0,0,0,0,0,0,0,0,0,0,1,0,0,0,0,1,0,0,0,0,0,1,1,6,2,0,16,1,4,0,2,1,2,0,0,0,0,0,0,0,0,0,0,0,0,0,0,0,0,0,0,0,0,0,0,0,0,0,0,0,0,0,0,0,0,0,0,0,0,0,0,0,0,0,0,14,5,43,6,0,27,4,11,5,8,9,6,4,1,0,0,0,0,0,0,0,0,0,0,0,0,0,0,0,0,0,0,0,0,0,0,0,0,0,0,0,0,0,0,0,0,0,0,0,0
Mattel,148757037599,73,0,0,1,0,73,24,298,45,0,205,117,299,269,215,505,344,331,104,0,0,0,0,58,11,369,12,0,537,81,382,223,2233,4704,923,1613,938,0,0,0,0,36,5,1535,19,0,2231,84,1406,1625,33525,124878,22901,58429,41395,0,0,0,0,36,5,1535,19,0,2231,84,1406,1625,33529,124889,22907,58815,41521,0,0,0,0,0,0,0,0,0,9,0,1,19,3,6,7,41,2,0,0,0,0,1,0,34,2,0,19,17,29,35,26,61,41,24,7,0,0,0,0,1,0,62,7,0,16,6,44,48,41,182,130,179,50,0,0,1,0,53,20,265,39,0,142,79,176,159,131,351,247,241,73,0,0,0,0,0,0,60,7,0,19,7,39,55,46,189,134,180,51,0,0,0,0,0,0,0,0,0,0,0,0,1,4,0,1,2,0,0,0,0,0,5,1,8,2,0,9,10,6,16,17,16,11,13,3,0,0,0,0,1,0,20,1,0,6,6,7,19,9,43,38,21,10,0,0,1,0,68,23,240,39,0,190,111,262,221,177,325,217,147,52,0,0,0,0,0,0,1,1,0,0,0,3,0,0,2,0,1,0,0,0,0,0,0,0,0,0,0,0,0,0,0,0,0,0,3,1,0,0,0,0,1,0,85,9,0,45,29,40,74,55,182,129,156,44,0,0,0,0,0,0,0,0,0,0,0,0,0,0,0,0,1,0,0,0,0,0,5,1,9,0,0,1,1,2,6,12,22,15,14,6,0,0,0,0,0,0,0,0,0,0,0,0,0,0,0,0,0,0,0,0,0,0,0,0,0,0,0,0,0,0,0,0,0,0,0,0,0,0,1,0,67,23,196,34,0,155,85,228,173,137,243,165,122,44,0,0,0,0,0,0,0,0,0,0,0,0,0,0,0,0,0,0,0,0,0,0,0,0,8,2,0,4,2,29,16,11,58,35,35,9
Children's Healthcare of Atlanta,356527358185,44,0,0,0,0,57,30,450,42,0,446,69,291,184,277,386,264,118,55,0,0,0,0,28,10,731,36,0,726,2868,3214,436,2568,2822,2831,676,449,0,0,0,0,26,30,2622,166,0,9297,54991,45716,10229,42457,80035,84286,22294,2361,0,0,0,0,26,30,2622,166,0,9297,54991,45716,10229,42457,80036,84290,22846,3035,0,0,0,0,0,0,4,0,0,11,17,138,19,75,292,63,1463,167,0,0,0,0,5,1,38,0,0,54,4,32,8,15,17,14,44,13,0,0,0,0,4,0,228,14,0,249,36,145,92,130,240,170,4,1,0,0,0,0,43,21,399,33,0,382,52,236,151,214,290,212,48,14,0,0,0,0,0,0,226,13,0,240,37,141,87,122,240,168,16,7,0,0,0,0,0,0,0,0,0,0,1,2,2,13,1,4,3,2,0,0,0,0,8,4,13,0,0,26,4,16,11,13,19,12,74,33,0,0,0,0,1,0,10,0,0,26,4,14,7,14,17,10,14,9,0,0,0,0,49,26,229,29,0,207,34,155,103,157,172,107,45,23,0,0,0,0,0,0,0,0,0,2,0,0,0,0,0,0,11,3,0,0,0,0,8,3,50,16,0,47,14,49,44,89,81,51,30,20,0,0,0,0,6,1,188,8,0,209,16,88,51,50,163,94,62,20,0,0,0,0,0,0,0,0,0,0,0,2,3,1,0,0,10,6,0,0,0,0,8,4,70,1,0,38,2,16,20,27,38,34,1,1,0,0,0,0,0,0,0,0,0,0,0,0,0,0,0,0,0,0,0,0,0,0,0,0,0,0,0,0,0,0,0,0,0,0,0,0,0,0,0,0,35,22,118,11,0,94,14,60,40,45,46,31,15,8,0,0,0,0,0,0,0,0,0,0,0,0,0,0,0,0,0,0,0,0,0,0,0,0,24,6,0,58,23,76,26,65,58,54,0,0
Genentech,146718898672043,62,0,0,0,0,0,0,3,0,0,12,4,7,3,3,0,3,1,0,0,0,0,0,0,0,2,0,0,4,3,3,0,0,0,0,1,0,0,0,0,0,0,0,0,0,0,16,1,1,0,2,0,12,36,0,0,0,0,0,0,0,0,0,0,16,1,1,0,2,0,12,36,0,0,0,0,0,0,0,0,0,0,0,0,0,0,0,0,1,29,0,0,0,0,0,0,0,1,0,0,1,1,0,1,1,0,1,1,0,0,0,0,0,0,0,0,0,0,0,0,0,0,0,0,0,0,0,0,0,0,0,0,0,1,0,0,9,3,4,3,3,0,3,0,0,0,0,0,0,0,0,0,0,0,0,0,0,0,0,0,0,0,0,0,0,0,0,0,0,0,0,0,0,0,0,0,0,0,0,0,0,0,0,0,0,0,0,0,0,0,1,0,0,1,0,0,1,1,0,0,0,0,0,0,0,0,0,0,0,0,0,0,0,0,0,0,0,0,0,0,0,0,0,3,0,0,11,4,7,3,3,0,2,0,0,0,0,0,0,0,0,0,0,0,0,0,0,0,0,0,0,0,0,0,0,0,0,0,0,0,0,0,3,0,0,0,0,0,0,0,0,0,0,0,0,0,0,1,0,0,1,1,0,2,1,0,2,1,0,0,0,0,0,0,0,0,0,0,0,0,0,0,0,0,0,0,0,0,0,0,0,0,0,0,0,0,0,0,0,0,0,0,1,0,0,0,0,0,0,0,0,0,0,0,0,0,0,0,0,0,0,0,0,0,0,0,0,0,0,0,0,0,0,0,0,0,0,0,0,0,0,0,0,0,0,0,0,2,0,0,8,3,7,1,2,0,0,0,0,0,0,0,0,0,0,0,0,0,0,0,0,0,0,0,0,0,0,0,0,0,0,0,0,0,0,0,0,0,0,0,0,0,0,0,0
MITRE,151373044800,100,0,0,0,0,94,40,179,16,0,183,11,51,26,26,53,34,18,8,0,0,0,0,111,15,172,6,0,234,2,35,148,50,168,350,137,186,0,0,0,0,59,14,307,7,0,294,2,146,961,665,2521,2651,652,961,0,0,0,0,59,14,307,7,0,294,2,146,961,665,2521,2651,659,972,0,0,0,0,0,0,6,0,0,3,1,19,19,91,156,184,37,228,0,0,0,0,2,0,10,2,0,10,0,7,8,8,11,11,8,3,0,0,0,0,9,4,25,1,0,9,0,1,4,0,0,1,0,0,0,0,0,0,70,33,143,13,0,125,9,40,18,20,34,19,11,2,0,0,0,0,7,4,17,1,0,1,0,1,2,0,3,1,1,0,0,0,0,0,0,0,0,0,0,1,0,0,0,0,5,2,1,1,0,0,0,0,2,0,3,4,0,19,2,9,11,13,34,22,12,6,0,0,0,0,1,0,4,1,0,2,0,3,7,3,5,1,1,3,0,0,0,0,87,36,163,15,0,177,11,45,16,15,22,13,6,2,0,0,0,0,0,0,1,0,0,9,0,0,0,1,4,4,0,0,0,0,0,0,3,0,15,0,0,19,2,11,8,9,19,12,5,0,0,0,0,0,7,1,27,3,0,18,0,10,10,9,18,12,9,3,0,0,0,0,0,0,0,0,0,1,0,0,1,2,4,0,1,2,0,0,0,0,3,3,4,0,0,3,0,0,2,0,4,2,0,1,0,0,0,0,0,0,0,0,0,0,0,0,0,0,0,0,0,0,0,0,0,0,0,0,0,0,0,0,0,0,0,0,0,0,0,0,0,0,0,0,81,36,131,12,0,140,9,30,5,6,8,8,3,2,0,0,0,0,0,0,0,0,0,0,0,0,0,0,0,0,0,0,0,0,0,0,0,0,2,1,0,2,0,0,0,0,0,0,0,0
Baptist Health South Florida,127900310965,37,0,0,0,0,2,2,40,10,0,68,15,35,50,96,122,93,54,17,0,0,0,0,0,0,45,5,0,34,3,498,20,40,754,333,107,81,0,0,0,0,2,0,129,71,0,309,49,12596,745,662,15772,7952,801,755,0,0,0,0,2,0,129,71,0,309,49,12596,745,662,15773,7952,855,771,0,0,0,0,0,0,7,10,0,24,5,586,28,66,1096,556,77,84,0,0,0,0,1,0,5,1,0,15,5,10,18,36,38,23,27,5,0,0,0,0,0,0,2,0,0,2,0,1,0,1,0,1,0,0,0,0,0,0,2,2,29,6,0,50,13,26,42,72,70,58,27,5,0,0,0,0,0,0,1,1,0,2,0,0,1,2,5,3,3,2,0,0,0,0,0,0,1,0,0,1,0,1,0,2,5,9,4,3,0,0,0,0,0,0,23,10,0,35,8,21,23,55,84,69,34,13,0,0,0,0,0,0,1,0,0,1,0,0,3,3,6,6,7,0,0,0,0,0,2,2,19,0,0,36,9,18,30,43,38,29,20,4,0,0,0,0,0,0,0,0,0,0,0,1,0,2,4,2,8,1,0,0,0,0,0,0,9,1,0,26,4,14,15,29,59,49,11,8,0,0,0,0,1,0,6,2,0,21,6,10,22,40,44,27,32,8,0,0,0,0,0,0,1,0,0,0,0,0,2,1,3,3,3,0,0,0,0,0,0,0,11,7,0,4,0,2,1,3,2,2,1,0,0,0,0,0,0,0,0,0,0,0,0,0,0,0,0,0,0,0,0,0,0,0,0,0,0,0,0,0,0,0,0,0,0,0,0,0,0,0,0,0,1,2,12,0,0,17,5,9,10,23,14,12,7,1,0,0,0,0,0,0,0,0,0,0,0,0,0,0,0,0,0,0,0,0,0,0,0,0,1,0,0,0,0,0,0,0,0,0,0,0
Cisco,134134190357,80,0,0,0,0,0,0,0,0,0,12,3,1,2,0,2,2,0,0,0,0,0,0,0,0,0,0,0,6,0,0,0,0,0,0,0,0,0,0,0,0,0,0,0,0,0,0,2,0,0,0,1,0,0,0,0,0,0,0,0,0,0,0,0,0,2,0,0,0,1,0,0,0,0,0,0,0,0,0,0,0,0,0,0,0,0,0,0,0,0,0,0,0,0,0,0,0,0,0,0,5,0,0,2,0,0,0,0,0,0,0,0,0,0,0,0,0,0,0,0,0,0,0,0,0,0,0,0,0,0,0,0,0,0,0,0,11,3,1,2,0,2,2,0,0,0,0,0,0,0,0,0,0,0,0,0,0,0,0,0,0,0,0,0,0,0,0,0,0,0,0,0,0,0,0,0,0,0,0,0,0,0,0,0,0,0,0,0,0,0,0,0,0,0,0,0,0,0,0,0,0,0,0,0,0,0,0,0,0,0,0,0,0,0,0,0,0,0,0,0,0,0,0,0,0,0,12,3,1,2,0,2,2,0,0,0,0,0,0,0,0,0,0,0,0,1,0,0,0,0,0,0,0,0,0,0,0,0,0,0,0,0,0,0,0,0,0,0,0,0,0,0,0,0,0,0,0,0,0,0,5,0,0,2,0,0,0,0,0,0,0,0,0,0,0,0,0,0,0,0,0,0,0,0,0,0,0,0,0,0,0,0,0,0,0,0,0,0,0,0,0,0,0,0,0,0,0,0,0,0,0,0,0,0,0,0,0,0,0,0,0,0,0,0,0,0,0,0,0,0,0,0,0,0,0,0,0,0,0,0,0,0,0,0,0,0,0,0,0,0,7,3,1,0,0,2,2,0,0,0,0,0,0,0,0,0,0,0,0,0,0,0,0,0,0,0,0,0,0,0,0,0,0,0,0,0,0,0,0,0,0,0,0,0,0
NetApp,144947005540685,5,0,0,0,0,0,0,3,0,0,0,0,0,1,1,0,0,1,0,0,0,0,0,0,0,1,0,0,0,0,0,2,1,0,0,0,0,0,0,0,0,0,0,0,0,0,0,0,0,0,0,0,0,0,0,0,0,0,0,0,0,0,0,0,0,0,0,0,0,0,0,0,0,0,0,0,0,0,0,0,0,0,0,0,0,0,0,0,0,0,0,0,0,0,0,0,0,0,0,0,0,0,0,0,0,0,0,0,0,0,0,0,0,0,0,0,0,0,0,0,0,0,0,0,0,0,0,0,0,0,0,0,0,3,0,0,0,0,0,0,0,0,0,1,0,0,0,0,0,0,0,0,0,0,0,0,0,0,0,0,0,0,0,0,0,0,0,0,0,0,0,0,0,0,0,0,0,0,0,0,0,0,0,0,0,0,0,0,0,0,0,0,0,0,0,0,0,0,0,0,0,0,0,0,0,0,0,0,0,0,0,0,0,0,0,0,0,0,0,0,0,0,0,3,0,0,0,0,0,1,1,0,0,1,0,0,0,0,0,0,0,0,0,0,0,0,0,0,0,0,0,0,0,0,0,0,0,0,0,0,0,0,0,0,0,0,0,0,0,0,0,0,0,0,0,0,0,0,0,0,0,0,0,0,0,0,0,0,0,0,0,0,0,0,0,0,0,0,0,0,0,0,0,0,0,0,0,0,0,0,0,0,0,0,0,0,0,0,0,0,0,0,0,0,0,0,0,0,0,0,0,0,0,0,0,0,0,0,0,0,0,0,0,0,0,0,0,0,0,0,0,0,0,0,0,0,0,0,0,0,0,0,0,0,0,0,0,3,0,0,0,0,0,1,1,0,0,1,0,0,0,0,0,0,0,0,0,0,0,0,0,0,0,0,0,0,0,0,0,0,0,0,0,0,0,0,0,0,0,0,0,0,0,0,0
Capital One,131080263606125,87,0,0,0,0,0,0,9,0,0,74,40,153,263,370,409,228,208,107,0,0,0,0,0,0,16,0,0,530,215,960,400,655,792,242,254,126,0,0,0,0,0,0,150,0,0,13925,8547,39140,6620,11256,7323,2419,1754,1234,0,0,0,0,0,0,150,0,0,13925,8547,39140,6620,11256,7323,2419,1805,1277,0,0,0,0,0,0,14,0,0,1276,0,0,10,18,21,3,4,14,0,0,0,0,0,0,0,0,0,30,0,0,10,15,20,6,14,5,0,0,0,0,0,0,0,0,0,0,40,153,45,56,80,63,46,18,0,0,0,0,0,0,6,0,0,45,39,149,190,226,207,131,104,70,0,0,0,0,0,0,1,0,0,4,40,146,39,50,76,59,42,17,0,0,0,0,0,0,2,0,0,0,0,0,4,1,2,1,1,1,0,0,0,0,0,0,9,0,0,74,0,0,13,13,14,5,13,2,0,0,0,0,0,0,0,0,0,5,1,5,4,6,16,7,9,7,0,0,0,0,0,0,0,0,0,1,0,8,224,320,335,170,157,88,0,0,0,0,0,0,0,0,0,0,0,0,1,0,0,0,4,0,0,0,0,0,0,0,4,0,0,20,0,0,32,34,32,21,22,6,0,0,0,0,0,0,1,0,0,34,11,43,40,42,57,43,39,12,0,0,0,0,0,0,0,0,0,2,0,0,0,1,1,0,0,1,0,0,0,0,0,0,4,0,0,18,13,20,7,20,22,12,6,1,0,0,0,0,0,0,0,0,0,0,0,0,0,0,0,0,0,0,0,0,0,0,0,0,0,0,0,0,0,0,0,0,0,0,0,0,0,0,0,0,0,0,0,0,0,0,0,0,181,267,280,140,128,78,0,0,0,0,0,0,0,0,0,0,0,0,0,0,0,0,0,0,0,0,0,0,0,0,0,0,0,0,16,90,3,6,17,12,13,9
Kiewit Corporation,210762462323361,126,0,0,0,0,0,0,0,0,0,1,0,0,0,0,0,0,0,0,0,0,0,0,0,0,0,0,0,0,0,0,0,0,0,0,0,0,0,0,0,0,0,0,0,0,0,3,0,0,0,0,0,0,0,0,0,0,0,0,0,0,0,0,0,3,0,0,0,0,0,0,0,0,0,0,0,0,0,0,0,0,0,0,0,0,0,0,0,0,0,0,0,0,0,0,0,0,0,0,0,1,0,0,0,0,0,0,0,0,0,0,0,0,0,0,0,0,0,0,0,0,0,0,0,0,0,0,0,0,0,0,0,0,0,0,0,1,0,0,0,0,0,0,0,0,0,0,0,0,0,0,0,0,0,0,0,0,0,0,0,0,0,0,0,0,0,0,0,0,0,0,0,0,0,0,0,0,0,0,0,0,0,0,0,0,0,0,0,0,0,1,0,0,0,0,0,0,0,0,0,0,0,0,0,0,0,0,0,0,0,0,0,0,0,0,0,0,0,0,0,0,0,0,0,0,0,0,0,0,0,0,0,0,0,0,0,0,0,0,0,0,0,0,0,0,0,0,0,0,0,0,0,0,0,0,0,0,0,0,0,0,0,0,0,0,0,0,0,0,0,0,0,0,0,0,0,0,0,0,0,1,0,0,0,0,0,0,0,0,0,0,0,0,0,0,0,0,0,0,0,0,0,0,0,0,0,0,0,0,0,0,0,0,0,0,0,0,0,0,0,0,0,0,0,0,0,0,0,0,0,0,0,0,0,0,0,0,0,0,0,0,0,0,0,0,0,0,0,0,0,0,0,0,0,0,0,0,0,0,0,0,0,0,0,0,0,0,0,0,0,0,0,0,0,0,0,0,0,0,0,0,0,0,0,0,0,0,0,0,0,0,0,0,0,0,0,0,0,0,0,0,0,0,0,0,0,0,0,0,0,0,0,0,0,0
Umpqua Bank,136874746358544,63,0,0,0,0,0,0,11,2,1,227,38,121,46,107,121,96,52,20,0,0,0,0,0,0,3,3,1,241,41,104,33,70,101,75,34,22,0,0,0,0,0,0,8,0,0,318,178,1155,313,636,700,574,285,180,0,0,0,0,0,0,8,0,0,318,178,1155,313,636,700,574,300,183,0,0,0,0,0,0,2,0,0,6,10,98,24,42,71,68,47,30,0,0,0,0,0,0,2,0,0,15,7,19,13,29,27,22,17,5,0,0,0,0,0,0,0,0,0,32,1,2,0,1,0,0,0,0,0,0,0,0,0,0,8,1,0,69,18,70,30,62,60,43,31,10,0,0,0,0,0,0,0,0,0,31,0,6,2,2,10,6,2,3,0,0,0,0,0,0,0,0,0,1,0,3,0,2,4,2,6,3,0,0,0,0,0,0,2,0,0,12,10,50,21,61,65,60,35,10,0,0,0,0,0,0,0,0,0,4,1,0,2,1,4,3,1,2,0,0,0,0,0,0,9,2,1,197,30,78,27,50,60,38,19,10,0,0,0,0,0,0,0,0,0,0,0,0,1,0,6,2,3,0,0,0,0,0,0,0,3,0,0,13,10,38,14,27,21,29,17,4,0,0,0,0,0,0,2,0,0,36,8,30,16,33,40,28,19,8,0,0,0,0,0,0,0,0,0,0,0,0,0,1,1,0,0,2,0,0,0,0,0,0,1,0,0,8,1,4,1,13,6,7,4,0,0,0,0,0,0,0,0,0,0,0,0,0,0,0,0,0,0,0,0,0,0,0,0,0,0,0,0,0,0,0,0,0,0,0,0,0,0,0,0,0,0,0,5,2,1,166,19,49,15,33,53,32,12,6,0,0,0,0,0,0,0,0,0,0,0,0,0,0,0,0,0,0,0,0,0,0,0,0,0,0,0,4,0,0,0,0,0,0,0,0
Publix Super Markets,209968985766607,72,0,0,0,0,0,0,0,0,0,43,16,58,46,66,26,38,18,10,0,0,0,0,0,0,0,0,0,93,33,156,68,100,105,47,25,8,0,0,0,0,0,0,0,0,0,34,8,45,41,37,963,73,21,13,0,0,0,0,0,0,0,0,0,34,8,45,41,37,963,73,21,13,0,0,0,0,0,0,0,0,0,0,0,0,3,1,103,1,0,0,0,0,0,0,0,0,0,0,0,0,0,1,0,1,0,1,1,0,0,0,0,0,0,0,0,0,0,0,0,0,0,0,1,0,0,0,0,0,0,0,0,0,0,0,0,5,1,3,2,5,2,4,2,3,0,0,0,0,0,0,0,0,0,0,0,0,0,0,0,0,0,0,0,0,0,0,0,0,0,0,0,0,0,0,1,1,0,1,0,0,0,0,0,0,0,0,0,0,0,0,0,0,0,3,2,1,0,0,0,0,0,0,0,0,0,0,0,0,0,0,0,0,0,0,0,1,0,0,0,0,0,0,0,0,0,43,16,58,46,65,24,38,18,10,0,0,0,0,0,0,0,0,0,1,0,0,0,0,1,0,0,0,0,0,0,0,0,0,0,0,0,4,0,2,8,2,4,6,1,3,0,0,0,0,0,0,0,0,0,0,0,1,0,1,0,1,1,0,0,0,0,0,0,0,0,0,0,0,0,0,0,0,0,0,0,1,0,0,0,0,0,0,0,0,0,0,0,0,0,0,1,0,0,0,0,0,0,0,0,0,0,0,0,0,0,0,0,0,0,0,0,0,0,0,0,0,0,0,0,0,0,0,0,0,0,0,0,0,0,0,0,0,0,0,0,0,0,0,0,39,16,55,38,63,21,31,16,6,0,0,0,0,0,0,0,0,0,0,0,0,0,0,0,0,0,0,0,0,0,0,0,0,0,0,0,0,0,0,0,0,0,0,0,0
Vanderbilt University,99104920858,110,0,0,0,0,2,1,74,4,0,135,28,92,50,62,132,77,59,17,0,0,0,0,5,1,34,0,0,158,22,93,30,37,170,183,45,20,0,0,0,0,7,0,56,0,0,277,33,1081,236,178,2457,4691,277,490,0,0,0,0,7,0,56,0,0,277,33,1081,236,178,2457,4691,285,513,0,0,0,0,0,0,3,0,0,22,5,34,16,58,3,0,38,87,0,0,0,0,0,0,37,2,0,21,7,18,11,19,15,6,25,7,0,0,0,0,0,0,9,0,0,3,0,1,1,1,54,39,4,1,0,0,0,0,0,0,54,4,0,69,10,40,31,41,105,56,34,13,0,0,0,0,0,0,0,0,0,6,0,2,2,1,48,35,1,0,0,0,0,0,0,0,0,0,0,2,0,1,0,0,0,0,2,0,0,0,0,0,1,0,15,1,0,37,5,10,12,14,2,4,28,11,0,0,0,0,0,0,4,0,0,2,1,0,0,4,2,3,3,1,0,0,0,0,1,1,61,4,0,103,24,83,38,50,86,42,32,8,0,0,0,0,0,0,0,0,0,1,0,0,0,2,1,0,3,1,0,0,0,0,0,0,0,0,0,23,1,10,15,9,39,12,16,5,0,0,0,0,0,0,47,4,0,29,7,22,13,23,38,28,27,7,0,0,0,0,0,0,0,0,0,0,0,0,0,1,0,1,1,1,0,0,0,0,1,0,7,0,0,10,0,0,1,1,7,8,0,0,0,0,0,0,0,0,0,0,0,0,0,0,0,0,0,0,0,0,0,0,0,0,0,0,0,0,0,0,0,0,0,0,0,0,0,0,0,0,0,0,1,1,20,0,0,71,20,60,21,28,30,22,15,4,0,0,0,0,0,0,0,0,0,0,0,0,0,0,0,0,0,0,0,0,0,0,0,0,0,0,0,2,0,0,0,0,18,6,0,0
Starbucks,22092443056,67,1,8,0,2,70,43,138,5,0,111,34,54,20,42,10,31,50,13,0,0,0,0,26,15,137,1,0,89,137,105,35,71,89,31,44,39,0,0,0,0,30,26,284,11,0,198,271,177,72,792,5500,131,364,182,0,0,0,0,30,26,284,11,0,198,271,177,72,792,5500,131,393,195,0,0,0,0,0,0,0,0,0,3,30,29,3,0,0,1,12,0,0,0,0,0,0,0,0,0,0,1,2,7,1,1,1,2,7,0,0,0,0,0,2,3,14,0,0,16,2,5,3,9,7,6,0,3,1,8,0,2,61,40,103,4,0,88,21,28,10,26,9,20,31,5,0,0,0,0,2,3,10,0,0,14,2,4,3,9,6,6,2,3,0,0,0,0,0,0,0,0,0,1,0,0,1,1,1,2,1,2,0,0,0,0,0,2,1,0,0,5,0,0,2,1,0,1,14,1,0,0,0,0,0,0,0,0,0,0,0,0,0,0,0,0,4,0,1,8,0,2,68,40,128,5,0,97,32,50,18,33,4,25,37,9,0,0,0,0,0,1,0,0,0,0,0,1,0,0,0,0,3,0,0,0,0,0,0,2,12,0,0,7,12,6,7,8,1,4,14,5,0,0,0,0,1,1,1,0,0,6,2,8,2,3,3,4,9,3,0,0,0,0,0,0,0,0,0,0,0,0,0,0,0,0,1,0,0,0,0,0,1,2,6,0,0,5,0,0,1,3,1,2,0,0,0,0,0,0,0,0,0,0,0,0,0,0,0,0,0,0,0,0,0,0,0,0,0,0,0,0,0,0,0,0,0,0,0,0,0,0,1,8,0,2,68,38,115,4,0,88,18,36,9,24,2,19,26,5,0,0,0,0,0,0,0,0,0,0,0,0,0,0,0,0,0,0,0,0,0,0,0,0,4,1,0,5,2,4,1,4,3,2,0,0
Kimpton Hotels & Restaurants,51530158577,15,0,0,36,15,139,45,384,27,0,260,36,168,81,104,132,108,101,32,0,0,23,12,58,11,295,16,0,204,34,102,78,94,890,1556,5314,161,0,0,15,2,97,45,722,23,0,799,264,622,5458,526,22975,66064,43071,9266,0,0,15,2,97,45,722,23,0,799,264,622,5458,526,22977,66066,43365,9291,0,0,0,0,0,0,2,0,0,7,0,0,0,0,0,2,6520,109,0,0,0,0,8,2,33,3,0,29,3,16,7,4,9,6,46,16,0,0,1,0,46,15,239,9,0,137,16,66,35,42,72,60,0,0,0,0,24,8,123,40,328,20,0,205,21,115,49,60,81,63,15,5,0,0,0,0,46,15,235,8,0,139,16,66,35,42,70,59,14,2,0,0,0,0,0,0,0,0,0,3,0,3,1,5,4,2,1,5,0,0,0,0,0,2,10,0,0,8,2,8,5,4,4,4,75,24,0,0,0,0,1,0,8,0,0,7,0,4,2,2,1,3,4,0,0,0,36,15,93,30,156,19,0,126,20,103,46,63,63,49,26,8,0,0,0,0,0,0,1,0,0,0,0,0,0,0,0,0,19,5,0,0,14,0,9,2,16,7,0,20,5,35,3,15,13,13,19,7,0,0,0,0,38,12,205,6,0,129,8,50,35,31,48,46,60,18,0,0,0,0,0,0,1,0,0,0,0,0,0,0,0,0,3,0,0,0,0,0,16,5,49,5,0,11,1,1,1,2,10,6,2,1,0,0,0,0,0,0,0,0,0,0,0,0,0,0,0,0,0,0,0,0,0,0,0,0,0,0,0,0,0,0,0,0,0,0,0,0,0,0,22,15,76,26,89,9,0,68,12,51,35,43,39,30,17,6,0,0,0,0,0,0,0,0,0,0,0,0,0,0,0,0,0,0,0,0,0,0,0,0,24,0,0,32,10,31,7,13,22,13,0,0
Sherwin-Williams,309180132920,111,0,0,0,0,33,14,227,17,1,421,120,369,269,406,534,300,287,81,0,0,0,0,23,0,125,5,0,736,222,563,575,990,1402,471,346,58,0,0,0,0,18,0,161,12,0,1928,1224,6199,2602,5477,14445,3917,5498,593,0,0,0,0,18,0,161,12,0,1928,1224,6199,2602,5477,14446,3918,5771,604,0,0,0,0,9,0,19,4,0,15,5,3,12,33,4,7,13,4,0,0,0,0,3,2,30,4,0,35,1,16,7,9,10,12,10,5,0,0,0,0,1,1,67,2,0,59,34,91,106,177,295,173,196,29,0,0,0,0,25,14,184,13,1,256,66,206,153,243,368,204,209,51,0,0,0,0,0,0,63,2,0,58,33,87,99,173,289,171,186,28,0,0,0,0,0,0,0,0,0,7,0,6,5,6,1,2,5,2,0,0,0,0,2,2,9,0,0,16,4,19,12,10,12,6,15,8,0,0,0,0,0,0,5,0,0,10,1,2,13,11,17,18,19,3,0,0,0,0,32,12,166,15,1,367,90,291,171,237,246,131,89,46,0,0,0,0,0,0,0,0,0,2,0,2,0,0,0,0,0,4,0,0,0,0,4,1,18,2,0,60,21,57,60,70,59,33,41,18,0,0,0,0,4,2,77,7,0,83,15,43,61,77,131,69,98,15,0,0,0,0,0,0,0,0,0,0,0,0,0,0,0,1,1,2,0,0,0,0,1,2,20,0,0,4,0,4,29,35,64,30,45,8,0,0,0,0,0,0,0,0,0,0,0,0,0,0,0,0,0,0,0,0,0,0,0,0,0,0,0,0,0,0,0,0,0,0,0,0,0,0,0,0,24,9,107,8,1,252,62,203,95,154,174,80,49,28,0,0,0,0,0,0,0,0,0,0,0,0,0,0,0,0,0,0,0,0,0,0,0,0,5,0,0,22,22,62,24,70,106,87,53,10
SAS,140344030787,3,0,0,0,0,0,0,0,0,0,90,65,90,0,1,16,7,52,22,0,0,0,0,0,0,0,0,0,206,151,163,0,1,15,7,77,173,0,0,0,0,0,0,0,0,0,2309,80,334,0,0,36,3,127,7401,0,0,0,0,0,0,0,0,0,2309,80,334,0,0,36,3,134,7794,0,0,0,0,0,0,0,0,0,2,0,1,0,0,0,0,23,957,0,0,0,0,0,0,0,0,0,7,3,7,0,0,2,0,3,0,0,0,0,0,0,0,0,0,0,2,2,1,0,0,1,0,0,0,0,0,0,0,0,0,0,0,0,22,16,24,0,0,4,1,7,3,0,0,0,0,0,0,0,0,0,1,2,1,0,0,1,0,0,2,0,0,0,0,0,0,0,0,0,2,0,0,0,0,0,0,2,0,0,0,0,0,0,0,0,0,0,0,2,2,0,0,0,1,7,4,0,0,0,0,0,0,0,0,0,1,0,1,0,0,0,0,3,0,0,0,0,0,0,0,0,0,0,89,64,89,0,1,15,7,45,18,0,0,0,0,0,0,0,0,0,0,1,0,0,0,0,0,0,0,0,0,0,0,0,0,0,0,0,0,0,0,0,0,0,0,6,4,0,0,0,0,0,0,0,0,0,10,6,9,0,0,2,1,3,2,0,0,0,0,0,0,0,0,0,0,0,0,0,0,0,0,3,0,0,0,0,0,0,0,0,0,0,0,0,0,0,0,0,0,0,0,0,0,0,0,0,0,0,0,0,0,0,0,0,0,0,0,0,0,0,0,0,0,0,0,0,0,0,0,0,0,0,0,0,0,0,0,0,0,0,0,0,0,0,0,0,80,59,80,0,1,13,6,40,16,0,0,0,0,0,0,0,0,0,0,0,0,0,0,0,0,0,0,0,0,0,0,0,0,0,0,0,0,0,1,0,0,1,0,0,0
SVB Financial Group,17979232866,35,0,0,0,0,0,0,8,0,0,32,8,29,15,24,70,36,49,19,0,0,0,0,0,0,6,0,0,85,10,23,3,17,79,53,47,14,0,0,0,0,0,0,46,0,0,298,84,361,109,239,2023,1190,1133,433,0,0,0,0,0,0,46,0,0,298,84,361,109,239,2023,1190,1153,446,0,0,0,0,0,0,3,0,0,44,10,40,23,22,154,47,98,50,0,0,0,0,0,0,3,0,0,22,4,16,10,9,30,9,25,9,0,0,0,0,0,0,0,0,0,0,0,2,0,0,0,0,1,0,0,0,0,0,0,0,5,0,0,12,5,20,12,14,36,19,31,11,0,0,0,0,0,0,0,0,0,0,0,1,1,2,4,2,2,1,0,0,0,0,0,0,0,0,0,0,0,2,0,2,0,3,1,2,0,0,0,0,0,0,8,0,0,29,6,23,12,22,66,32,43,14,0,0,0,0,0,0,1,0,0,7,1,5,2,1,6,2,5,1,0,0,0,0,0,0,1,0,0,4,2,8,5,4,4,5,6,5,0,0,0,0,0,0,0,0,0,0,0,0,1,0,3,1,2,0,0,0,0,0,0,0,0,0,0,4,3,9,2,8,30,20,19,5,0,0,0,0,0,0,3,0,0,22,4,17,11,11,35,11,28,11,0,0,0,0,0,0,0,0,0,0,0,0,0,1,1,1,1,0,0,0,0,0,0,0,4,0,0,4,0,0,0,2,3,2,0,1,0,0,0,0,0,0,0,0,0,0,0,0,0,0,0,0,0,0,0,0,0,0,0,0,0,0,0,0,0,0,0,0,0,0,0,0,0,0,0,0,0,0,1,0,0,2,1,3,2,2,1,2,1,2,0,0,0,0,0,0,0,0,0,0,0,0,0,0,0,0,0,0,0,0,0,0,0,0,0,0,0,0,0,0,0,0,0,0,0,0
American Fidelity Assurance,333011163569,42,0,0,0,0,0,0,0,0,0,0,0,0,0,0,6,2,0,0,0,0,0,0,0,0,0,0,0,0,0,0,0,0,8,2,0,0,0,0,0,0,0,0,0,0,0,0,0,0,0,0,11,2,0,0,0,0,0,0,0,0,0,0,0,0,0,0,0,0,11,2,0,0,0,0,0,0,0,0,0,0,0,0,0,0,0,0,2,0,0,0,0,0,0,0,0,0,0,0,0,0,0,0,0,0,0,0,0,0,0,0,0,0,0,0,0,0,0,0,0,0,0,0,0,0,0,0,0,0,0,0,0,0,0,0,0,0,0,0,0,0,1,0,0,0,0,0,0,0,0,0,0,0,0,0,0,0,0,0,0,1,0,0,0,0,0,0,0,0,0,0,0,0,0,0,0,0,0,0,0,0,0,0,0,0,0,0,0,0,0,0,0,0,0,0,2,1,0,0,0,0,0,0,0,0,0,0,0,0,0,0,0,0,0,0,0,0,0,0,0,0,0,0,0,0,0,0,0,0,0,0,4,1,0,0,0,0,0,0,0,0,0,0,0,0,0,0,0,0,0,0,0,0,0,0,0,0,0,0,0,0,0,0,0,0,0,0,2,0,0,0,0,0,0,0,0,0,0,0,0,0,0,0,0,0,0,1,0,0,0,0,0,0,0,0,0,0,0,0,0,0,0,0,0,0,0,0,0,0,0,0,0,0,0,0,0,0,0,0,0,0,0,0,0,0,0,0,0,0,0,0,0,0,0,0,0,0,0,0,0,0,0,0,0,0,0,0,0,0,0,0,0,0,0,0,0,0,0,0,0,0,0,0,0,0,0,0,0,0,0,0,0,0,0,0,4,1,0,0,0,0,0,0,0,0,0,0,0,0,0,0,0,0,0,0,0,0,0,0,0,0,0,0,0,0,0,0,0,0,0,0,0,0,0,0
Roche Diagnostics,116286801731230,117,0,0,0,0,6,2,37,1,0,29,12,34,14,19,35,22,46,12,0,0,0,0,12,2,58,0,0,34,10,20,1,7,31,12,49,5,0,0,0,0,1,0,21,5,0,17,5,42,2,22,155,49,713,118,0,0,0,0,1,0,21,5,0,17,5,42,2,22,155,49,727,120,0,0,0,0,0,0,2,0,0,3,1,0,0,5,13,0,212,10,0,0,0,0,1,0,12,0,0,2,4,5,1,7,7,4,24,6,0,0,0,0,0,0,0,0,0,1,0,0,1,0,0,0,0,0,0,0,0,0,1,0,18,1,0,14,8,22,13,14,16,10,29,7,0,0,0,0,0,0,0,0,0,0,0,0,1,2,0,0,3,0,0,0,0,0,0,0,0,0,0,0,1,0,0,0,0,0,3,2,0,0,0,0,0,0,1,0,0,4,1,4,2,5,7,4,34,7,0,0,0,0,0,0,3,0,0,0,0,1,1,0,2,0,8,0,0,0,0,0,6,2,36,1,0,28,11,31,14,16,29,19,12,5,0,0,0,0,0,0,0,0,0,0,1,0,0,0,0,1,1,1,0,0,0,0,0,0,0,1,0,1,1,5,1,2,7,3,7,2,0,0,0,0,1,0,12,0,0,3,4,5,3,9,7,5,27,6,0,0,0,0,0,0,2,0,0,0,0,0,0,0,0,0,4,0,0,0,0,0,0,0,0,0,0,1,0,0,0,1,0,1,3,1,0,0,0,0,0,0,0,0,0,0,0,0,0,0,0,0,0,0,0,0,0,0,0,0,0,0,0,0,0,0,0,0,0,0,0,0,0,0,0,0,5,2,23,0,0,24,7,24,10,7,21,13,5,3,0,0,0,0,0,0,0,0,0,0,0,0,0,0,0,0,0,0,0,0,0,0,0,0,0,0,0,0,0,0,0,0,0,0,0,0
PCL Construction Enterprises,109150299248234,26,0,0,0,0,0,0,0,0,0,0,8,24,11,17,2,0,1,0,0,0,0,0,0,0,0,0,0,0,9,27,14,7,0,0,0,0,0,0,0,0,0,0,0,0,0,0,26,67,37,53,65,0,2,0,0,0,0,0,0,0,0,0,0,0,26,67,37,53,65,0,2,0,0,0,0,0,0,0,0,0,0,0,2,4,2,8,0,0,2,0,0,0,0,0,0,0,0,0,0,0,1,4,1,6,1,0,1,0,0,0,0,0,0,0,0,0,0,0,0,0,0,0,0,0,0,0,0,0,0,0,0,0,0,0,0,0,1,11,3,11,2,0,1,0,0,0,0,0,0,0,0,0,0,0,0,0,0,0,0,0,0,0,0,0,0,0,0,0,0,0,0,0,0,1,1,0,0,0,0,0,0,0,0,0,0,0,0,0,0,0,2,7,5,12,1,0,1,0,0,0,0,0,0,0,0,0,0,0,0,1,1,1,0,0,0,0,0,0,0,0,0,0,0,0,0,0,6,19,6,5,1,0,0,0,0,0,0,0,0,0,0,0,0,0,0,0,0,0,0,0,0,0,0,0,0,0,0,0,0,0,0,0,2,1,1,3,0,0,0,0,0,0,0,0,0,0,0,0,0,0,1,4,1,6,1,0,1,0,0,0,0,0,0,0,0,0,0,0,0,0,1,0,0,0,0,0,0,0,0,0,0,0,0,0,0,0,0,1,2,3,0,0,0,0,0,0,0,0,0,0,0,0,0,0,0,0,0,0,0,0,0,0,0,0,0,0,0,0,0,0,0,0,0,0,0,0,0,0,0,0,0,0,0,0,0,0,0,0,0,0,5,18,6,5,1,0,0,0,0,0,0,0,0,0,0,0,0,0,0,0,0,0,0,0,0,0,0,0,0,0,0,0,0,0,0,0,0,0,0,0,0,0,0,0
Methodist Hospital System,113508065350010,48,0,0,0,0,0,0,2,0,0,3,1,7,7,19,25,16,8,1,0,0,0,0,0,0,1,0,0,8,2,0,0,6,12,7,10,1,0,0,0,0,0,0,0,0,0,71,2,13,10,138,352,187,257,0,0,0,0,0,0,0,0,0,0,71,2,13,10,138,352,187,272,0,0,0,0,0,0,0,0,0,0,3,0,3,2,18,36,8,52,0,0,0,0,0,0,0,0,0,0,0,0,2,6,10,13,10,4,0,0,0,0,0,0,0,0,0,0,0,0,0,0,0,0,0,0,0,0,0,0,0,0,0,1,0,0,2,0,7,7,17,17,12,5,0,0,0,0,0,0,0,0,0,0,0,0,2,0,1,0,1,2,0,0,0,0,0,0,0,0,0,0,0,0,0,0,0,0,2,0,0,0,0,0,0,0,0,0,0,0,2,1,5,2,9,16,7,7,0,0,0,0,0,0,0,0,0,0,0,0,1,1,1,3,0,2,0,0,0,0,0,0,0,2,0,0,1,1,3,5,11,10,9,1,1,0,0,0,0,0,0,0,0,0,0,0,0,0,0,4,1,0,0,0,0,0,0,0,0,0,0,0,0,0,1,0,3,4,5,1,0,0,0,0,0,0,0,0,0,0,0,0,5,6,13,13,11,6,0,0,0,0,0,0,0,0,0,0,0,0,0,0,0,0,0,0,0,0,0,0,0,0,0,0,0,0,2,0,0,1,0,3,0,0,0,0,0,0,0,0,0,0,0,0,0,0,0,0,0,0,0,0,0,0,0,0,0,0,0,0,0,0,0,0,0,0,0,0,0,0,0,0,0,0,0,0,0,2,0,0,1,1,1,0,3,5,0,1,1,0,0,0,0,0,0,0,0,0,0,0,0,0,0,0,0,0,0,0,0,0,0,0,0,0,0,0,0,0,0,0,0,0,0,0,0
FactSet Research Systems,47276510407,69,0,0,0,0,3,6,16,6,0,15,5,18,5,8,15,12,10,4,0,0,0,0,11,3,20,4,0,9,1,14,1,3,1,2,3,0,0,0,0,0,2,1,19,6,0,4,0,37,5,56,27,32,20,24,0,0,0,0,2,1,19,6,0,4,0,37,5,56,27,32,20,24,0,0,0,0,0,0,0,0,0,0,0,0,0,6,5,3,3,0,0,0,0,0,0,0,1,0,0,0,0,4,1,1,10,4,4,0,0,0,0,0,2,0,3,5,0,0,0,1,0,0,0,0,0,0,0,0,0,0,1,4,8,2,0,6,4,9,3,6,14,9,6,4,0,0,0,0,0,0,0,0,0,0,0,0,0,0,0,2,0,0,0,0,0,0,0,0,0,0,0,0,0,0,0,0,0,0,0,0,0,0,0,0,0,0,1,0,0,0,0,2,2,6,10,8,6,3,0,0,0,0,0,0,0,0,0,0,0,1,0,0,0,0,0,0,0,0,0,0,3,6,15,6,0,15,5,16,3,2,5,4,5,1,0,0,0,0,0,0,0,0,0,0,0,0,0,0,0,0,1,0,0,0,0,0,2,0,9,5,0,0,0,3,0,5,1,4,4,2,0,0,0,0,0,0,1,0,0,0,0,4,1,1,10,6,4,0,0,0,0,0,0,0,0,0,0,0,0,0,0,0,0,0,0,0,0,0,0,0,0,0,0,0,0,0,0,0,1,2,2,1,0,1,0,0,0,0,0,0,0,0,0,0,0,0,0,0,0,0,0,0,0,0,0,0,0,0,0,0,0,0,0,0,0,0,0,0,0,0,0,0,0,0,1,6,6,1,0,15,5,11,3,0,2,1,2,1,0,0,0,0,0,0,0,0,0,0,0,0,0,0,0,0,0,0,0,0,0,0,0,0,0,0,0,0,0,0,0,0,0,0,0,0
Gilbane,258541740902855,95,0,0,0,0,0,0,0,0,0,0,0,0,0,1,2,1,1,0,0,0,0,0,0,0,0,0,0,0,0,0,0,0,0,0,0,0,0,0,0,0,0,0,0,0,0,0,0,0,0,0,5,3,0,0,0,0,0,0,0,0,0,0,0,0,0,0,0,0,5,3,0,0,0,0,0,0,0,0,0,0,0,0,0,0,0,0,1,0,0,0,0,0,0,0,0,0,0,0,0,0,0,0,0,1,0,0,1,0,0,0,0,0,0,0,0,0,0,0,0,0,0,0,0,0,0,0,0,0,0,0,0,0,0,0,0,0,0,0,0,1,2,0,1,0,0,0,0,0,0,0,0,0,0,0,0,0,0,0,0,0,0,0,0,0,0,0,0,0,0,0,0,0,0,0,0,0,0,0,0,0,0,0,0,0,0,0,0,0,0,0,0,0,0,0,1,1,1,0,0,0,0,0,0,0,0,0,0,0,0,0,0,0,0,0,0,0,0,0,0,0,0,0,0,0,0,0,0,0,0,1,1,0,1,0,0,0,0,0,0,0,0,0,0,0,0,0,0,0,0,0,0,0,0,0,0,0,0,0,0,0,0,0,0,0,0,0,1,0,0,0,0,0,0,0,0,0,0,0,0,0,0,0,0,1,0,0,1,0,0,0,0,0,0,0,0,0,0,0,0,0,0,0,0,0,0,0,0,0,0,0,0,0,0,0,0,0,0,0,0,0,0,1,0,0,0,0,0,0,0,0,0,0,0,0,0,0,0,0,0,0,0,0,0,0,0,0,0,0,0,0,0,0,0,0,0,0,0,0,0,0,0,0,0,0,0,0,0,0,0,0,0,0,0,0,1,0,0,0,0,0,0,0,0,0,0,0,0,0,0,0,0,0,0,0,0,0,0,0,0,0,0,0,0,0,0,0,0,0,0,0,0,0,0,0
Herman Miller,162638622561,108,0,0,3,0,14,5,124,10,0,356,46,156,140,156,196,144,111,25,0,0,5,0,18,40,74,10,0,273,16,78,56,51,77,82,157,31,0,0,0,0,24,209,303,18,0,2020,328,1422,779,1085,3441,2289,8759,1281,0,0,0,0,24,209,303,18,0,2020,328,1422,779,1085,3441,2293,8970,1306,0,0,0,0,1,0,36,0,0,218,105,423,90,172,271,112,909,88,0,0,0,0,5,0,50,0,0,31,9,46,45,56,69,50,53,7,0,0,0,0,0,0,6,1,0,218,0,4,3,0,2,1,0,0,0,0,1,0,8,2,96,6,0,325,35,120,102,115,142,104,76,17,0,0,0,0,0,0,15,2,0,217,5,9,8,14,19,10,4,0,0,0,0,0,0,0,0,0,0,0,0,1,5,11,7,7,7,5,0,0,0,0,0,1,62,1,0,10,29,92,118,127,168,123,91,21,0,0,0,0,0,0,5,0,0,18,0,4,3,11,8,13,5,2,0,0,3,0,14,4,72,10,0,146,20,69,31,35,32,26,21,4,0,0,0,0,0,0,0,0,0,1,0,0,2,2,9,6,11,3,0,0,0,0,2,0,18,2,0,42,30,74,65,65,77,67,38,13,0,0,0,0,6,0,73,3,0,189,15,60,56,73,93,63,57,8,0,0,0,0,0,0,0,0,0,1,0,0,0,3,3,1,1,0,0,0,0,0,0,1,11,0,0,11,0,3,10,5,5,4,3,2,0,0,0,0,0,0,0,0,0,0,0,0,0,0,0,0,0,0,0,0,0,0,0,0,0,0,0,0,0,0,0,0,0,0,0,0,0,0,3,0,6,4,22,5,0,51,1,19,9,10,18,9,12,2,0,0,0,0,0,0,0,0,0,0,0,0,0,0,0,0,0,0,0,0,0,0,0,0,0,0,0,62,0,0,0,0,0,0,0,0
Mayo Clinic,7673082516,65,3,1,18,16,202,77,704,95,0,1262,359,995,447,616,821,542,490,108,0,0,2,0,169,45,708,81,0,832,862,1216,274,1020,6777,603,558,269,0,0,7,2,168,103,1336,72,0,5599,2762,4592,3924,10254,58736,11320,9472,2724,0,0,7,2,168,103,1336,72,0,5600,2762,4592,3924,10254,58737,11320,9975,2876,0,0,0,0,1,0,19,1,0,70,12,33,15,30,49,14,156,61,0,0,0,0,3,1,95,9,0,205,29,97,23,49,24,17,32,6,0,0,0,0,21,11,160,9,0,238,62,207,151,193,434,280,319,68,3,1,16,16,139,62,477,61,0,947,258,740,354,466,642,416,402,88,0,0,0,0,21,11,151,8,0,221,56,192,152,191,426,275,320,68,0,0,0,0,0,0,0,0,0,1,1,3,1,1,6,3,2,1,0,0,1,0,4,0,12,1,0,45,14,32,24,29,13,8,30,5,0,0,0,0,0,0,28,2,0,45,10,26,10,10,29,14,35,11,3,1,18,16,181,66,556,89,0,1046,307,814,299,431,404,270,148,39,0,0,0,0,0,0,1,0,0,7,4,3,14,2,2,2,12,0,0,0,0,0,5,1,16,0,0,79,27,57,41,41,38,19,10,2,0,0,0,0,21,12,217,14,0,448,60,230,142,204,356,208,280,56,0,0,0,0,0,0,1,0,0,0,0,5,0,0,0,0,3,1,0,0,0,0,3,0,29,2,0,18,6,12,18,20,29,24,20,5,0,0,0,0,0,0,0,0,0,0,0,2,0,0,0,0,0,0,0,0,0,0,0,0,0,0,0,0,0,0,0,0,0,0,0,0,3,1,18,16,173,64,427,77,0,688,242,625,227,329,332,225,124,31,0,0,0,0,0,0,0,0,0,0,0,0,0,0,0,0,0,0,0,0,0,0,0,0,14,2,0,29,24,64,19,22,66,66,53,13
Autodesk,74463019717,47,0,0,0,0,14,4,47,5,0,29,3,8,2,2,3,4,4,0,0,0,0,0,0,0,23,2,0,12,1,3,0,0,1,0,0,0,0,0,0,0,3,1,17,0,0,9,1,4,0,0,1,0,1,0,0,0,0,0,3,1,17,0,0,9,1,4,0,0,1,0,1,0,0,0,0,0,0,0,1,0,0,0,0,0,0,0,0,0,0,0,0,0,0,0,0,0,16,1,0,7,1,4,1,2,0,1,1,0,0,0,0,0,0,0,3,2,0,1,0,0,0,0,0,0,0,0,0,0,0,0,14,4,35,3,0,19,2,7,2,2,2,4,4,0,0,0,0,0,0,0,0,0,0,0,0,0,0,0,0,0,0,0,0,0,0,0,0,0,0,0,0,0,0,0,0,0,0,0,0,0,0,0,0,0,3,1,5,0,0,3,0,0,0,0,0,0,1,0,0,0,0,0,0,0,6,0,0,1,0,1,0,0,0,1,0,0,0,0,0,0,12,3,46,5,0,28,3,8,2,2,3,4,3,0,0,0,0,0,0,0,0,0,0,0,0,0,0,0,0,0,0,0,0,0,0,0,0,0,0,0,0,1,0,0,0,0,0,0,0,0,0,0,0,0,0,0,23,2,0,12,1,4,2,2,1,1,1,0,0,0,0,0,0,0,0,0,0,0,0,0,0,0,0,0,0,0,0,0,0,0,2,1,1,0,0,0,0,0,0,0,0,0,0,0,0,0,0,0,0,0,0,0,0,0,0,0,0,0,0,0,0,0,0,0,0,0,0,0,0,0,0,0,0,0,0,0,0,0,0,0,0,0,0,0,12,3,23,3,0,16,2,4,0,0,2,3,3,0,0,0,0,0,0,0,0,0,0,0,0,0,0,0,0,0,0,0,0,0,0,0,0,0,0,0,0,0,0,0,0,0,0,0,0,0
Recreational Equipment (REI),9062006483,7,0,0,0,0,0,0,0,0,0,987,6,12,212,296,875,713,354,94,0,0,0,0,0,0,0,0,0,812,1,8,238,816,2085,1623,406,148,0,0,0,0,0,0,0,0,0,10186,6,57,3744,7829,80284,44800,8902,2123,0,0,0,0,0,0,0,0,0,10186,6,57,3744,7829,80324,44819,9116,2227,0,0,0,0,0,0,0,0,0,3184,0,0,12,15,60,85,84,2,0,0,0,0,0,0,0,0,0,221,2,0,27,25,74,75,38,5,0,0,0,0,0,0,0,0,0,227,0,4,90,142,440,376,194,60,0,0,0,0,0,0,0,0,0,871,5,8,167,232,648,527,273,74,0,0,0,0,0,0,0,0,0,225,0,4,90,140,425,368,199,63,0,0,0,0,0,0,0,0,0,13,0,0,7,10,27,17,7,3,0,0,0,0,0,0,0,0,0,62,0,0,9,11,39,27,31,6,0,0,0,0,0,0,0,0,0,51,1,0,7,11,30,30,24,5,0,0,0,0,0,0,0,0,0,808,6,8,132,165,455,349,151,34,0,0,0,0,0,0,0,0,0,7,0,0,0,1,0,0,0,0,0,0,0,0,0,0,0,0,0,281,1,1,49,64,202,136,55,9,0,0,0,0,0,0,0,0,0,417,2,3,85,107,374,333,186,53,0,0,0,0,0,0,0,0,0,0,0,0,0,1,1,2,2,0,0,0,0,0,0,0,0,0,0,17,0,0,17,29,52,45,18,5,0,0,0,0,0,0,0,0,0,4,0,0,0,0,0,0,0,0,0,0,0,0,0,0,0,0,0,0,0,0,0,0,0,0,0,0,0,0,0,0,0,0,0,0,0,237,2,7,43,63,163,130,52,17,0,0,0,0,0,0,0,0,0,0,0,0,0,0,0,0,0,0,0,0,0,0,0,0,0,0,0,31,1,1,18,32,83,67,41,10
Burns & McDonnell,193157160706830,24,0,0,0,0,0,0,0,0,0,1,1,2,1,2,0,0,0,1,0,0,0,0,0,0,0,0,0,0,0,0,0,0,0,0,0,0,0,0,0,0,0,0,0,0,0,0,4,1,0,1,0,0,0,1,0,0,0,0,0,0,0,0,0,0,4,1,0,1,0,0,0,1,0,0,0,0,0,0,0,0,0,0,0,0,0,0,0,0,0,0,0,0,0,0,0,0,0,0,0,0,1,2,0,2,0,0,0,0,0,0,0,0,0,0,0,0,0,0,0,0,0,0,0,0,0,0,0,0,0,0,0,0,0,0,0,1,1,2,1,2,0,0,0,1,0,0,0,0,0,0,0,0,0,0,0,0,0,0,0,0,0,0,0,0,0,0,0,0,0,0,0,0,0,0,0,0,0,0,0,0,0,0,0,0,0,0,0,0,0,0,0,0,0,1,0,0,0,0,0,0,0,0,0,0,0,0,0,0,0,0,0,0,0,0,0,0,0,0,0,0,0,0,0,0,0,1,1,2,1,1,0,0,0,1,0,0,0,0,0,0,0,0,0,0,0,0,0,0,0,0,0,0,0,0,0,0,0,0,0,0,0,0,0,0,0,0,0,0,0,0,0,0,0,0,0,0,0,0,0,0,1,2,0,2,0,0,0,0,0,0,0,0,0,0,0,0,0,0,0,0,0,0,0,0,0,0,0,0,0,0,0,0,0,0,0,0,0,0,0,0,0,0,0,0,0,0,0,0,0,0,0,0,0,0,0,0,0,0,0,0,0,0,0,0,0,0,0,0,0,0,0,0,0,0,0,0,0,0,0,0,0,0,0,0,0,0,0,0,0,1,0,0,1,0,0,0,0,1,0,0,0,0,0,0,0,0,0,0,0,0,0,0,0,0,0,0,0,0,0,0,0,0,0,0,0,0,0,0,0,0,0,0,0,0
Hyatt Hotels,26114710769,125,2,8,23,15,84,37,214,23,0,68,14,37,38,35,47,43,20,9,0,0,27,9,127,54,240,16,0,50,5,25,32,14,31,32,11,7,0,0,3,1,43,20,105,3,0,31,4,4,10,13,98,46,47,19,0,0,3,1,43,20,105,3,0,31,4,4,10,13,98,46,48,19,0,0,0,0,5,1,3,0,0,2,0,0,1,0,9,6,3,5,0,0,0,0,1,0,9,1,0,2,0,1,1,1,4,1,2,2,0,0,1,0,2,0,13,0,0,3,0,0,0,0,0,0,0,0,2,8,7,10,22,9,105,11,0,37,10,19,17,23,26,17,14,4,0,0,0,0,0,0,10,0,0,0,0,0,0,0,0,1,0,0,0,0,0,0,0,0,0,0,0,0,0,0,0,1,2,1,1,1,0,0,0,0,2,0,4,0,0,0,0,0,0,2,6,8,4,2,0,0,0,0,0,0,1,0,0,0,0,0,0,0,1,1,0,0,2,8,23,15,83,37,204,23,0,68,14,37,38,34,43,37,16,8,0,0,0,0,0,0,1,0,0,3,0,0,1,0,0,1,1,1,0,0,1,0,4,1,4,0,0,3,0,1,0,0,3,6,4,3,0,0,0,0,1,0,20,1,0,2,0,1,2,1,4,3,2,2,0,0,0,0,0,0,0,0,0,0,0,0,0,0,0,0,0,0,0,0,0,0,1,0,2,0,0,0,0,0,0,0,0,0,0,0,0,0,0,0,0,0,0,0,0,0,0,0,0,0,0,0,0,0,0,0,0,0,0,0,0,0,0,0,0,0,0,0,0,0,0,0,2,8,22,15,78,36,187,22,0,63,14,35,36,34,40,34,14,4,0,0,0,0,0,0,0,0,0,0,0,0,0,0,0,0,0,0,0,0,0,0,0,0,1,0,0,0,0,0,0,0,0,0,0,0
Quicken Loans,435141649940642,9,0,0,0,0,0,0,0,0,0,0,0,0,1,1,0,0,1,1,0,0,0,0,0,0,0,0,0,0,0,0,1,1,0,0,2,0,0,0,0,0,0,0,0,0,0,0,0,0,0,10,0,0,6,1,0,0,0,0,0,0,0,0,0,0,0,0,0,10,0,0,6,1,0,0,0,0,0,0,0,0,0,0,0,0,0,1,0,0,0,0,0,0,0,0,0,0,0,0,0,0,0,0,0,0,0,0,0,0,0,0,0,0,0,0,0,0,0,0,0,0,0,0,0,0,0,1,0,0,0,0,0,0,0,0,0,0,0,0,0,0,0,0,0,1,0,0,0,0,0,0,0,0,0,0,0,0,0,0,0,0,0,1,0,0,0,0,0,0,0,0,0,0,0,0,0,0,0,0,0,0,0,0,0,0,0,0,0,0,0,0,0,0,0,1,0,0,0,0,0,0,0,0,0,0,0,0,0,0,0,0,0,0,0,0,0,0,0,0,0,0,0,0,0,0,0,0,0,0,1,0,0,0,1,1,0,0,0,0,0,0,0,0,0,0,0,0,0,0,0,0,0,0,0,0,0,0,0,0,0,0,0,0,0,0,0,1,0,0,1,0,0,0,0,0,0,0,0,0,0,0,0,0,0,0,0,0,0,1,0,0,0,0,0,0,0,0,0,0,0,0,0,0,0,0,0,0,0,0,0,0,0,0,0,0,0,0,0,0,0,0,0,0,0,0,0,0,0,0,0,0,0,0,0,0,0,0,0,0,0,0,0,0,0,0,0,0,0,0,0,0,0,0,0,0,0,0,0,0,0,0,0,0,0,0,0,0,0,0,0,0,0,0,1,0,0,0,0,0,0,0,0,0,0,0,0,0,0,0,0,0,0,0,0,0,0,0,0,0,0,0,0,0,0,0,0,0,0,0,0,0,0,0,0,0
Rackspace Hosting,147298628669538,68,0,0,0,0,0,0,0,0,0,2,0,0,0,0,0,1,0,0,0,0,0,0,0,0,0,0,0,1,0,0,0,0,0,0,0,0,0,0,0,0,0,0,0,0,0,6,0,0,0,0,0,0,0,0,0,0,0,0,0,0,0,0,0,6,0,0,0,0,0,0,0,0,0,0,0,0,0,0,0,0,0,2,0,0,0,0,0,0,0,0,0,0,0,0,0,0,0,0,0,1,0,0,0,0,0,1,0,0,0,0,0,0,0,0,0,0,0,0,0,0,0,0,0,0,0,0,0,0,0,0,0,0,0,0,0,1,0,0,0,0,0,1,0,0,0,0,0,0,0,0,0,0,0,0,0,0,0,0,0,0,0,0,0,0,0,0,0,0,0,0,0,0,0,0,0,0,0,0,0,0,0,0,0,0,0,0,0,0,0,0,0,0,0,0,0,0,0,0,0,0,0,0,0,0,0,0,0,0,0,0,0,0,0,0,0,0,0,0,0,0,0,0,0,0,0,2,0,0,0,0,0,1,0,0,0,0,0,0,0,0,0,0,0,0,0,0,0,0,0,0,0,0,0,0,0,0,0,0,0,0,0,1,0,0,0,0,0,0,0,0,0,0,0,0,0,0,0,0,0,1,0,0,0,0,0,1,0,0,0,0,0,0,0,0,0,0,0,0,0,0,0,0,0,0,0,0,0,0,0,0,0,0,0,0,0,0,0,0,0,0,0,0,0,0,0,0,0,0,0,0,0,0,0,0,0,0,0,0,0,0,0,0,0,0,0,0,0,0,0,0,0,0,0,0,0,0,0,0,0,0,0,0,0,0,0,0,0,0,0,0,0,0,0,0,0,0,0,0,0,0,0,0,0,0,0,0,0,0,0,0,0,0,0,0,0,0,0,0,0,0,0,0,0,0,0,0,0,0,0,0,0,0,0,0
Mars,211095382256023,119,0,0,0,0,0,0,69,12,0,134,63,158,104,107,155,126,137,39,0,0,0,0,0,0,44,14,0,108,17,113,34,92,190,191,906,60,0,0,0,0,0,0,92,20,0,298,216,3360,145,1376,4720,4632,21849,305,0,0,0,0,0,0,92,20,0,298,216,3360,145,1376,4720,4633,22400,309,0,0,0,0,0,0,0,0,0,14,6,9,5,10,7,3,4352,33,0,0,0,0,0,0,1,0,0,18,5,18,10,10,15,13,54,6,0,0,0,0,0,0,3,0,0,5,7,37,15,24,36,36,1,0,0,0,0,0,0,0,51,7,0,90,53,127,84,85,127,109,68,19,0,0,0,0,0,0,0,0,0,0,7,24,10,20,34,33,4,3,0,0,0,0,0,0,0,0,0,0,0,2,0,0,0,0,1,2,0,0,0,0,0,0,2,0,0,9,4,9,3,3,8,5,64,12,0,0,0,0,0,0,0,0,0,3,0,2,2,4,5,7,12,1,0,0,0,0,0,0,68,12,0,127,61,139,95,89,124,95,82,28,0,0,0,0,0,0,0,0,0,0,0,1,0,0,0,0,10,0,0,0,0,0,0,0,4,0,0,17,11,40,19,18,21,26,24,7,0,0,0,0,0,0,1,0,0,18,8,29,19,25,50,32,59,9,0,0,0,0,0,0,0,0,0,0,0,1,0,1,3,1,6,1,0,0,0,0,0,0,1,0,0,1,0,0,3,3,3,7,1,0,0,0,0,0,0,0,0,0,0,0,0,0,0,0,0,0,0,0,0,0,0,0,0,0,0,0,0,0,0,0,0,0,0,0,0,0,0,0,0,0,0,0,59,12,0,97,38,75,62,57,77,51,47,22,0,0,0,0,0,0,0,0,0,0,0,0,0,0,0,0,0,0,0,0,0,0,0,0,4,0,0,1,6,13,1,3,1,9,0,0
Camden Property Trust,128051573873366,6,0,0,0,0,1,0,5,0,0,15,4,20,11,15,15,15,7,7,0,0,0,0,0,0,7,0,0,5,3,12,3,29,36,12,1,2,0,0,0,0,1,0,0,0,0,8,1,81,29,117,296,78,46,39,0,0,0,0,1,0,0,0,0,8,1,81,29,117,296,78,47,41,0,0,0,0,0,0,0,0,0,1,0,6,0,52,29,7,13,6,0,0,0,0,0,0,1,0,0,3,1,4,1,3,1,4,5,3,0,0,0,0,0,0,0,0,0,0,0,1,0,1,0,0,0,0,0,0,0,0,1,0,3,0,0,11,2,13,10,9,5,6,6,6,0,0,0,0,0,0,0,0,0,1,0,0,0,0,0,1,0,1,0,0,0,0,0,0,0,0,0,0,0,0,0,1,1,1,0,0,0,0,0,0,0,0,0,0,0,3,0,4,9,9,10,7,6,4,0,0,0,0,0,0,0,0,0,1,0,1,0,1,0,0,0,0,0,0,0,0,1,0,5,0,0,12,4,17,2,6,7,8,1,3,0,0,0,0,0,0,0,0,0,0,0,0,0,0,0,0,1,1,0,0,0,0,0,0,0,0,0,3,0,7,8,10,8,6,2,1,0,0,0,0,0,0,1,0,0,4,2,4,1,3,1,5,5,4,0,0,0,0,0,0,0,0,0,0,0,0,0,0,0,0,0,0,0,0,0,0,0,0,0,0,0,0,0,0,0,0,0,0,0,0,0,0,0,0,0,0,0,0,0,0,0,0,0,0,0,0,0,0,0,0,0,0,0,0,0,0,0,0,0,0,0,0,0,0,0,0,0,0,0,0,1,0,3,0,0,8,2,9,2,2,6,4,0,2,0,0,0,0,0,0,0,0,0,0,0,0,0,0,0,0,0,0,0,0,0,0,0,0,1,0,0,0,0,0,0,0,0,0,0,0
Winchester Hospital,107079996018373,103,0,0,0,0,0,0,11,1,0,13,5,17,0,3,12,9,2,1,0,0,0,0,0,0,3,0,0,3,0,7,0,0,8,11,2,2,0,0,0,0,0,0,11,0,0,17,4,113,0,1,61,41,11,23,0,0,0,0,0,0,11,0,0,17,4,113,0,1,61,41,11,23,0,0,0,0,0,0,0,0,0,0,0,16,0,0,16,9,1,0,0,0,0,0,0,0,7,1,0,0,1,6,0,1,2,2,0,0,0,0,0,0,0,0,0,0,0,1,0,0,0,0,0,0,0,0,0,0,0,0,0,0,8,1,0,11,5,14,0,3,6,7,0,0,0,0,0,0,0,0,0,0,0,0,0,0,0,0,0,1,0,0,0,0,0,0,0,0,0,0,0,0,0,0,0,0,0,0,0,0,0,0,0,0,0,0,2,0,0,3,3,6,0,1,5,5,2,0,0,0,0,0,0,0,0,0,0,0,0,1,0,0,0,1,0,0,0,0,0,0,0,0,9,1,0,10,2,12,0,2,8,5,0,1,0,0,0,0,0,0,0,0,0,0,0,0,0,0,0,0,0,0,0,0,0,0,0,0,1,0,0,4,3,3,0,0,4,1,1,1,0,0,0,0,0,0,7,1,0,0,1,6,0,1,2,3,0,0,0,0,0,0,0,0,0,0,0,0,0,1,0,0,0,0,0,0,0,0,0,0,0,0,0,0,0,2,0,0,0,0,0,1,1,0,0,0,0,0,0,0,0,0,0,0,0,0,0,0,0,0,0,0,0,0,0,0,0,0,0,0,0,0,0,0,0,0,0,0,0,0,0,0,0,0,0,0,3,0,0,7,1,7,0,2,6,4,0,0,0,0,0,0,0,0,0,0,0,0,0,0,0,0,0,0,0,0,0,0,0,0,0,0,0,0,0,0,0,0,0,0,0,0,0,0
OhioHealth,40814021698,78,0,0,0,1,31,2,36,3,0,69,19,68,42,44,103,63,46,22,0,0,0,0,8,1,16,7,0,68,106,507,62,75,145,99,32,33,0,0,0,0,17,0,73,21,0,1188,919,5070,1046,781,2095,2921,574,480,0,0,0,0,17,0,73,21,0,1188,919,5070,1046,781,2095,2921,594,484,0,0,0,0,0,0,2,1,0,98,75,423,30,55,493,217,48,24,0,0,0,0,0,0,12,0,0,23,3,14,8,10,32,24,13,5,0,0,0,0,0,0,0,0,0,0,0,1,0,0,2,0,0,0,0,0,0,1,24,1,27,0,0,47,10,35,26,26,75,40,28,13,0,0,0,0,0,0,0,0,0,3,0,3,0,3,6,2,3,1,0,0,0,0,0,0,0,0,0,1,0,2,2,2,4,2,1,2,0,0,0,0,2,0,19,2,0,49,13,38,25,25,65,48,35,19,0,0,0,0,0,0,3,0,0,2,0,0,0,3,3,3,7,3,0,0,0,1,31,2,18,1,0,24,7,34,20,20,40,17,11,5,0,0,0,0,0,0,1,0,0,0,0,0,0,0,2,1,2,1,0,0,0,0,0,0,6,0,0,20,9,29,15,15,33,27,20,8,0,0,0,0,0,0,12,0,0,29,3,17,8,13,40,26,16,6,0,0,0,0,0,0,0,0,0,0,0,0,0,1,2,0,3,3,0,0,0,0,0,0,6,2,0,9,3,1,9,3,9,4,3,2,0,0,0,0,0,0,0,0,0,0,0,0,0,0,0,0,0,0,0,0,0,0,0,0,0,0,0,0,0,0,0,0,0,0,0,0,0,0,0,1,31,2,12,1,0,11,4,21,10,12,19,6,4,3,0,0,0,0,0,0,0,0,0,0,0,0,0,0,0,0,0,0,0,0,0,0,0,0,0,0,0,0,0,0,0,0,0,0,0,0
Perkins Coie,263371857101546,53,0,0,0,0,0,0,0,0,0,6,4,11,8,11,7,14,5,2,0,0,0,0,0,0,0,0,0,0,0,4,1,4,0,4,3,0,0,0,0,0,0,0,0,0,0,4,2,17,28,19,16,126,82,0,0,0,0,0,0,0,0,0,0,4,2,17,28,19,16,126,82,0,0,0,0,0,0,0,0,0,0,3,15,2,5,2,2,9,9,0,0,0,0,0,0,0,0,0,0,1,0,4,5,5,4,7,4,0,0,0,0,0,0,0,0,0,0,0,0,0,0,1,0,0,0,0,0,0,0,0,0,0,0,0,0,6,4,9,7,10,6,11,3,1,0,0,0,0,0,0,0,0,0,1,0,1,0,0,0,0,0,0,0,0,0,0,0,0,0,0,0,0,0,0,0,0,0,1,0,1,0,0,0,0,0,0,0,0,0,3,2,7,7,8,4,14,4,2,0,0,0,0,0,0,0,0,0,0,0,0,1,1,0,0,0,0,0,0,0,0,0,0,0,0,0,5,2,6,1,3,3,0,1,0,0,0,0,0,0,0,0,0,0,0,0,0,0,0,0,2,0,1,0,0,0,0,0,0,0,0,0,0,3,1,0,2,1,5,0,1,0,0,0,0,0,0,0,0,0,3,0,5,5,6,5,7,4,1,0,0,0,0,0,0,0,0,0,0,0,0,0,0,0,0,0,0,0,0,0,0,0,0,0,0,0,0,1,1,3,1,0,2,0,0,0,0,0,0,0,0,0,0,0,0,0,0,0,0,0,0,0,0,0,0,0,0,0,0,0,0,0,0,0,0,0,0,0,0,0,0,0,0,0,0,0,0,0,0,0,3,0,4,0,2,1,0,1,0,0,0,0,0,0,0,0,0,0,0,0,0,0,0,0,0,0,0,0,0,0,0,0,0,0,0,0,0,0,0,0,0,0,0,0,0
GoDaddy.com,8749090685,83,2,6,24,11,262,118,590,98,0,945,221,494,385,402,483,342,474,159,0,0,4,2,799,1708,2168,370,0,2276,791,513,582,1185,1380,451,42082,5035,0,0,1,0,5065,11212,12565,2630,0,26311,537,2466,7136,19974,14268,5162,501496,54510,0,0,1,0,5065,11212,12565,2630,0,26311,537,2466,7136,19974,14269,5164,501582,54541,0,0,0,0,0,0,0,0,0,0,0,2,1,3,4,0,5,2,0,0,0,0,0,0,0,1,0,190,21,115,60,51,83,37,40,19,0,0,0,0,37,19,113,21,0,118,5,24,36,51,55,34,146,38,2,6,21,10,195,84,334,60,0,715,134,331,219,225,341,231,310,114,0,0,0,0,37,18,113,20,0,104,11,21,38,51,49,33,147,39,0,0,0,0,0,0,0,0,0,2,0,0,0,2,1,2,0,2,0,0,0,0,0,0,15,2,0,30,17,25,14,15,10,8,20,4,0,0,0,0,2,0,16,6,0,11,5,9,3,4,5,2,89,16,2,6,24,11,227,100,477,78,0,847,216,474,350,351,434,310,322,120,0,0,0,0,0,0,1,0,0,4,1,0,0,0,2,0,7,0,0,0,0,0,1,2,0,0,0,0,0,0,0,0,0,0,2,1,0,0,0,0,22,6,63,17,0,269,29,143,92,92,126,61,88,40,0,0,0,0,0,0,0,0,0,0,1,0,0,0,0,0,0,0,0,0,0,0,14,12,46,4,0,30,1,5,9,8,7,6,10,1,0,0,0,0,0,0,0,0,0,0,0,0,0,0,0,0,0,0,0,0,0,0,0,0,0,0,0,0,0,0,0,0,0,0,0,0,2,6,24,11,224,98,475,77,0,618,187,341,277,296,347,270,281,99,0,0,0,0,0,0,0,0,0,0,0,0,0,0,0,0,0,0,0,0,0,0,1,0,6,0,0,28,3,5,7,6,3,5,93,18
Grainger,265544390144768,101,0,0,0,0,0,0,0,0,0,0,0,0,0,1,1,0,0,1,0,0,0,0,0,0,0,0,0,0,0,0,0,0,0,0,0,0,0,0,0,0,0,0,0,0,0,0,0,0,0,11,1,0,0,0,0,0,0,0,0,0,0,0,0,0,0,0,0,11,1,0,0,0,0,0,0,0,0,0,0,0,0,0,0,0,0,0,0,0,0,0,0,0,0,0,0,0,0,0,0,0,0,0,0,0,0,0,0,0,0,0,0,0,0,0,0,0,0,0,0,0,0,0,0,0,0,0,0,0,0,0,0,0,0,0,0,0,0,0,0,1,1,0,0,1,0,0,0,0,0,0,0,0,0,0,0,0,0,0,0,0,0,0,0,0,0,0,0,0,0,0,0,0,0,0,0,1,0,0,0,0,0,0,0,0,0,0,0,0,0,0,0,0,0,1,0,0,0,0,0,0,0,0,0,0,0,0,0,0,0,0,0,0,0,0,0,0,0,0,0,0,0,0,0,0,0,0,0,0,0,0,1,0,0,1,0,0,0,0,0,0,0,0,0,0,0,0,0,0,0,0,0,0,0,0,0,0,0,0,0,0,0,0,0,0,0,1,0,0,0,0,0,0,0,0,0,0,0,0,0,0,0,0,0,0,0,0,0,0,0,0,0,0,0,0,0,0,0,0,0,0,0,0,0,0,0,0,0,0,0,0,0,0,0,0,0,0,0,0,0,0,0,0,0,0,0,0,0,0,0,0,0,0,0,0,0,0,0,0,0,0,0,0,0,0,0,0,0,0,0,0,0,0,0,0,0,0,0,0,0,0,0,0,0,0,0,0,0,0,0,0,0,0,0,0,1,0,0,1,0,0,0,0,0,0,0,0,0,0,0,0,0,0,0,0,0,0,0,0,0,0,0,0,0,0,0,0,0,0,0,0,0,0,0,0
Marriott International,143602039041041,52,0,0,0,0,0,0,33,6,0,562,180,458,168,156,426,271,363,114,0,0,0,0,0,0,21,4,0,523,179,424,110,118,443,194,421,200,0,0,0,0,0,0,59,1,0,5043,2409,1549,1625,2043,10466,6644,8938,3434,0,0,0,0,0,0,59,1,0,5043,2409,1549,1625,2043,10468,6644,9290,3651,0,0,0,0,0,0,0,0,0,14,2,24,0,0,12,1,46,1,0,0,0,0,0,0,0,0,0,70,21,50,14,1,22,13,27,6,0,0,0,0,0,0,12,0,0,86,28,89,92,80,295,148,260,73,0,0,0,0,0,0,24,4,0,392,100,285,127,110,324,194,289,90,0,0,0,0,0,0,12,0,0,81,20,71,92,78,292,132,262,73,0,0,0,0,0,0,0,0,0,1,2,8,1,0,4,0,4,2,0,0,0,0,0,0,1,0,0,27,10,23,6,2,6,10,26,2,0,0,0,0,0,0,0,0,0,11,2,12,14,6,19,7,15,1,0,0,0,0,0,0,21,6,0,487,161,391,77,78,135,140,85,39,0,0,0,0,0,0,0,0,0,0,0,2,0,0,0,0,4,1,0,0,0,0,0,0,0,0,0,48,18,52,4,14,23,39,19,5,0,0,0,0,0,0,10,0,0,158,39,103,75,42,256,122,237,67,0,0,0,0,0,0,0,0,0,0,1,2,0,1,0,0,3,0,0,0,0,0,0,0,2,0,0,8,0,3,12,20,25,14,19,8,0,0,0,0,0,0,0,0,0,0,0,0,0,0,0,0,0,0,0,0,0,0,0,0,0,0,0,0,0,0,0,0,0,0,0,0,0,0,0,0,0,0,17,6,0,336,108,264,55,60,85,82,47,27,0,0,0,0,0,0,0,0,0,0,0,0,0,0,0,0,0,0,0,0,0,0,0,0,4,0,0,12,14,34,22,19,37,14,38,7
Qualcomm,115831370196,21,0,0,0,0,11,2,8,1,0,27,2,9,4,5,6,3,4,2,0,0,0,0,12,5,15,1,0,41,5,11,2,2,3,2,0,0,0,0,0,0,0,0,1,0,0,9,2,2,1,0,3,0,1,0,0,0,0,0,0,0,1,0,0,9,2,2,1,0,3,0,1,0,0,0,0,0,0,0,0,0,0,0,0,0,0,0,0,0,0,0,0,0,0,0,0,0,0,0,0,0,0,0,1,1,3,1,0,0,0,0,0,0,0,0,0,0,0,0,0,1,0,0,0,0,0,0,0,0,0,0,1,0,1,0,0,5,1,5,2,3,4,2,4,2,0,0,0,0,0,0,0,0,0,0,0,0,0,0,0,0,1,0,0,0,0,0,0,0,0,0,0,0,0,1,0,0,1,0,1,0,0,0,0,0,0,0,0,0,0,4,0,1,0,1,1,0,1,0,0,0,0,0,0,0,0,0,0,0,0,0,0,0,1,0,0,0,0,0,0,0,11,2,8,1,0,27,2,9,4,5,5,3,3,2,0,0,0,0,0,0,0,0,0,0,0,0,0,0,0,0,0,0,0,0,0,0,0,0,0,0,0,0,0,0,0,0,1,0,1,0,0,0,0,0,0,0,0,0,0,0,0,1,1,2,3,1,2,0,0,0,0,0,0,0,0,0,0,0,0,0,0,0,0,0,0,0,0,0,0,0,0,0,0,0,0,0,0,0,0,0,0,0,0,0,0,0,0,0,0,0,0,0,0,0,0,0,0,0,0,0,0,0,0,0,0,0,0,0,0,0,0,0,0,0,0,0,0,0,0,0,0,0,0,0,11,2,8,1,0,27,2,8,3,3,2,2,1,2,0,0,0,0,0,0,0,0,0,0,0,0,0,0,0,0,0,0,0,0,0,0,0,0,0,0,0,0,0,0,0,0,0,0,0,0
Aropostale,57143807607,99,0,0,0,0,365,52,657,26,5,3072,767,1853,936,1317,612,709,227,58,0,0,0,0,90,18,162,9,1,1680,362,1321,262,536,1446,652,450,93,0,0,0,0,88,8,550,4,3,19036,6409,23565,3225,14957,27577,24256,7795,1088,0,0,0,0,88,8,550,4,3,19036,6409,23565,3226,14957,27618,24261,8433,1193,0,0,0,0,0,0,0,1,0,3,0,1,1,1,1,2,1405,155,0,0,0,0,0,1,37,2,1,161,42,83,243,366,61,56,34,6,0,0,0,0,34,4,73,8,0,414,219,632,395,566,279,435,3,0,0,0,0,0,344,49,615,25,5,2914,723,1745,879,1249,578,651,186,42,0,0,0,0,34,4,68,7,0,422,214,638,228,318,274,425,8,3,0,0,0,0,0,0,0,0,0,3,3,5,3,2,3,1,8,1,0,0,0,0,4,0,19,5,0,99,19,66,26,30,6,4,120,21,0,0,0,0,0,0,5,0,0,30,7,19,12,11,11,19,4,0,0,0,0,0,332,48,589,19,5,2670,555,1234,712,1007,341,285,111,37,0,0,0,0,2,1,9,0,0,73,26,42,219,320,1,3,52,14,0,0,0,0,0,0,1,0,0,0,0,0,0,0,0,0,84,13,0,0,0,0,27,2,92,3,1,441,111,289,280,337,149,142,50,10,0,0,0,0,0,0,0,0,0,0,0,0,0,0,0,0,4,0,0,0,0,0,7,3,16,1,0,42,6,34,49,83,52,41,7,0,0,0,0,0,0,0,0,0,0,0,0,0,72,161,1,0,0,0,0,0,0,0,0,0,0,0,0,0,0,0,0,0,0,0,0,0,0,0,0,0,331,47,511,16,4,2370,494,1090,433,599,265,221,82,35,0,0,0,0,0,0,0,0,0,0,0,0,0,0,0,0,0,0,0,0,0,0,0,0,37,6,0,219,156,440,102,137,145,305,0,0
Whole Foods Market,525560857527063,28,0,0,0,0,0,0,0,0,0,0,0,0,20,32,19,28,9,4,0,0,0,0,0,0,0,0,0,0,0,0,32,40,21,27,10,1,0,0,0,0,0,0,0,0,0,0,0,0,33,23,3,43,2,3,0,0,0,0,0,0,0,0,0,0,0,0,33,23,3,43,2,3,0,0,0,0,0,0,0,0,0,0,0,0,9,1,0,1,0,0,0,0,0,0,0,0,0,0,0,0,0,0,4,1,3,4,1,0,0,0,0,0,0,0,0,0,0,0,0,0,0,0,0,0,0,0,0,0,0,0,0,0,0,0,0,0,0,0,1,6,6,8,2,3,0,0,0,0,0,0,0,0,0,0,0,0,0,1,0,0,0,0,0,0,0,0,0,0,0,0,0,0,0,0,1,0,2,1,0,0,0,0,0,0,0,0,0,0,0,0,0,0,1,5,2,6,1,0,0,0,0,0,0,0,0,0,0,0,0,0,1,0,0,0,0,0,0,0,0,0,0,0,0,0,0,0,0,0,19,31,19,26,9,4,0,0,0,0,0,0,0,0,0,0,0,0,0,0,0,0,0,0,0,0,0,0,0,0,0,0,0,0,0,0,0,0,0,1,0,0,0,0,0,0,0,0,0,0,0,0,0,0,4,2,3,4,1,0,0,0,0,0,0,0,0,0,0,0,0,0,0,0,0,0,0,0,0,0,0,0,0,0,0,0,0,0,0,0,0,0,0,0,0,0,0,0,0,0,0,0,0,0,0,0,0,0,0,0,0,0,0,0,0,0,0,0,0,0,0,0,0,0,0,0,0,0,0,0,0,0,0,0,0,0,0,0,0,0,0,0,0,0,16,30,16,23,8,4,0,0,0,0,0,0,0,0,0,0,0,0,0,0,0,0,0,0,0,0,0,0,0,0,0,0,0,0,0,0,0,0,0,0,0,0
National Instruments,19822934020,40,0,0,0,0,10,3,46,5,0,79,19,61,23,47,75,59,50,14,0,0,0,0,5,1,12,7,0,49,14,66,20,14,21,10,53,12,0,0,0,0,2,1,32,2,0,87,122,1396,713,297,422,281,1106,98,0,0,0,0,2,1,32,2,0,87,122,1396,713,297,422,281,1114,98,0,0,0,0,0,0,1,0,0,11,7,56,2,34,76,103,107,32,0,0,0,0,0,0,14,0,0,21,7,11,6,17,37,34,29,4,0,0,0,0,0,0,2,0,0,5,0,3,0,0,1,1,3,0,0,0,0,0,6,2,37,1,0,52,10,44,17,35,62,52,24,8,0,0,0,0,0,0,1,0,0,1,0,2,1,1,1,0,4,1,0,0,0,0,0,0,0,0,0,0,0,2,1,3,1,4,3,0,0,0,0,0,1,1,16,0,0,22,4,14,10,25,37,36,33,7,0,0,0,0,0,0,2,0,0,3,5,4,2,5,3,4,5,1,0,0,0,0,9,2,34,5,0,63,17,50,15,25,39,27,18,7,0,0,0,0,0,0,0,0,0,0,0,0,0,0,3,1,11,2,0,0,0,0,1,0,2,0,0,13,2,16,5,12,13,12,7,2,0,0,0,0,0,0,21,0,0,24,7,15,9,19,41,37,34,5,0,0,0,0,0,0,0,0,0,0,0,0,2,1,0,0,1,0,0,0,0,0,1,1,7,0,0,9,0,0,0,4,0,1,0,1,0,0,0,0,0,0,0,0,0,0,0,0,0,0,0,0,0,0,0,0,0,0,0,0,0,0,0,0,0,0,0,0,0,0,0,0,0,0,0,0,8,2,16,5,0,33,10,30,7,11,21,9,8,6,0,0,0,0,0,0,0,0,0,0,0,0,0,0,0,0,0,0,0,0,0,0,0,0,0,0,0,0,0,0,0,0,0,0,0,0
LifeBridge Health,193538150681786,107,0,0,0,0,0,0,10,0,0,32,8,14,14,21,19,12,13,6,0,0,0,0,0,0,2,0,0,16,8,31,15,11,9,3,6,3,0,0,0,0,0,0,3,0,0,110,7,169,26,188,71,14,80,20,0,0,0,0,0,0,3,0,0,110,7,169,26,188,71,14,81,20,0,0,0,0,0,0,0,0,0,8,2,21,2,16,7,2,19,6,0,0,0,0,0,0,2,0,0,8,1,3,4,8,6,2,8,4,0,0,0,0,0,0,0,0,0,0,0,1,0,1,1,0,0,0,0,0,0,0,0,0,8,0,0,19,5,8,8,16,12,9,9,5,0,0,0,0,0,0,0,0,0,3,0,0,0,0,3,2,1,0,0,0,0,0,0,0,0,0,0,1,0,0,0,0,1,0,1,0,0,0,0,0,0,0,3,0,0,18,2,6,4,8,13,5,12,5,0,0,0,0,0,0,1,0,0,1,1,1,0,0,0,0,2,1,0,0,0,0,0,0,7,0,0,18,7,9,10,15,6,7,1,1,0,0,0,0,0,0,0,0,0,1,0,0,0,1,0,0,3,0,0,0,0,0,0,0,1,0,0,7,0,6,1,4,5,3,2,1,0,0,0,0,0,0,2,0,0,11,1,3,5,9,10,4,9,4,0,0,0,0,0,0,0,0,0,0,0,0,0,0,0,0,1,0,0,0,0,0,0,0,3,0,0,4,1,0,1,2,1,1,1,0,0,0,0,0,0,0,0,0,0,0,0,0,0,0,0,0,0,0,0,0,0,0,0,0,0,0,0,0,0,0,0,0,0,0,0,0,0,0,0,0,0,0,4,0,0,10,6,5,7,6,3,4,0,1,0,0,0,0,0,0,0,0,0,0,0,0,0,0,0,0,0,0,0,0,0,0,0,0,0,0,0,0,0,0,0,0,0,0,0,0
Booz Allen Hamilton,115188672790,75,0,0,0,0,17,2,59,1,0,60,17,44,40,63,72,65,33,14,0,0,0,0,42,0,6,0,0,35,23,97,8,16,99,28,22,7,0,0,0,0,619,1,65,0,0,113,152,1186,380,425,2960,1025,702,313,0,0,0,0,619,1,65,0,0,113,152,1186,380,425,2960,1025,706,327,0,0,0,0,0,0,4,0,0,17,47,537,18,28,697,218,228,66,0,0,0,0,1,0,28,1,0,17,3,11,24,29,47,26,19,11,0,0,0,0,0,0,1,0,0,1,0,0,0,1,0,0,0,0,0,0,0,0,15,2,53,1,0,51,12,31,28,50,54,48,26,12,0,0,0,0,0,0,1,0,0,1,0,1,0,1,3,2,2,0,0,0,0,0,0,0,0,0,0,1,1,0,2,2,3,8,0,1,0,0,0,0,4,1,16,0,0,30,7,17,25,31,50,47,22,12,0,0,0,0,0,0,1,0,0,1,1,0,4,4,8,7,0,2,0,0,0,0,15,1,44,1,0,37,11,30,16,34,22,20,11,2,0,0,0,0,0,0,0,0,0,0,0,0,1,0,4,2,1,3,0,0,0,0,1,0,2,0,0,4,8,14,8,17,13,24,5,3,0,0,0,0,1,0,29,1,0,24,4,14,24,30,50,27,21,10,0,0,0,0,0,0,0,0,0,1,1,0,0,0,2,2,0,0,0,0,0,0,2,1,7,0,0,11,0,0,3,4,3,4,1,1,0,0,0,0,0,0,0,0,0,0,0,0,0,0,0,0,0,0,0,0,0,0,0,0,0,0,0,0,0,0,0,0,0,0,0,0,0,0,0,0,13,1,21,0,0,20,4,16,5,12,4,8,6,0,0,0,0,0,0,0,0,0,0,0,0,0,0,0,0,0,0,0,0,0,0,0,0,0,0,0,0,0,0,0,0,0,0,0,0,0
The Everett Clinic,61452139395,77,0,0,0,0,0,0,0,0,0,0,5,8,9,10,10,10,12,0,0,0,0,0,0,0,0,0,0,0,3,10,4,6,4,4,1,0,0,0,0,0,0,0,0,0,0,0,38,98,18,21,60,34,124,0,0,0,0,0,0,0,0,0,0,0,38,98,18,21,60,34,125,0,0,0,0,0,0,0,0,0,0,0,2,11,2,0,13,2,33,0,0,0,0,0,0,0,0,0,0,0,3,4,4,3,3,5,9,0,0,0,0,0,0,0,0,0,0,0,0,0,1,0,0,0,0,0,0,0,0,0,0,0,0,0,0,0,3,5,5,3,4,8,10,0,0,0,0,0,0,0,0,0,0,0,0,0,0,2,1,1,2,0,0,0,0,0,0,0,0,0,0,0,0,0,0,0,0,0,0,0,0,0,0,0,0,0,0,0,0,0,4,6,4,3,6,3,11,0,0,0,0,0,0,0,0,0,0,0,1,0,2,0,0,1,0,0,0,0,0,0,0,0,0,0,0,0,1,4,6,7,4,7,2,0,0,0,0,0,0,0,0,0,0,0,0,0,0,0,0,0,3,0,0,0,0,0,0,0,0,0,0,0,2,2,3,2,2,2,1,0,0,0,0,0,0,0,0,0,0,0,3,4,4,5,4,6,11,0,0,0,0,0,0,0,0,0,0,0,0,0,0,0,0,0,0,0,0,0,0,0,0,0,0,0,0,0,0,0,0,0,0,0,0,0,0,0,0,0,0,0,0,0,0,0,0,0,0,0,0,0,0,0,0,0,0,0,0,0,0,0,0,0,0,0,0,0,0,0,0,0,0,0,0,0,0,0,0,0,0,0,0,2,2,3,4,2,0,0,0,0,0,0,0,0,0,0,0,0,0,0,0,0,0,0,0,0,0,0,0,0,0,0,0,0,0,0,0,0,0,0,0,0,0,0
Intercontinental Hotels Group,7933762697,89,5,15,7,7,32,10,92,7,1,150,57,124,114,146,257,168,104,25,0,1,0,1,2,1,11,0,0,129,41,73,161,68,299,213,88,43,0,0,0,1,1,1,77,1,0,1290,281,457,638,1069,2634,3568,3075,569,0,0,0,1,1,1,77,1,0,1290,281,457,638,1069,2635,3568,3087,569,0,0,0,0,0,0,6,0,0,87,0,0,1,0,1,3,21,14,0,0,0,0,0,0,37,4,0,21,7,11,14,18,25,17,9,2,0,0,0,0,0,0,14,0,0,7,6,18,20,36,98,72,42,9,5,14,7,6,30,9,87,7,1,117,36,104,87,119,196,120,63,11,0,0,0,0,0,0,6,0,0,9,8,21,20,37,97,69,42,9,0,0,0,0,0,0,0,0,0,1,0,0,0,2,3,3,2,0,0,0,0,0,1,0,24,0,0,45,4,2,7,4,6,4,6,1,0,0,0,0,0,0,2,0,0,1,0,0,2,1,8,5,6,1,5,15,7,7,32,10,75,7,1,115,52,106,94,111,163,101,57,15,0,0,0,0,0,0,1,0,0,0,0,0,0,0,10,1,2,0,0,0,0,0,0,0,2,0,0,16,0,0,0,0,0,0,3,1,0,0,0,0,0,0,59,5,0,41,15,32,29,41,95,54,40,9,0,0,0,0,0,0,0,0,0,1,0,0,0,0,0,0,0,0,0,0,0,0,0,0,8,0,0,9,0,1,6,7,15,19,6,2,0,0,0,0,0,0,0,0,0,0,0,0,0,0,0,0,0,0,0,0,0,0,0,0,0,0,0,0,0,0,0,0,0,0,0,0,5,15,7,7,32,10,22,2,1,83,39,82,76,87,128,80,50,13,0,0,0,0,0,0,0,0,0,0,0,0,0,0,0,0,0,0,0,0,0,0,0,0,1,0,0,0,3,9,3,11,19,15,5,0
Aflac,13994086254,71,0,0,3,0,27,7,26,4,0,97,22,67,80,93,113,75,107,19,0,0,0,0,15,1,22,5,0,558,74,2308,86,243,112,207,141,25,0,0,0,0,6,1,34,7,0,5815,453,5660,350,2364,519,1276,763,24,0,0,0,0,6,1,34,7,0,5815,453,5660,350,2364,519,1276,814,26,0,0,0,0,0,0,0,0,0,0,378,1926,0,1,13,1,95,2,0,0,0,0,0,0,2,0,0,2,4,12,1,4,2,2,9,1,0,0,0,0,0,0,4,2,0,9,0,0,20,22,39,30,0,0,0,0,3,0,18,6,17,3,0,60,8,31,53,63,59,36,51,8,0,0,0,0,0,0,3,2,0,9,1,7,22,22,38,30,4,0,0,0,0,0,0,0,0,0,0,0,0,0,0,0,2,0,8,0,0,0,0,0,0,0,0,0,0,4,7,29,2,2,0,1,27,2,0,0,0,0,0,0,1,0,0,2,2,0,4,3,3,4,2,0,0,0,3,0,27,7,23,2,0,88,15,39,60,71,75,46,82,17,0,0,0,0,0,0,0,0,0,0,0,0,0,0,0,0,2,0,0,0,0,0,0,0,0,0,0,0,1,7,0,0,0,0,15,1,0,0,0,0,0,0,6,1,0,4,5,19,9,12,23,18,13,1,0,0,0,0,0,0,0,0,0,0,0,0,0,0,0,0,0,0,0,0,0,0,0,0,0,1,0,1,1,3,10,6,10,4,0,0,0,0,0,0,0,0,0,0,0,0,0,0,0,0,0,0,0,0,0,0,0,0,0,0,0,0,0,0,0,0,0,0,0,0,0,0,0,0,3,0,27,7,20,2,0,85,15,38,57,66,73,43,79,17,0,0,0,0,0,0,0,0,0,0,0,0,0,0,0,0,0,0,0,0,0,0,0,0,0,0,0,7,0,0,4,9,7,10,0,0
Zappos.com,7172307686,10,2,16,48,30,0,0,0,0,0,595,305,950,406,627,602,462,248,62,0,0,6,0,0,0,0,0,0,1075,536,1592,563,1061,1683,1306,368,134,0,0,3,1,0,0,0,0,0,4090,5392,17264,8425,11478,28769,37300,3019,1022,0,0,3,1,0,0,0,0,0,4090,5392,17264,8425,11478,28769,37301,3124,1073,0,0,0,0,0,0,0,0,0,172,28,34,4,7,12,9,33,9,0,0,0,0,0,0,0,0,0,23,11,40,20,23,21,12,18,2,0,0,1,0,0,0,0,0,0,97,49,179,108,147,254,185,125,24,2,16,44,30,0,0,0,0,0,161,83,288,175,263,266,221,84,25,0,0,0,0,0,0,0,0,0,88,51,179,104,143,251,184,79,24,0,0,0,0,0,0,0,0,0,2,0,4,0,0,2,4,1,2,0,0,1,0,0,0,0,0,0,13,10,37,11,30,21,13,14,4,0,0,0,0,0,0,0,0,0,10,3,16,7,20,17,15,28,4,2,16,48,30,0,0,0,0,0,509,260,781,302,485,355,279,159,39,0,0,0,0,0,0,0,0,0,6,0,4,3,2,6,1,2,0,0,0,4,0,0,0,0,0,0,54,26,64,18,41,39,35,57,11,0,0,0,0,0,0,0,0,0,85,34,116,72,105,183,110,73,18,0,0,0,0,0,0,0,0,0,1,0,1,1,0,0,1,17,0,0,0,0,0,0,0,0,0,0,10,2,4,11,22,23,16,4,3,0,0,0,0,0,0,0,0,0,0,0,0,0,0,0,0,0,0,0,0,0,0,0,0,0,0,0,0,0,0,0,0,0,0,0,0,2,16,44,30,0,0,0,0,0,422,215,655,260,410,285,226,76,25,0,0,0,0,0,0,0,0,0,0,0,0,0,0,0,0,0,0,0,0,0,0,0,0,0,0,0,23,28,110,44,49,72,74,21,5
Kimley-Horn and Associates,204703769542227,118,0,0,0,0,0,0,1,0,0,1,0,7,2,8,15,17,13,6,0,0,0,0,0,0,0,0,0,0,0,3,0,9,17,7,15,11,0,0,0,0,0,0,0,0,0,0,0,38,0,83,199,135,332,99,0,0,0,0,0,0,0,0,0,0,0,38,0,83,199,135,333,104,0,0,0,0,0,0,0,0,0,0,0,2,0,12,38,16,79,26,0,0,0,0,0,0,0,0,0,0,0,3,2,2,7,7,7,5,0,0,0,0,0,0,0,0,0,0,0,0,0,0,0,1,0,0,0,0,0,0,0,0,1,0,0,1,0,5,1,5,11,12,8,2,0,0,0,0,0,0,0,0,0,0,0,0,0,0,0,1,0,0,0,0,0,0,0,0,0,0,0,0,0,1,0,1,0,4,0,0,0,0,0,0,0,0,0,0,0,0,0,4,2,6,10,16,10,5,0,0,0,0,0,0,0,0,0,0,0,0,0,0,0,0,2,0,0,0,0,0,0,0,1,0,0,1,0,3,0,2,7,1,3,1,0,0,0,0,0,0,0,0,0,0,0,0,0,0,0,1,1,0,0,0,0,0,0,0,0,0,0,0,0,2,0,3,4,7,5,0,0,0,0,0,0,0,0,0,0,1,0,3,2,2,7,8,7,6,0,0,0,0,0,0,0,0,0,0,0,0,0,0,0,0,1,0,0,0,0,0,0,0,0,0,0,0,0,1,0,1,1,2,0,0,0,0,0,0,0,0,0,0,0,0,0,0,0,0,0,0,0,0,0,0,0,0,0,0,0,0,0,0,0,0,0,0,0,0,0,0,0,0,0,0,0,0,1,0,0,0,0,1,0,2,3,0,0,0,0,0,0,0,0,0,0,0,0,0,0,0,0,0,0,0,0,0,0,0,0,0,0,0,0,0,0,0,0,0,0,0,0,0,0,0
Nordstrom,12854644836,56,0,0,0,0,0,0,0,0,0,0,0,0,0,0,0,0,235,64,0,0,0,0,0,0,0,0,0,0,0,0,0,0,0,0,707,147,0,0,0,0,0,0,0,0,0,0,0,0,0,0,0,0,9164,1224,0,0,0,0,0,0,0,0,0,0,0,0,0,0,0,0,9959,1262,0,0,0,0,0,0,0,0,0,0,0,0,0,0,0,0,212,97,0,0,0,0,0,0,0,0,0,0,0,0,0,0,0,0,24,5,0,0,0,0,0,0,0,0,0,0,0,0,0,0,0,0,131,44,0,0,0,0,0,0,0,0,0,0,0,0,0,0,0,0,152,42,0,0,0,0,0,0,0,0,0,0,0,0,0,0,0,0,134,47,0,0,0,0,0,0,0,0,0,0,0,0,0,0,0,0,0,0,0,0,0,0,0,0,0,0,0,0,0,0,0,0,0,0,57,10,0,0,0,0,0,0,0,0,0,0,0,0,0,0,0,0,26,12,0,0,0,0,0,0,0,0,0,0,0,0,0,0,0,0,65,20,0,0,0,0,0,0,0,0,0,0,0,0,0,0,0,0,15,2,0,0,0,0,0,0,0,0,0,0,0,0,0,0,0,0,26,3,0,0,0,0,0,0,0,0,0,0,0,0,0,0,0,0,89,20,0,0,0,0,0,0,0,0,0,0,0,0,0,0,0,0,11,4,0,0,0,0,0,0,0,0,0,0,0,0,0,0,0,0,11,2,0,0,0,0,0,0,0,0,0,0,0,0,0,0,0,0,0,0,0,0,0,0,0,0,0,0,0,0,0,0,0,0,0,0,0,0,0,0,0,0,0,0,0,0,0,0,0,0,0,0,0,0,39,5,0,0,0,0,0,0,0,0,0,0,0,0,0,0,0,0,0,0,0,0,0,0,0,0,0,0,0,0,0,0,0,0,0,0,59,30
CarMax,58226901193,81,0,0,9,8,81,23,219,29,3,453,127,343,220,264,95,72,96,39,0,0,10,1,147,33,419,55,2,868,312,729,972,774,312,144,798,67,0,0,4,3,87,10,108,12,3,357,3471,4754,11903,27738,7134,6194,3538,356,0,0,4,3,87,10,108,12,3,357,3471,4754,11903,27738,7134,6194,3738,370,0,0,0,0,0,0,0,1,0,2,0,0,8,12,15,9,1897,27,0,0,0,0,1,0,1,0,0,12,1,7,6,5,0,1,13,3,0,0,0,0,2,0,17,0,2,16,8,20,38,60,23,12,2,5,0,0,3,7,12,3,26,2,1,69,13,52,73,104,31,16,12,5,0,0,0,0,2,0,17,0,0,13,8,16,38,60,24,12,2,0,0,0,0,0,0,0,0,0,0,0,0,3,4,1,2,0,5,4,0,0,0,0,0,0,5,0,0,1,2,5,1,3,2,2,20,6,0,0,0,0,0,0,1,0,0,2,0,2,1,4,3,0,3,0,0,0,9,8,79,23,203,29,3,440,119,327,182,204,73,59,79,33,0,0,0,0,0,0,1,0,0,2,0,2,1,0,0,0,5,0,0,0,0,0,9,3,7,2,2,30,8,27,13,16,10,9,16,13,0,0,0,0,3,0,12,0,0,18,1,15,33,23,12,7,15,3,0,0,0,0,0,0,0,0,0,0,0,0,0,1,0,0,3,0,0,0,0,0,0,0,5,0,0,3,1,0,7,23,6,4,0,0,0,0,0,0,0,0,0,0,0,0,0,0,0,0,0,0,0,0,0,0,0,0,0,0,0,0,0,0,0,0,0,0,0,0,0,0,0,0,9,8,69,20,190,27,1,394,110,292,162,181,61,50,62,23,0,0,0,0,0,0,0,0,0,0,0,0,0,0,0,0,0,0,0,0,0,0,0,0,5,0,0,8,7,9,5,20,6,2,0,0
FedEx,150993094945648,105,0,0,0,0,0,0,27,5,1,386,117,758,480,697,732,509,471,136,0,0,0,0,0,0,78,8,1,1681,95,4169,982,867,1756,1083,1457,209,0,0,0,0,0,0,65,5,26,13080,973,166100,9394,8182,26610,22856,16523,1133,0,0,0,0,0,0,65,5,26,13080,973,166100,9394,8182,26610,22856,16807,1209,0,0,0,0,0,0,6,0,0,0,0,5,3,2,60,5,594,30,0,0,0,0,0,0,5,0,0,19,11,32,22,26,25,17,25,7,0,0,0,0,0,0,0,0,0,146,4,57,43,52,86,46,54,8,0,0,0,0,0,0,13,2,1,248,84,397,292,454,426,319,267,69,0,0,0,0,0,0,2,0,0,146,4,58,48,50,88,46,55,8,0,0,0,0,0,0,0,0,0,2,0,6,2,6,6,0,6,2,0,0,0,0,0,0,27,5,0,4,0,11,14,22,16,11,31,8,0,0,0,0,0,0,1,0,0,3,2,11,10,8,7,2,14,1,0,0,0,0,0,0,0,0,1,243,114,703,438,649,650,464,395,124,0,0,0,0,0,0,0,0,0,1,4,3,0,2,3,0,3,1,0,0,0,0,0,0,6,1,0,0,0,0,0,0,0,0,6,2,0,0,0,0,0,0,7,1,0,100,10,59,57,59,80,41,55,12,0,0,0,0,0,0,0,0,0,0,0,0,0,0,0,0,3,0,0,0,0,0,0,0,14,3,0,29,0,3,10,8,15,11,10,2,0,0,0,0,0,0,0,0,0,1,3,1,0,0,0,0,0,0,0,0,0,0,0,0,0,0,0,0,0,0,0,0,0,0,0,0,0,0,0,0,0,0,0,0,1,218,101,663,402,614,615,442,380,119,0,0,0,0,0,0,0,0,0,0,0,0,0,0,0,0,0,0,0,0,0,0,0,0,0,0,0,38,3,32,11,16,22,15,17,1
Novo Nordisk,105548031768,38,0,0,0,0,8,1,27,1,0,64,17,87,39,49,92,57,79,14,0,0,0,0,3,0,17,2,0,72,56,126,10,19,104,122,366,9,0,0,0,0,7,0,18,0,0,967,514,2831,15,201,1172,1037,3212,204,0,0,0,0,7,0,18,0,0,967,514,2831,15,201,1172,1037,3408,209,0,0,0,0,4,0,1,0,0,162,174,376,0,5,220,185,649,24,0,0,0,0,3,0,12,0,0,8,3,7,7,6,26,13,30,6,0,0,0,0,1,0,2,0,0,4,0,1,0,1,5,1,0,0,0,0,0,0,6,1,17,0,0,39,10,60,32,38,60,39,36,7,0,0,0,0,0,0,1,0,0,0,0,2,2,1,5,2,5,0,0,0,0,0,0,0,0,0,0,0,0,1,0,4,3,6,6,1,0,0,0,0,0,0,6,0,0,15,4,29,5,8,51,30,55,12,0,0,0,0,0,0,3,0,0,1,0,0,2,0,4,3,9,0,0,0,0,0,8,1,23,1,0,52,13,62,36,41,48,30,28,4,0,0,0,0,0,0,0,0,0,0,0,0,16,12,6,1,6,0,0,0,0,0,2,0,1,0,0,16,4,28,15,30,27,26,20,5,0,0,0,0,3,0,14,0,0,9,3,10,11,10,33,20,34,6,0,0,0,0,0,0,0,0,0,0,0,0,0,0,2,1,5,0,0,0,0,0,0,0,1,0,0,2,0,1,0,0,4,1,2,1,0,0,0,0,0,0,0,0,0,0,0,0,0,0,0,0,0,0,0,0,0,0,0,0,0,0,0,0,0,0,0,0,0,0,0,0,0,0,0,0,3,1,11,1,0,37,10,48,13,9,26,9,18,2,0,0,0,0,0,0,0,0,0,0,0,0,0,0,0,0,0,0,0,0,0,0,0,0,0,0,0,0,0,0,0,0,0,0,0,0
Teach For America,8433834471,64,0,0,6,4,168,38,633,47,0,661,116,330,188,282,378,232,289,107,0,0,3,4,83,47,386,23,0,522,67,365,139,803,260,440,250,75,0,0,9,1,451,186,2301,161,0,11693,1125,9991,2726,3054,6145,8878,5065,1638,0,0,9,1,451,186,2301,161,0,11693,1125,9991,2726,3055,6145,8878,5212,1650,0,0,0,0,0,0,5,1,0,40,7,7,14,6,70,3,14,21,0,0,0,0,0,1,155,10,0,214,32,114,44,66,72,38,40,11,0,0,0,0,104,24,301,17,0,244,39,112,74,102,198,132,189,66,0,0,4,1,153,34,599,44,0,629,103,301,163,251,334,206,239,83,0,0,0,0,104,24,292,17,0,234,39,110,73,105,200,130,187,66,0,0,0,0,0,0,0,0,0,2,1,0,1,1,2,0,0,0,0,0,2,0,11,0,22,3,0,40,6,14,12,13,9,5,7,3,0,0,0,0,8,1,34,4,0,38,9,19,8,15,25,14,12,5,0,0,4,4,65,14,347,32,0,437,83,224,120,182,182,113,97,40,0,0,0,0,0,2,0,0,0,0,0,1,0,0,0,0,1,0,0,0,0,0,1,0,16,2,0,33,8,9,20,26,27,14,9,5,0,0,0,0,79,15,412,23,0,397,55,169,106,154,223,122,184,40,0,0,0,0,0,0,0,0,0,0,3,1,0,1,2,1,0,0,0,0,2,0,26,10,60,4,0,42,1,11,8,18,27,10,21,7,0,0,0,0,0,0,0,0,0,0,0,0,0,0,0,0,0,0,0,0,0,0,0,0,0,0,0,0,0,0,0,0,0,0,0,0,0,0,4,4,62,13,139,18,0,162,33,83,44,67,72,46,49,24,0,0,0,0,0,0,0,0,0,0,0,0,0,0,0,0,0,0,0,0,0,0,0,0,6,0,0,27,16,57,10,16,27,39,26,31
WellStar Health System,94455639888,115,0,0,2,0,4,1,8,0,0,30,5,26,23,36,33,16,27,6,0,0,0,0,0,0,1,0,0,14,2,64,34,48,37,15,37,5,0,0,0,0,0,0,6,0,0,46,1,340,219,229,405,351,793,67,0,0,0,0,0,0,6,0,0,46,1,340,219,229,405,351,869,70,0,0,0,0,0,0,1,0,0,3,0,67,166,62,159,114,82,6,0,0,0,0,0,0,2,0,0,13,1,5,3,5,8,6,15,2,0,0,0,0,0,0,0,0,0,0,0,0,0,0,0,1,0,0,0,0,2,0,4,1,7,0,0,23,3,12,11,19,20,9,18,5,0,0,0,0,0,0,0,0,0,1,0,0,0,2,1,0,2,0,0,0,0,0,0,0,0,0,0,0,0,0,0,0,3,1,0,0,0,0,0,0,1,0,4,0,0,13,0,7,5,15,15,5,19,2,0,0,0,0,0,0,0,0,0,0,0,1,0,1,0,1,1,1,0,0,2,0,4,1,5,0,0,18,5,20,18,23,20,11,9,4,0,0,0,0,0,0,0,0,0,0,0,0,0,0,2,0,2,0,0,0,0,0,0,0,0,0,0,1,0,3,1,3,6,1,3,0,0,0,0,0,0,0,2,0,0,16,1,7,4,8,10,7,18,2,0,0,0,0,0,0,0,0,0,0,0,0,0,0,0,1,1,1,0,0,0,0,0,0,1,0,0,5,0,0,2,5,2,0,0,0,0,0,0,0,0,0,0,0,0,0,0,0,0,0,0,0,0,0,0,0,0,0,0,0,0,0,0,0,0,0,0,0,0,0,0,0,0,0,2,0,4,1,5,0,0,8,4,16,16,20,15,7,5,3,0,0,0,0,0,0,0,0,0,0,0,0,0,0,0,0,0,0,0,0,0,0,0,0,0,0,0,0,0,0,0,0,0,0,0,0
Ernst & Young,195665063800329,54,0,0,0,0,0,0,0,0,0,0,0,0,0,0,0,1,0,0,0,0,0,0,0,0,0,0,0,0,0,0,0,0,0,0,0,0,0,0,0,0,0,0,0,0,0,0,0,0,0,0,0,4,0,0,0,0,0,0,0,0,0,0,0,0,0,0,0,0,0,4,0,0,0,0,0,0,0,0,0,0,0,0,0,0,0,0,0,0,0,0,0,0,0,0,0,0,0,0,0,0,0,0,0,0,0,0,0,0,0,0,0,0,0,0,0,0,0,0,0,0,0,0,0,0,0,0,0,0,0,0,0,0,0,0,0,0,0,0,0,0,0,1,0,0,0,0,0,0,0,0,0,0,0,0,0,0,0,0,0,0,0,0,0,0,0,0,0,0,0,0,0,0,0,0,0,0,0,0,0,0,0,0,0,0,0,0,0,0,0,0,0,0,0,0,0,1,0,0,0,0,0,0,0,0,0,0,0,0,0,0,0,0,0,0,0,0,0,0,0,0,0,0,0,0,0,0,0,0,0,0,0,0,0,0,0,0,0,0,0,0,0,0,0,0,0,0,0,0,0,0,0,0,0,0,0,0,0,0,0,0,0,0,0,0,0,0,0,1,0,0,0,0,0,0,0,0,0,0,0,0,0,0,0,0,0,0,0,0,0,0,0,0,0,0,0,0,0,0,0,0,0,0,0,0,0,0,0,0,0,0,0,0,0,0,0,0,0,0,0,0,0,0,0,0,0,0,0,0,0,0,0,0,0,0,0,0,0,0,0,0,0,0,0,0,0,0,0,0,0,0,0,0,0,0,0,0,0,0,0,0,0,0,0,0,0,0,0,0,0,0,0,0,0,0,0,0,0,0,0,0,0,0,0,0,0,0,0,0,0,0,0,0,0,0,0,0,0,0,0,0,0,0,0,0,0,0,0,0,0,0,0,0,0,0
Cooley,29631010782,127,0,0,0,0,4,0,5,1,0,6,2,1,5,11,12,17,2,1,0,0,0,0,0,0,4,0,0,0,1,0,0,1,3,2,3,3,0,0,0,0,0,0,8,0,0,9,2,8,25,51,80,131,84,6,0,0,0,0,0,0,8,0,0,9,2,8,25,51,80,131,85,6,0,0,0,0,0,0,1,0,0,0,1,2,13,3,9,9,13,0,0,0,0,0,0,0,3,0,0,1,1,1,4,6,5,4,1,1,0,0,0,0,0,0,1,0,0,0,0,0,0,0,0,0,0,0,0,0,0,0,4,0,5,1,0,6,2,1,4,10,9,13,1,0,0,0,0,0,0,0,0,0,0,0,0,0,0,1,1,0,0,0,0,0,0,0,0,0,0,0,0,0,0,0,0,0,0,1,0,0,0,0,0,0,1,0,3,0,0,5,1,1,5,9,10,15,2,1,0,0,0,0,0,0,0,0,0,0,0,0,0,0,1,0,0,0,0,0,0,0,4,0,2,1,0,2,1,0,0,2,4,2,0,0,0,0,0,0,0,0,0,0,0,0,0,0,0,1,1,4,1,0,0,0,0,0,0,0,1,0,0,0,0,0,1,1,3,7,0,0,0,0,0,0,0,0,3,0,0,1,1,1,4,7,7,4,1,1,0,0,0,0,0,0,0,0,0,0,0,0,0,0,1,0,0,0,0,0,0,0,0,0,1,0,0,4,0,0,0,1,0,4,1,0,0,0,0,0,0,0,0,0,0,0,0,0,0,0,0,0,0,0,0,0,0,0,0,0,0,0,0,0,0,0,0,0,0,0,0,0,0,0,0,0,4,0,0,1,0,1,1,0,0,2,1,2,0,0,0,0,0,0,0,0,0,0,0,0,0,0,0,0,0,0,0,0,0,0,0,0,0,0,0,0,0,0,0,0,0,0,0,0,0,0
Mercedes-Benz USA,6604386669,11,19,11,0,0,0,0,0,0,2,1951,1981,4698,2929,3603,3132,2498,1805,515,0,0,0,0,0,0,0,0,0,1470,4546,8178,12159,8731,18841,18491,13124,4255,0,0,0,0,0,0,0,0,0,34034,209872,252510,737014,432637,806040,813029,334288,121256,0,0,0,0,0,0,0,0,0,34034,209873,252511,737016,432640,806280,813189,344520,122974,0,0,0,0,0,0,0,0,0,1664,267,900,365,498,298,360,997,102,0,0,0,0,0,0,0,0,1,295,143,355,93,140,56,32,83,24,0,0,0,0,0,0,0,0,0,525,599,1671,1144,1308,2000,1634,1158,305,19,11,0,0,0,0,0,0,2,1850,1795,4290,2550,3093,2536,2012,1411,397,0,0,0,0,0,0,0,0,0,361,446,1142,924,1013,1843,1495,1109,271,0,0,0,0,0,0,0,0,0,11,26,65,29,32,14,33,26,4,0,0,0,0,0,0,0,0,0,164,146,252,82,97,35,29,82,22,0,0,0,0,0,0,0,0,0,115,53,163,125,128,237,166,203,60,19,11,0,0,0,0,0,0,2,1658,1621,3686,2067,2648,1318,1033,677,237,0,0,0,0,0,0,0,0,0,16,18,34,9,24,9,7,7,2,0,0,0,0,0,0,0,0,0,418,463,1091,575,683,505,443,291,112,0,0,0,0,0,0,0,0,1,728,413,949,516,587,747,510,648,158,0,0,0,0,0,0,0,0,0,1,1,10,2,3,10,9,10,1,0,0,0,0,0,0,0,0,0,7,2,6,109,146,261,253,145,41,0,0,0,0,0,0,0,0,0,7,3,11,0,0,0,0,0,0,0,0,0,0,0,0,0,0,0,0,0,0,0,0,0,0,0,0,19,11,0,0,0,0,0,0,1,674,786,1765,1123,1451,704,511,295,102,0,0,0,0,0,0,0,0,0,0,0,0,0,0,0,0,0,0,0,0,0,0,0,0,0,0,0,116,313,866,604,733,905,772,416,101
Chesapeake Energy,201579567564,17,0,0,0,0,0,0,0,0,0,180,36,81,47,63,76,32,22,15,0,0,0,0,0,0,0,0,0,178,16,132,13,35,148,2,84,4,0,0,0,0,0,0,0,0,0,451,78,535,47,399,949,54,421,50,0,0,0,0,0,0,0,0,0,451,78,535,47,399,949,54,478,50,0,0,0,0,0,0,0,0,0,5,11,194,7,88,406,11,248,46,0,0,0,0,0,0,0,0,0,50,9,18,7,17,10,7,10,5,0,0,0,0,0,0,0,0,0,47,0,2,9,2,23,2,0,0,0,0,0,0,0,0,0,0,0,127,27,50,38,40,53,29,14,12,0,0,0,0,0,0,0,0,0,42,0,0,6,0,0,0,0,0,0,0,0,0,0,0,0,0,0,0,0,1,0,2,0,1,0,0,0,0,0,0,0,0,0,0,0,8,10,20,15,25,19,8,13,7,0,0,0,0,0,0,0,0,0,3,1,2,1,3,0,1,0,0,0,0,0,0,0,0,0,0,0,140,29,65,37,40,58,25,9,8,0,0,0,0,0,0,0,0,0,0,0,0,0,1,2,0,1,0,0,0,0,0,0,0,0,0,0,11,7,18,16,12,46,17,4,5,0,0,0,0,0,0,0,0,0,85,9,21,13,17,10,11,10,5,0,0,0,0,0,0,0,0,0,0,0,1,0,3,0,1,0,0,0,0,0,0,0,0,0,0,0,5,1,3,2,6,1,0,2,0,0,0,0,0,0,0,0,0,0,0,0,0,0,0,0,0,0,0,0,0,0,0,0,0,0,0,0,0,0,0,0,0,0,0,0,0,0,0,0,0,0,0,0,0,0,73,19,38,16,25,19,3,6,5,0,0,0,0,0,0,0,0,0,0,0,0,0,0,0,0,0,0,0,0,0,0,0,0,0,0,0,6,0,0,0,0,0,0,0,0
SRA International,45726451297,112,0,0,0,0,2,1,1,0,0,1,0,1,1,2,1,2,0,1,0,0,0,0,1,0,0,0,0,0,0,0,0,0,1,0,0,0,0,0,0,0,0,0,1,0,0,0,0,0,3,66,1,1,0,5,0,0,0,0,0,0,1,0,0,0,0,0,3,66,1,1,0,5,0,0,0,0,0,0,0,0,0,0,0,0,0,0,0,4,0,1,0,0,0,0,0,0,0,0,0,0,0,0,1,2,0,1,0,0,0,0,0,0,0,0,0,0,0,0,0,0,0,0,0,0,0,0,0,0,0,0,1,1,1,0,0,1,0,1,1,2,0,2,0,1,0,0,0,0,0,0,0,0,0,0,0,0,0,0,0,0,0,0,0,0,0,0,0,0,0,0,0,0,0,0,0,0,0,0,0,0,0,0,0,0,0,0,0,0,0,0,0,0,1,1,0,1,0,1,0,0,0,0,0,0,0,0,0,0,0,0,0,0,0,1,0,0,0,0,0,0,2,1,1,0,0,1,0,1,0,1,1,1,0,0,0,0,0,0,0,0,0,0,0,0,0,0,0,0,0,1,0,0,0,0,0,0,0,0,0,0,0,0,0,0,0,0,0,1,0,1,0,0,0,0,0,0,0,0,0,1,0,0,1,2,0,1,0,0,0,0,0,0,0,0,0,0,0,0,0,0,0,0,0,0,0,0,0,0,0,0,0,0,0,0,0,0,0,0,0,0,0,0,0,0,0,0,0,0,0,0,0,0,0,0,0,0,0,0,0,0,0,0,0,0,0,0,0,0,0,0,0,0,0,0,0,0,0,0,0,0,0,0,0,0,2,1,1,0,0,0,0,1,0,0,1,0,0,0,0,0,0,0,0,0,0,0,0,0,0,0,0,0,0,0,0,0,0,0,0,0,0,0,0,0,0,0,0,0,0,0,0,0,0,0
General Mills,163903596981363,58,0,0,0,0,1,0,48,2,0,125,26,45,36,44,68,60,30,11,0,0,0,0,0,0,67,0,0,140,7,20,22,17,30,25,8,0,0,0,0,0,0,0,29,0,0,336,46,73,25,61,140,93,30,1,0,0,0,0,0,0,29,0,0,336,46,73,25,61,140,93,31,1,0,0,0,0,0,0,4,0,0,3,3,1,3,3,12,0,8,0,0,0,0,0,1,0,10,0,0,5,5,5,7,8,11,4,4,1,0,0,0,0,0,0,0,0,0,0,2,2,2,2,1,3,4,0,0,0,0,0,1,0,12,2,0,61,22,39,26,31,49,41,26,11,0,0,0,0,0,0,0,0,0,1,1,1,0,1,0,0,1,0,0,0,0,0,0,0,0,0,0,1,0,0,0,0,2,0,0,0,0,0,0,0,0,0,11,0,0,3,1,2,2,4,5,3,1,0,0,0,0,0,0,0,0,0,0,3,1,2,1,1,4,1,1,1,0,0,0,0,1,0,40,2,0,125,25,45,35,43,64,60,29,11,0,0,0,0,0,0,0,0,0,0,0,0,0,0,0,0,0,0,0,0,0,0,0,0,11,0,0,18,3,3,9,11,23,18,15,4,0,0,0,0,1,0,10,0,0,6,6,6,8,9,11,5,5,1,0,0,0,0,0,0,0,0,0,1,0,0,1,0,2,0,0,1,0,0,0,0,0,0,1,0,0,0,0,0,0,0,0,0,0,0,0,0,0,0,0,0,0,0,0,0,0,0,0,0,0,0,0,0,0,0,0,0,0,0,0,0,0,0,0,0,0,0,0,0,0,0,0,0,0,0,0,0,26,2,0,100,17,36,18,24,32,37,10,5,0,0,0,0,0,0,0,0,0,0,0,0,0,0,0,0,0,0,0,0,0,0,0,0,0,0,0,0,0,0,0,0,0,0,0,0
Deloitte,667369363331771,61,0,0,0,0,0,0,0,0,0,0,0,0,2,3,8,3,0,1,0,0,0,0,0,0,0,0,0,0,0,0,0,1,1,0,0,0,0,0,0,0,0,0,0,0,0,0,0,0,1,0,2,1,0,0,0,0,0,0,0,0,0,0,0,0,0,0,1,0,2,1,0,0,0,0,0,0,0,0,0,0,0,0,0,0,0,0,0,0,0,0,0,0,0,0,0,0,0,0,0,0,0,0,2,1,8,1,0,1,0,0,0,0,0,0,0,0,0,0,0,0,0,0,0,0,0,0,0,0,0,0,0,0,0,0,0,0,0,0,2,2,7,3,0,1,0,0,0,0,0,0,0,0,0,0,0,0,0,0,0,0,0,0,0,0,0,0,0,0,0,0,0,0,0,0,0,0,0,0,0,0,0,0,0,0,0,0,0,0,0,0,0,0,0,0,2,0,0,0,0,0,0,0,0,0,0,0,0,0,0,0,0,0,0,0,0,0,0,0,0,0,0,0,0,0,0,0,0,0,2,3,6,3,0,1,0,0,0,0,0,0,0,0,0,0,0,0,0,0,0,0,0,0,0,0,0,0,0,0,0,0,0,0,0,0,0,0,0,0,0,0,0,0,0,0,0,0,0,0,0,0,0,0,2,1,8,1,0,1,0,0,0,0,0,0,0,0,0,0,0,0,0,0,0,0,0,0,0,0,0,0,0,0,0,0,0,0,0,0,0,0,0,0,0,0,0,0,0,0,0,0,0,0,0,0,0,0,0,0,0,0,0,0,0,0,0,0,0,0,0,0,0,0,0,0,0,0,0,0,0,0,0,0,0,0,0,0,0,0,0,0,0,0,0,2,0,2,0,0,0,0,0,0,0,0,0,0,0,0,0,0,0,0,0,0,0,0,0,0,0,0,0,0,0,0,0,0,0,0,0,0,0,0,0,0
CH2M Hill,130017893696618,97,0,0,0,0,0,0,13,1,0,20,17,35,25,45,6,13,1,0,0,0,0,0,0,0,13,2,0,34,37,43,26,37,9,6,0,0,0,0,0,0,0,0,0,0,0,16,6,94,2,7,3,2,0,0,0,0,0,0,0,0,0,0,0,16,6,94,2,7,3,2,0,0,0,0,0,0,0,0,0,0,0,6,0,8,0,0,0,0,0,0,0,0,0,0,0,0,2,0,0,2,0,3,1,4,0,1,0,0,0,0,0,0,0,0,0,0,0,0,0,0,0,0,0,1,0,0,0,0,0,0,0,0,5,0,0,11,1,5,6,13,0,7,1,0,0,0,0,0,0,0,0,0,0,0,0,0,0,0,0,0,0,0,0,0,0,0,0,0,0,0,0,0,0,0,0,0,0,2,0,0,0,0,0,0,0,0,0,0,0,2,0,4,0,5,0,1,0,0,0,0,0,0,0,0,0,0,0,0,0,0,0,0,0,0,0,0,0,0,0,0,0,0,13,1,0,19,17,32,25,45,6,12,1,0,0,0,0,0,0,0,0,0,0,0,0,0,0,1,0,0,0,0,0,0,0,0,0,0,0,0,0,0,0,0,0,0,0,0,0,0,0,0,0,0,0,0,2,0,0,2,0,3,1,4,0,1,0,0,0,0,0,0,0,0,0,0,0,0,0,0,0,0,0,0,0,0,0,0,0,0,0,0,0,0,0,1,0,1,0,0,0,0,0,0,0,0,0,0,0,0,0,0,0,0,0,0,0,0,0,0,0,0,0,0,0,0,0,0,0,0,0,0,0,0,0,0,0,0,0,0,0,0,0,0,0,0,11,1,0,17,17,31,24,41,6,12,1,0,0,0,0,0,0,0,0,0,0,0,0,0,0,0,0,0,0,0,0,0,0,0,0,0,0,0,0,0,0,0,0,0,0,0,0,0
