Company Name,liPageId,1 day ago count(*),1 hour ago count(*),1 month ago count(*),10 days ago count(*),10 hours ago count(*),10 months ago count(*),11 days ago count(*),11 hours ago count(*),11 months ago count(*),12 days ago count(*),12 hours ago count(*),12 months ago count(*),13 days ago count(*),13 hours ago count(*),14 days ago count(*),14 hours ago count(*),15 days ago count(*),15 hours ago count(*),16 days ago count(*),16 hours ago count(*),17 days ago count(*),17 hours ago count(*),18 days ago count(*),18 hours ago count(*),19 days ago count(*),19 hours ago count(*),2 days ago count(*),2 hours ago count(*),2 months ago count(*),20 days ago count(*),20 hours ago count(*),21 days ago count(*),21 hours ago count(*),22 days ago count(*),23 days ago count(*),23 hours ago count(*),24 days ago count(*),25 days ago count(*),26 days ago count(*),27 days ago count(*),28 days ago count(*),29 days ago count(*),3 days ago count(*),3 hours ago count(*),3 months ago count(*),38 minutes ago count(*),39 minutes ago count(*),4 days ago count(*),4 hours ago count(*),4 months ago count(*),5 days ago count(*),5 hours ago count(*),5 months ago count(*),50 minutes ago count(*),6 days ago count(*),6 hours ago count(*),6 months ago count(*),7 days ago count(*),7 hours ago count(*),7 months ago count(*),8 days ago count(*),8 hours ago count(*),8 months ago count(*),9 days ago count(*),9 hours ago count(*),9 months ago count(*),"July 18, 2014 count(*)","March 13, 2015 count(*)","October 30, 2014 count(*)",1 day ago likesCount,1 hour ago likesCount,1 month ago likesCount,10 days ago likesCount,10 hours ago likesCount,10 months ago likesCount,11 days ago likesCount,11 hours ago likesCount,11 months ago likesCount,12 days ago likesCount,12 hours ago likesCount,12 months ago likesCount,13 days ago likesCount,13 hours ago likesCount,14 days ago likesCount,14 hours ago likesCount,15 days ago likesCount,15 hours ago likesCount,16 days ago likesCount,16 hours ago likesCount,17 days ago likesCount,17 hours ago likesCount,18 days ago likesCount,18 hours ago likesCount,19 days ago likesCount,19 hours ago likesCount,2 days ago likesCount,2 hours ago likesCount,2 months ago likesCount,20 days ago likesCount,20 hours ago likesCount,21 days ago likesCount,21 hours ago likesCount,22 days ago likesCount,23 days ago likesCount,23 hours ago likesCount,24 days ago likesCount,25 days ago likesCount,26 days ago likesCount,27 days ago likesCount,28 days ago likesCount,29 days ago likesCount,3 days ago likesCount,3 hours ago likesCount,3 months ago likesCount,38 minutes ago likesCount,39 minutes ago likesCount,4 days ago likesCount,4 hours ago likesCount,4 months ago likesCount,5 days ago likesCount,5 hours ago likesCount,5 months ago likesCount,50 minutes ago likesCount,6 days ago likesCount,6 hours ago likesCount,6 months ago likesCount,7 days ago likesCount,7 hours ago likesCount,7 months ago likesCount,8 days ago likesCount,8 hours ago likesCount,8 months ago likesCount,9 days ago likesCount,9 hours ago likesCount,9 months ago likesCount,"July 18, 2014 likesCount","March 13, 2015 likesCount","October 30, 2014 likesCount",1 day ago commentsCount,1 hour ago commentsCount,1 month ago commentsCount,10 days ago commentsCount,10 hours ago commentsCount,10 months ago commentsCount,11 days ago commentsCount,11 hours ago commentsCount,11 months ago commentsCount,12 days ago commentsCount,12 hours ago commentsCount,12 months ago commentsCount,13 days ago commentsCount,13 hours ago commentsCount,14 days ago commentsCount,14 hours ago commentsCount,15 days ago commentsCount,15 hours ago commentsCount,16 days ago commentsCount,16 hours ago commentsCount,17 days ago commentsCount,17 hours ago commentsCount,18 days ago commentsCount,18 hours ago commentsCount,19 days ago commentsCount,19 hours ago commentsCount,2 days ago commentsCount,2 hours ago commentsCount,2 months ago commentsCount,20 days ago commentsCount,20 hours ago commentsCount,21 days ago commentsCount,21 hours ago commentsCount,22 days ago commentsCount,23 days ago commentsCount,23 hours ago commentsCount,24 days ago commentsCount,25 days ago commentsCount,26 days ago commentsCount,27 days ago commentsCount,28 days ago commentsCount,29 days ago commentsCount,3 days ago commentsCount,3 hours ago commentsCount,3 months ago commentsCount,38 minutes ago commentsCount,39 minutes ago commentsCount,4 days ago commentsCount,4 hours ago commentsCount,4 months ago commentsCount,5 days ago commentsCount,5 hours ago commentsCount,5 months ago commentsCount,50 minutes ago commentsCount,6 days ago commentsCount,6 hours ago commentsCount,6 months ago commentsCount,7 days ago commentsCount,7 hours ago commentsCount,7 months ago commentsCount,8 days ago commentsCount,8 hours ago commentsCount,8 months ago commentsCount,9 days ago commentsCount,9 hours ago commentsCount,9 months ago commentsCount,"July 18, 2014 commentsCount","March 13, 2015 commentsCount","October 30, 2014 commentsCount"
Texas Instruments,128,1,0,29,1,0,15,1,0,0,0,0,0,1,0,1,0,1,0,1,0,1,0,1,1,1,0,1,0,30,1,0,1,0,1,2,0,1,1,1,1,1,0,1,0,25,0,0,1,0,31,1,0,33,0,2,0,26,1,0,33,1,0,25,1,0,23,0,0,0,117,0,3476,142,0,928,108,0,0,0,0,0,116,0,54,0,106,0,94,0,54,0,111,48,130,0,65,0,3619,70,0,80,0,166,123,0,109,52,133,98,79,0,121,0,3531,0,0,170,0,2955,106,0,2508,0,114,0,1666,95,0,2164,113,0,1932,86,0,1826,0,0,0,1,0,113,4,0,44,4,0,0,0,0,0,0,0,0,0,0,0,0,0,0,0,1,1,0,0,1,0,79,1,0,1,0,0,1,0,0,1,2,3,1,0,2,0,93,0,0,1,0,103,0,0,65,0,0,0,57,0,0,62,1,0,78,3,0,73,0,0,0
DPR Construction,17,0,0,5,1,0,12,0,0,6,0,0,0,1,0,1,0,1,0,0,0,0,0,0,0,0,0,0,0,10,0,0,0,0,1,0,0,0,0,0,0,1,0,1,0,10,0,0,0,0,6,0,1,5,0,0,0,7,0,0,10,1,0,9,0,0,7,0,0,0,0,0,470,39,0,693,0,0,308,0,0,0,129,0,41,0,181,0,0,0,0,0,0,0,0,0,0,0,1345,0,0,0,0,175,0,0,0,0,0,0,313,0,63,0,969,0,0,0,0,445,0,24,499,0,0,0,296,0,0,741,74,0,414,0,0,318,0,0,0,0,0,3,0,0,36,0,0,5,0,0,0,3,0,0,0,10,0,0,0,0,0,0,0,0,0,0,0,37,0,0,0,0,6,0,0,0,0,0,0,27,0,0,0,24,0,0,0,0,7,0,0,19,0,0,0,2,0,0,47,1,0,5,0,0,6,0,0,0
Orrick Herrington & Sutcliffe,125,1,0,31,2,0,0,0,0,0,0,0,0,0,0,0,0,1,0,1,0,4,0,0,0,0,0,3,0,30,0,0,2,0,1,1,0,1,0,0,1,5,1,1,0,65,0,0,0,0,44,0,0,57,0,4,0,62,3,0,58,0,0,56,1,1,63,0,0,0,1,0,238,9,0,0,0,0,0,0,0,0,0,0,0,0,2,0,19,0,20,0,0,0,0,0,8,0,216,0,0,12,0,2,4,0,0,0,0,6,41,1,3,0,379,0,0,0,0,170,0,0,227,0,14,0,206,11,0,187,0,0,135,2,3,119,0,0,0,0,0,1,0,0,0,0,0,0,0,0,0,0,0,0,0,0,0,0,0,0,0,0,0,0,0,0,0,8,0,0,0,0,0,0,0,0,0,0,0,2,0,0,0,5,0,0,0,0,3,0,0,4,0,0,0,3,0,0,0,0,0,2,0,0,3,0,0,0
Adobe,49,1,0,6,1,0,0,0,0,0,0,0,0,1,0,1,0,2,0,0,0,0,0,0,0,0,0,0,0,8,1,0,1,0,1,0,0,0,0,0,0,0,1,0,0,10,0,0,0,0,6,0,0,8,0,2,0,14,0,0,14,1,0,7,1,0,0,0,0,0,163,0,1573,379,0,0,0,0,0,0,0,0,211,0,209,0,508,0,0,0,0,0,0,0,0,0,0,0,2666,284,0,225,0,201,0,0,0,0,0,0,0,203,0,0,2574,0,0,0,0,2052,0,0,2180,0,297,0,3347,0,0,2144,186,0,1113,171,0,0,0,0,0,2,0,49,9,0,0,0,0,0,0,0,0,0,0,1,0,20,0,0,0,0,0,0,0,0,0,0,0,50,6,0,4,0,1,0,0,0,0,0,0,0,3,0,0,80,0,0,0,0,58,0,0,54,0,4,0,135,0,0,62,3,0,15,2,0,0,0,0,0
Hasbro,92,0,0,5,0,0,6,0,0,7,0,0,1,0,0,1,0,0,0,0,0,0,0,0,0,0,0,0,0,13,0,0,0,0,0,0,0,0,0,0,1,0,0,1,0,6,0,0,0,0,5,0,0,8,0,0,0,5,2,0,3,0,0,3,1,0,1,0,0,0,0,0,695,0,0,273,0,0,340,0,0,23,0,0,115,0,0,0,0,0,0,0,0,0,0,0,0,0,1024,0,0,0,0,0,0,0,0,0,0,83,0,0,41,0,702,0,0,0,0,414,0,0,782,0,0,0,438,159,0,226,0,0,256,152,0,111,0,0,0,0,0,16,0,0,18,0,0,5,0,0,0,0,0,6,0,0,0,0,0,0,0,0,0,0,0,0,0,21,0,0,0,0,0,0,0,0,0,0,2,0,0,1,0,31,0,0,0,0,10,0,0,39,0,0,0,12,6,0,8,0,0,5,6,0,9,0,0,0
Container Store,29,0,0,6,0,0,10,0,0,3,0,0,0,0,0,0,0,0,0,0,0,0,0,0,0,0,0,0,0,3,0,0,0,0,0,0,0,0,0,0,0,1,1,0,0,6,0,0,0,0,6,0,0,7,0,0,0,3,0,0,6,0,0,9,0,0,7,0,0,0,0,0,243,0,0,464,0,0,146,0,0,0,0,0,0,0,0,0,0,0,0,0,0,0,0,0,0,0,156,0,0,0,0,0,0,0,0,0,0,0,18,31,0,0,153,0,0,0,0,236,0,0,229,0,0,0,63,0,0,232,0,0,223,0,0,256,0,0,0,0,0,9,0,0,33,0,0,11,0,0,0,0,0,0,0,0,0,0,0,0,0,0,0,0,0,0,0,10,0,0,0,0,0,0,0,0,0,0,0,0,2,0,0,3,0,0,0,0,6,0,0,7,0,0,0,1,0,0,11,0,0,4,0,0,8,0,0,0
Four Seasons Hotels,111,1,0,21,1,0,23,1,0,21,0,0,3,1,0,1,0,1,1,1,0,1,0,0,0,0,0,1,0,20,1,0,1,0,1,2,0,1,0,0,1,1,1,1,0,24,0,0,0,0,23,0,0,21,0,0,0,22,1,0,22,1,0,26,1,0,22,0,0,0,206,0,10381,176,0,5525,622,0,5864,0,0,605,335,0,235,0,121,183,153,0,888,0,0,0,0,0,412,0,9670,333,0,675,0,193,796,0,259,0,0,491,1022,531,233,0,14181,0,0,0,0,7619,0,0,7092,0,0,0,5758,1513,0,7103,311,0,7231,304,0,4661,0,0,0,8,0,340,4,0,335,19,0,262,0,0,14,2,0,9,0,1,2,6,0,25,0,0,0,0,0,8,0,318,10,0,54,0,1,9,0,9,0,0,22,20,21,4,0,594,0,0,0,0,282,0,0,289,0,0,0,278,72,0,376,3,0,682,9,0,447,0,0,0
Morningstar,98,2,0,47,3,0,29,0,1,19,0,0,0,2,0,1,0,3,0,2,0,3,0,0,0,0,0,1,0,32,1,0,1,0,1,3,0,2,0,0,1,4,2,3,0,25,0,0,0,0,35,0,1,28,0,0,0,44,0,1,38,3,0,35,4,0,23,0,0,0,15,0,984,32,0,331,0,1,352,0,0,0,43,0,9,0,43,0,47,0,36,0,0,0,0,0,20,0,609,29,0,72,0,8,41,0,11,0,0,31,64,21,60,0,524,0,0,0,0,755,0,2,522,0,0,0,704,0,8,579,28,0,612,75,0,511,0,0,0,0,0,13,0,0,8,0,0,8,0,0,0,1,0,0,0,0,0,2,0,0,0,0,0,0,0,0,0,6,1,0,0,0,0,1,0,0,0,0,1,3,2,0,0,11,0,0,0,0,31,0,0,14,0,0,0,17,0,0,8,0,0,13,0,0,23,0,0,0
Bright Horizons Family Solutions,93,1,0,19,1,1,20,1,0,18,1,0,5,1,0,2,1,2,0,1,0,1,0,1,0,1,0,1,0,8,2,0,1,0,1,1,0,0,0,0,0,0,1,1,0,14,0,0,0,0,7,0,0,16,0,0,0,19,1,0,17,1,0,23,1,0,29,0,0,0,11,0,276,7,1,282,17,0,204,10,0,53,7,0,29,3,16,0,15,0,19,0,21,0,19,0,9,0,242,28,0,3,0,28,16,0,0,0,0,0,0,26,9,0,305,0,0,0,0,122,0,0,227,0,0,0,185,23,0,220,7,0,213,9,0,305,0,0,0,0,0,5,0,0,6,2,0,11,0,0,3,0,0,0,1,0,0,0,0,0,0,1,0,0,0,0,0,4,0,0,0,0,0,1,0,0,0,0,0,0,0,1,0,3,0,0,0,0,4,0,0,7,0,0,0,4,5,0,5,0,0,7,0,0,11,0,0,0
USAA,27,1,0,31,1,1,25,0,0,16,0,0,2,1,0,1,0,0,0,1,0,2,0,0,0,0,0,1,0,10,2,0,2,0,2,1,0,1,0,0,2,1,1,1,0,23,0,0,0,0,19,1,0,25,0,2,0,30,3,0,21,0,1,17,1,0,12,0,0,0,63,0,2925,73,81,2110,0,0,1213,0,0,241,305,0,150,0,0,0,82,0,175,0,0,0,0,0,78,0,1306,140,0,152,0,263,56,0,61,0,0,251,53,96,48,0,2328,0,0,0,0,2823,109,0,2409,0,159,0,1743,372,0,1221,0,18,1290,160,0,698,0,0,0,1,0,103,0,4,142,0,0,92,0,0,10,9,0,4,0,0,0,0,0,4,0,0,0,0,0,6,0,26,2,0,1,0,16,5,0,1,0,0,6,3,0,1,0,74,0,0,0,0,100,2,0,124,0,9,0,103,11,0,83,0,0,68,0,0,41,0,0,0
Shared Technologies- ARI,110,1,0,27,1,0,24,0,0,8,0,0,3,1,0,0,0,1,0,1,0,1,0,0,0,0,0,1,0,22,1,0,1,0,1,2,0,1,0,0,1,1,1,1,0,21,0,0,0,0,23,0,0,20,0,1,1,22,1,0,24,1,0,23,1,0,19,0,0,0,4,0,108,1,0,29,0,0,6,0,0,4,2,0,0,0,2,0,2,0,2,0,0,0,0,0,3,0,63,1,0,1,0,2,3,0,6,0,0,0,3,3,2,0,45,0,0,0,0,54,0,0,41,0,1,2,43,4,0,26,2,0,28,3,0,31,0,0,0,0,0,6,0,0,0,0,0,0,0,0,0,1,0,0,0,0,0,0,0,0,0,0,0,0,0,0,0,0,0,0,0,0,0,0,0,0,0,0,0,0,0,0,0,0,0,0,0,0,0,0,0,3,0,0,0,1,0,0,0,0,0,5,0,0,0,0,0,0
Microsoft,85,1,0,5,1,0,0,0,1,0,1,0,0,1,0,2,0,1,0,1,0,2,0,0,0,0,1,0,0,0,0,1,1,0,1,1,0,0,0,0,0,1,2,0,0,0,0,0,0,0,0,0,1,0,0,4,0,0,2,0,0,2,0,0,1,0,0,0,0,0,733,0,2186,683,0,0,0,365,0,1456,0,0,54,0,749,0,952,0,668,0,810,0,0,0,0,507,0,0,0,0,225,229,0,954,1888,0,0,0,0,0,463,1325,0,0,0,0,0,0,0,0,0,116,0,0,1495,0,0,423,0,0,1302,0,0,544,0,0,0,0,0,16,0,51,24,0,0,0,6,0,24,0,0,0,0,29,0,46,0,27,0,21,0,0,0,0,7,0,0,0,0,6,11,0,25,87,0,0,0,0,0,7,35,0,0,0,0,0,0,0,0,0,3,0,0,37,0,0,16,0,0,53,0,0,6,0,0,0,0,0
JM Family Enterprises,22,0,0,6,0,0,10,0,0,4,0,0,1,0,0,0,0,0,0,0,0,0,0,0,0,0,0,1,0,4,0,0,0,0,1,0,0,1,0,0,0,0,0,0,0,6,0,0,0,1,5,0,0,1,0,0,0,4,1,0,6,0,0,12,0,1,4,0,0,0,0,0,0,0,0,57,0,0,0,0,0,0,0,0,0,0,0,0,0,0,0,0,0,0,0,0,0,0,0,0,0,0,0,0,0,0,0,0,0,0,0,0,0,0,0,0,0,0,0,0,0,0,0,0,0,0,41,0,0,0,0,0,40,0,0,0,0,0,0,0,0,0,0,0,10,0,0,0,0,0,0,0,0,0,0,0,0,0,0,0,0,0,0,0,0,0,0,0,0,0,0,0,0,0,0,0,0,0,0,0,0,0,0,0,0,0,0,0,0,0,0,0,0,0,0,2,0,0,0,0,0,0,0,0,0,0,0,0
QuikTrip,75,0,0,1,0,0,3,0,0,0,0,0,0,0,0,0,0,0,0,0,0,0,0,0,0,0,0,1,0,3,0,0,0,0,0,0,0,0,0,0,0,0,0,0,0,1,0,0,0,0,1,0,0,0,0,0,0,3,0,0,8,0,0,1,0,0,3,0,0,0,0,0,61,0,0,389,0,0,0,0,0,0,0,0,0,0,0,0,0,0,0,0,0,0,0,0,83,0,90,0,0,0,0,0,0,0,0,0,0,0,0,0,0,0,124,0,0,0,0,30,0,0,0,0,0,0,170,0,0,488,0,0,27,0,0,142,0,0,0,0,0,1,0,0,18,0,0,0,0,0,0,0,0,0,0,0,0,0,0,0,0,0,0,0,0,0,0,1,0,0,0,0,0,0,0,0,0,0,0,0,0,0,0,0,0,0,0,0,0,0,0,0,0,0,0,8,0,0,42,0,0,1,0,0,0,0,0,0
David Weekley Homes,132,0,0,3,0,0,4,0,0,8,0,0,2,0,0,0,0,1,0,0,0,0,0,0,0,0,0,0,0,5,0,0,0,0,0,0,0,0,0,0,0,1,0,0,0,5,0,0,0,0,3,0,0,4,0,0,0,2,1,0,5,0,0,4,0,0,4,0,0,0,0,0,147,0,0,193,0,0,210,0,0,64,0,0,0,0,60,0,0,0,0,0,0,0,0,0,0,0,403,0,0,0,0,0,0,0,0,0,0,0,126,0,0,0,342,0,0,0,0,133,0,0,179,0,0,0,74,76,0,194,0,0,213,0,0,190,0,0,0,0,0,3,0,0,7,0,0,12,0,0,2,0,0,0,0,0,0,0,0,0,0,0,0,0,0,0,0,9,0,0,0,0,0,0,0,0,0,0,0,6,0,0,0,15,0,0,0,0,1,0,0,4,0,0,0,2,3,0,6,0,0,24,0,0,10,0,0,0
Robert W. Baird,28,1,0,3,1,2,24,0,0,12,0,0,1,2,0,4,0,0,0,2,0,0,0,0,0,0,0,1,0,5,0,0,2,0,0,1,0,0,0,0,0,0,0,0,0,7,0,0,0,0,9,0,0,36,0,1,0,9,0,0,25,1,0,30,0,0,22,0,0,0,4,0,54,9,10,175,0,0,142,0,0,0,10,0,46,0,0,0,14,0,0,0,0,0,0,0,5,0,185,0,0,34,0,0,8,0,0,0,0,0,0,0,0,0,115,0,0,0,0,169,0,0,537,0,27,0,114,0,0,218,19,0,195,0,0,124,0,0,0,0,0,0,0,0,9,0,0,0,0,0,0,0,0,1,0,0,0,0,0,0,0,0,0,0,0,0,0,4,0,0,3,0,0,1,0,0,0,0,0,0,0,0,0,2,0,0,0,0,2,0,0,14,0,0,0,8,0,0,1,0,0,4,0,0,2,0,0,0
Boston Consulting Group,4,1,0,17,0,0,16,1,0,16,0,0,3,1,0,0,0,1,0,0,0,0,0,1,0,0,0,1,0,14,0,0,0,0,1,0,0,0,0,0,1,2,0,0,0,11,0,0,1,0,12,0,0,13,0,0,0,10,1,0,17,1,0,8,0,0,12,0,0,0,613,0,27138,0,0,8269,1264,0,8322,0,0,1091,42,0,0,0,1152,0,0,0,0,0,789,0,0,0,439,0,14310,0,0,0,0,1418,0,0,0,0,0,133,2418,0,0,0,13535,0,0,837,0,9665,0,0,15164,0,0,0,11761,1692,0,12421,2542,0,6554,0,0,8235,0,0,0,14,0,651,0,0,264,29,0,315,0,0,45,1,0,0,0,23,0,0,0,0,0,20,0,0,0,8,0,328,0,0,0,0,21,0,0,0,0,0,7,53,0,0,0,381,0,0,35,0,201,0,0,828,0,0,0,401,39,0,470,75,0,302,0,0,364,0,0,0
TEKsystems,136,3,0,85,3,0,0,0,1,0,1,0,0,3,0,4,0,4,0,4,1,2,0,0,0,0,0,3,0,77,3,0,3,0,4,4,0,4,0,0,4,5,3,4,0,84,0,0,0,0,88,0,0,85,0,4,0,2,3,1,0,4,0,0,4,0,0,0,0,0,128,0,2942,136,0,0,0,27,0,53,0,0,127,0,105,0,93,0,143,31,72,0,0,0,0,0,92,0,3182,132,0,116,0,120,119,0,312,0,0,201,89,91,132,0,3158,0,0,0,0,3230,0,0,1569,0,163,0,119,117,65,0,149,0,0,138,0,0,0,0,0,12,0,183,16,0,0,0,0,0,0,0,0,7,0,10,0,1,0,15,1,1,0,0,0,0,0,3,0,203,9,0,10,0,12,4,0,10,0,0,20,5,1,13,0,241,0,0,0,0,172,0,0,70,0,13,0,3,56,9,0,15,0,0,3,0,0,0,0,0
Build-A-Bear Workshop,70,0,0,0,0,0,0,0,0,0,0,0,0,0,0,0,0,0,0,0,0,0,0,0,0,0,0,0,0,2,0,0,0,0,0,0,0,0,0,0,0,0,0,0,0,0,0,0,0,0,0,0,0,0,0,0,0,0,0,0,1,1,0,2,0,0,2,0,0,0,0,0,0,0,0,0,0,0,0,0,0,0,0,0,0,0,0,0,0,0,0,0,0,0,0,0,0,0,0,0,0,0,0,0,0,0,0,0,0,0,0,0,0,0,0,0,0,0,0,0,0,0,0,0,0,0,0,0,0,0,0,0,0,0,0,0,0,0,0,0,0,0,0,0,0,0,0,0,0,0,0,0,0,0,0,0,0,0,0,0,0,0,0,0,0,0,0,0,0,0,0,0,0,0,0,0,0,0,0,0,0,0,0,0,0,0,0,0,0,0,0,0,0,0,0,0,0,0,0,0,0,0,0,0,0,0,0,0
Brocade Communications Systems,115,2,0,16,2,0,17,0,0,15,0,0,1,1,0,1,0,1,0,1,0,0,0,0,0,0,0,1,0,19,1,0,0,0,1,0,0,1,0,0,1,1,1,1,1,11,0,0,1,0,14,0,0,14,0,1,0,20,1,0,27,1,0,22,0,0,21,0,0,0,125,0,1421,130,0,968,0,0,907,0,0,100,94,0,34,0,55,0,42,0,0,0,0,0,0,0,62,0,1154,179,0,0,0,61,0,0,121,0,0,54,91,96,76,17,836,0,0,101,0,763,0,0,822,0,77,0,815,28,0,944,35,0,917,0,0,1019,0,0,0,3,0,34,0,0,34,0,0,34,0,0,0,1,0,0,0,0,0,0,0,0,0,0,0,0,0,1,0,21,3,0,0,0,1,0,0,0,0,0,0,1,2,2,0,12,0,0,1,0,7,0,0,10,0,1,0,4,1,0,11,0,0,4,0,0,39,0,0,0
Google,3,2,0,17,1,0,8,0,0,17,0,0,0,1,0,1,0,1,0,0,0,1,0,0,0,0,0,0,0,8,0,0,0,0,0,2,0,1,0,0,0,0,2,0,0,20,0,0,0,0,13,0,0,16,0,1,0,13,2,0,12,0,0,7,0,0,9,0,0,0,3126,0,29337,613,0,20311,0,0,12619,0,0,0,2683,0,2177,0,1188,0,0,0,857,0,0,0,0,0,0,0,18565,0,0,0,0,0,1828,0,2112,0,0,0,0,7413,0,0,37741,0,0,0,0,25695,0,0,19674,0,1833,0,11251,4441,0,22330,0,0,30985,0,0,17483,0,0,0,62,0,831,15,0,669,0,0,517,0,0,0,41,0,45,0,35,0,0,0,21,0,0,0,0,0,0,0,384,0,0,0,0,0,45,0,36,0,0,0,0,283,0,0,895,0,0,0,0,771,0,0,445,0,41,0,395,91,0,960,0,0,1133,0,0,578,0,0,0
St. Jude Children's Research Hospital,47,0,0,4,0,0,4,0,0,5,0,0,0,0,0,0,0,0,0,0,0,1,0,0,0,0,0,0,0,4,0,0,0,0,0,1,0,0,0,0,0,0,0,0,0,4,0,0,0,0,3,0,0,6,0,0,1,4,1,0,3,0,0,2,0,0,0,0,0,0,0,0,638,0,0,386,0,0,771,0,0,0,0,0,0,0,0,0,0,0,124,0,0,0,0,0,0,0,897,0,0,0,0,0,195,0,0,0,0,0,0,0,0,0,388,0,0,0,0,330,0,0,1158,0,0,26,298,165,0,92,0,0,73,0,0,0,0,0,0,0,0,23,0,0,14,0,0,46,0,0,0,0,0,0,0,0,0,0,0,1,0,0,0,0,0,0,0,30,0,0,0,0,0,5,0,0,0,0,0,0,0,0,0,24,0,0,0,0,10,0,0,38,0,0,1,10,2,0,2,0,0,4,0,0,0,0,0,0
Accenture,101,2,0,55,3,1,0,0,0,0,0,0,0,3,0,4,0,2,0,2,0,3,0,1,0,0,0,2,0,55,4,0,3,0,3,4,0,3,0,0,3,3,3,2,0,62,0,0,0,0,41,1,0,0,0,3,1,0,3,0,0,3,0,0,4,0,0,0,0,0,458,0,14351,631,94,0,0,0,0,0,0,0,479,0,648,0,376,0,537,0,395,0,157,0,0,0,285,0,14205,730,0,403,0,691,620,0,711,0,0,470,1058,570,1200,0,14215,0,0,0,0,8058,414,0,0,0,1226,75,0,453,0,0,435,0,0,1307,0,0,0,0,0,10,0,226,11,5,0,0,0,0,0,0,0,12,0,7,0,4,0,9,0,1,0,7,0,0,0,2,0,204,13,0,1,0,13,3,0,17,0,0,0,33,4,21,0,162,0,0,0,0,167,3,0,0,0,7,0,0,7,0,0,9,0,0,11,0,0,0,0,0
Salesforce.com,34,6,0,107,7,1,0,1,0,0,1,1,0,7,0,5,1,7,0,6,0,6,0,1,0,1,0,5,0,59,5,0,7,0,5,7,0,6,1,1,6,6,5,3,1,0,0,1,0,0,0,2,0,0,0,6,1,0,6,0,0,9,1,0,5,0,0,0,0,0,457,0,14309,831,50,0,194,0,0,193,153,0,876,0,523,68,612,0,547,0,744,0,217,0,117,0,600,0,8614,609,0,908,0,494,791,0,621,143,344,675,708,376,473,47,0,0,11,0,0,0,248,0,0,0,845,79,0,713,0,0,821,160,0,624,0,0,0,0,0,5,0,243,13,0,0,9,0,0,6,7,0,16,0,7,0,4,0,9,0,7,0,3,0,2,0,7,0,165,12,0,14,0,2,16,0,13,2,8,11,7,2,4,0,0,0,0,0,0,0,1,0,0,0,3,1,0,7,0,0,14,3,0,9,0,0,0,0,0
Mattel,88,1,0,18,1,0,12,0,0,22,0,0,1,1,0,1,0,1,0,1,0,1,0,0,0,0,0,1,0,14,0,0,1,0,1,0,0,0,0,0,1,0,1,1,0,15,0,0,0,0,9,0,1,12,0,0,0,23,1,0,38,1,0,29,1,0,25,0,0,0,112,0,2809,149,0,880,0,0,1022,0,0,35,71,0,81,0,81,0,105,0,77,0,0,0,0,0,203,0,1843,0,0,98,0,159,0,0,0,0,0,86,0,71,196,0,2710,0,0,0,0,1200,0,19,1676,0,0,0,2436,82,0,2627,121,0,1922,113,0,1738,0,0,0,2,0,62,24,0,57,0,0,55,0,0,1,1,0,0,0,4,0,3,0,4,0,0,0,0,0,6,0,39,0,0,5,0,2,0,0,0,0,0,1,0,9,5,0,117,0,0,0,0,38,0,0,59,0,0,0,116,6,0,116,1,0,88,6,0,65,0,0,0
Monsanto,123,1,0,20,2,0,3,0,0,7,1,0,0,2,0,0,0,1,0,1,0,1,0,0,0,0,0,1,0,18,1,0,0,0,2,2,0,2,0,0,1,1,0,1,0,12,0,0,0,0,6,0,0,7,0,0,0,5,0,0,6,0,0,3,1,0,6,0,0,0,66,0,2760,177,0,288,0,0,1107,71,0,0,386,0,0,0,122,0,46,0,94,0,0,0,0,0,159,0,3270,78,0,0,0,295,105,0,382,0,0,205,96,0,131,0,2269,0,0,0,0,1698,0,0,918,0,0,0,841,0,0,636,0,0,254,86,0,412,0,0,0,0,0,65,0,0,12,0,0,52,0,0,0,9,0,0,0,7,0,0,0,3,0,0,0,0,0,1,0,110,1,0,0,0,4,6,0,6,0,0,6,0,0,0,0,91,0,0,0,0,36,0,0,30,0,0,0,58,0,0,26,0,0,13,1,0,24,0,0,0
"ARI, Automotive Resources International",134,1,0,23,1,0,21,0,1,21,0,0,3,1,0,1,0,1,0,1,0,1,0,0,0,0,0,1,0,19,1,0,1,0,1,1,0,1,0,0,1,1,1,1,0,24,0,0,0,0,19,0,0,22,0,1,0,23,1,0,25,1,0,21,1,0,20,0,0,0,5,0,304,27,0,150,0,1,104,0,0,23,4,0,2,0,4,0,3,0,5,0,0,0,0,0,21,0,187,6,0,11,0,10,7,0,0,0,0,7,18,7,10,0,176,0,0,0,0,173,0,0,183,0,9,0,173,12,0,175,6,0,109,8,0,135,0,0,0,0,0,5,0,0,4,0,0,3,0,0,0,0,0,0,0,0,0,0,0,0,0,0,0,0,0,0,0,5,0,0,0,0,0,0,0,0,0,0,0,0,0,2,0,2,0,0,0,0,5,0,0,1,0,0,0,2,1,0,1,1,0,2,0,0,5,0,0,0
Men's Wearhouse,63,0,0,12,0,0,33,0,0,17,0,0,7,0,0,0,0,3,0,0,0,0,0,0,0,0,0,0,0,6,0,0,0,0,0,0,0,3,0,0,1,0,0,1,0,25,0,0,0,0,15,0,0,18,0,0,0,18,0,0,19,0,0,19,0,0,11,0,0,0,0,0,0,0,0,0,0,0,0,0,0,0,0,0,0,0,0,0,0,0,0,0,0,0,0,0,0,0,0,0,0,0,0,0,0,0,0,0,0,0,0,0,0,0,0,0,0,0,0,0,0,0,0,0,0,0,0,0,0,0,0,0,0,0,0,0,0,0,0,0,0,0,0,0,0,0,0,0,0,0,0,0,0,0,0,0,0,0,0,0,0,0,0,0,0,0,0,0,0,0,0,0,0,0,0,0,0,0,0,0,0,0,0,0,0,0,0,0,0,0,0,0,0,0,0,0,0,0,0,0,0,0,0,0,0,0,0,0
MITRE,119,0,0,7,0,0,12,0,0,11,0,0,1,0,0,1,0,0,0,0,0,0,0,0,0,0,0,1,0,6,0,0,0,0,1,0,0,1,0,0,0,1,1,0,0,15,0,0,0,0,10,0,0,13,0,0,0,17,0,0,10,0,0,8,0,0,8,0,0,0,0,0,99,0,0,254,0,0,185,0,0,6,0,0,12,0,0,0,0,0,0,0,0,0,0,0,40,0,162,0,0,0,0,62,0,0,23,0,0,0,21,10,0,0,251,0,0,0,0,142,0,0,191,0,0,0,272,0,0,148,0,0,154,0,0,217,0,0,0,0,0,3,0,0,8,0,0,6,0,0,0,0,0,0,0,0,0,0,0,0,0,0,0,0,0,0,0,4,0,0,0,0,1,0,0,0,0,0,0,0,0,0,0,4,0,0,0,0,0,0,0,10,0,0,0,3,0,0,6,0,0,0,0,0,8,0,0,0
Cisco,99,1,0,0,6,0,0,1,0,0,1,1,0,4,0,3,0,2,0,2,0,2,0,0,0,1,0,2,0,0,2,0,2,0,1,0,0,0,0,0,0,0,0,2,0,0,0,0,0,0,0,1,1,0,0,4,0,0,1,0,0,4,1,0,3,0,0,0,0,0,227,0,0,1103,0,0,129,0,0,146,134,0,822,0,603,0,295,0,281,0,430,0,0,0,269,0,422,0,0,196,0,538,0,193,0,0,0,0,0,0,0,0,577,0,0,0,0,0,0,0,230,58,0,0,1093,0,0,117,0,0,1087,107,0,356,0,0,0,0,0,1,0,0,19,0,0,0,0,0,2,0,0,19,0,15,0,4,0,1,0,9,0,0,0,1,0,6,0,0,1,0,4,0,3,0,0,0,0,0,0,0,0,9,0,0,0,0,0,0,0,7,0,0,0,20,0,0,1,0,0,42,1,0,9,0,0,0,0,0
Kiewit Corporation,147,1,0,14,0,0,13,0,1,0,0,0,0,2,0,1,0,0,0,1,0,0,0,0,0,0,0,0,0,12,0,0,1,0,1,0,0,1,0,0,1,0,1,1,0,14,0,0,0,0,12,0,0,12,0,0,0,16,1,0,13,1,0,12,1,0,16,0,0,0,229,0,3252,0,0,1023,0,115,0,0,0,0,412,0,92,0,0,0,102,0,0,0,0,0,0,0,0,0,2365,0,0,323,0,173,0,0,263,0,0,237,0,186,372,0,3122,0,0,0,0,2824,0,0,1324,0,0,0,1169,182,0,926,100,0,980,221,0,1332,0,0,0,1,0,82,0,0,30,0,0,0,0,0,0,10,0,0,0,0,0,0,0,0,0,0,0,0,0,0,0,57,0,0,7,0,4,0,0,11,0,0,4,0,2,12,0,146,0,0,0,0,180,0,0,46,0,0,0,35,0,0,20,5,0,51,7,0,68,0,0,0
Publix Super Markets,87,0,0,6,0,0,8,0,0,10,0,0,0,0,0,0,0,1,0,0,0,0,0,0,0,0,0,0,0,6,0,0,0,0,1,0,0,0,0,0,0,0,0,1,0,10,0,0,0,0,9,0,0,9,0,1,0,14,1,0,8,0,0,5,1,0,6,0,0,0,0,0,337,0,0,482,0,0,462,0,0,0,0,0,0,0,52,0,0,0,0,0,0,0,0,0,0,0,881,0,0,0,0,92,0,0,0,0,0,0,0,0,341,0,976,0,0,0,0,782,0,0,894,0,93,0,1190,304,0,608,0,0,510,27,0,350,0,0,0,0,0,11,0,0,31,0,0,27,0,0,0,0,0,0,0,1,0,0,0,0,0,0,0,0,0,0,0,52,0,0,0,0,2,0,0,0,0,0,0,0,0,28,0,54,0,0,0,0,51,0,0,73,0,4,0,72,9,0,53,0,0,60,0,0,40,0,0,0
Vanderbilt University,129,1,0,23,1,0,7,0,0,11,0,0,1,1,0,0,0,0,1,0,0,0,0,0,0,0,0,1,0,32,0,0,1,0,1,1,0,1,0,1,1,1,1,1,0,16,0,0,2,0,21,1,0,22,0,1,0,3,1,0,9,1,0,8,1,0,11,0,0,0,10,0,370,13,0,136,0,0,264,0,0,14,8,0,0,0,0,3,0,0,0,0,0,0,0,0,17,0,533,0,0,15,0,50,22,0,25,0,39,24,20,19,16,0,216,0,0,38,0,309,21,0,332,0,13,0,83,16,0,265,21,0,184,49,0,333,0,0,0,0,0,3,0,0,6,0,0,13,0,0,0,0,0,0,0,0,0,0,0,0,0,0,0,0,0,0,0,10,0,0,0,0,0,0,0,0,0,0,0,1,0,0,0,4,0,0,0,0,10,0,0,11,0,1,0,2,0,0,7,0,0,2,1,0,17,0,0,0
Allianz Life Insurance,59,1,0,29,1,0,15,0,0,9,0,0,2,1,0,2,0,0,0,0,0,0,0,0,0,0,0,1,0,19,1,0,2,0,0,1,0,0,0,0,1,1,0,2,0,8,0,0,0,0,5,0,0,24,0,1,0,15,1,0,15,1,0,17,2,0,16,0,0,0,189,0,4649,129,0,1464,0,0,1705,0,0,625,146,0,211,0,0,0,0,0,0,0,0,0,0,0,120,0,3079,235,0,250,0,0,258,0,0,0,0,138,126,0,322,0,1781,0,0,0,0,1286,0,0,3162,0,362,0,1949,226,0,2185,93,0,2482,127,0,1866,0,0,0,1,0,87,1,0,44,0,0,57,0,0,13,0,0,4,0,0,0,0,0,0,0,0,0,0,0,3,0,52,10,0,0,0,0,2,0,0,0,0,0,0,0,10,0,37,0,0,0,0,28,0,0,73,0,7,0,72,6,0,47,15,0,62,3,0,33,0,0,0
Starbucks,82,0,0,12,1,0,22,0,0,12,0,0,2,2,0,0,0,2,0,1,0,1,0,0,0,0,0,1,0,10,0,0,1,0,1,1,0,1,0,1,1,1,1,0,0,19,0,0,0,0,13,0,0,26,0,0,0,22,2,0,15,1,0,16,1,0,25,0,0,0,0,0,6576,350,0,4762,0,0,3986,0,0,906,489,0,0,0,602,0,386,0,201,0,0,0,0,0,368,0,6462,0,0,359,0,255,378,0,318,0,313,788,405,989,0,0,9471,0,0,0,0,5584,0,0,7690,0,0,0,5263,552,0,3463,389,0,5187,548,0,5669,0,0,0,0,0,206,10,0,187,0,0,200,0,0,39,3,0,0,0,9,0,3,0,8,0,0,0,0,0,5,0,224,0,0,8,0,5,6,0,6,0,10,17,5,15,0,0,228,0,0,0,0,107,0,0,273,0,0,0,285,10,0,169,13,0,232,8,0,266,0,0,0
Kimpton Hotels & Restaurants,21,1,0,1,0,0,2,0,0,0,0,0,0,0,0,0,0,0,0,0,0,0,0,0,0,0,0,0,0,4,0,0,0,0,0,1,0,0,0,0,0,0,0,0,0,2,0,0,0,0,0,0,0,1,0,0,0,2,1,0,5,0,0,0,1,0,0,0,0,0,52,0,25,0,0,289,0,0,0,0,0,0,0,0,0,0,0,0,0,0,0,0,0,0,0,0,0,0,389,0,0,0,0,0,71,0,0,0,0,0,0,0,0,0,262,0,0,0,0,0,0,0,41,0,0,0,194,71,0,357,0,0,0,59,0,0,0,0,0,5,0,0,0,0,15,0,0,0,0,0,0,0,0,0,0,0,0,0,0,0,0,0,0,0,0,0,0,23,0,0,0,0,0,0,0,0,0,0,0,0,0,0,0,7,0,0,0,0,0,0,0,0,0,0,0,4,1,0,12,0,0,0,2,0,0,0,0,0
American Express,68,0,0,7,1,0,1,0,0,3,0,1,0,0,0,0,0,0,0,0,0,0,0,0,0,0,0,0,0,4,0,0,0,0,1,0,0,1,0,0,0,1,0,1,0,2,0,0,0,0,0,0,0,3,0,0,0,3,0,0,4,0,0,5,0,0,2,0,0,0,0,0,1524,538,0,1145,0,0,1139,0,100,0,0,0,0,0,0,0,0,0,0,0,0,0,0,0,0,0,2159,0,0,0,0,108,0,0,414,0,0,0,50,0,227,0,757,0,0,0,0,0,0,0,600,0,0,0,886,0,0,2957,0,0,516,0,0,370,0,0,0,0,0,24,13,0,34,0,0,62,0,7,0,0,0,0,0,0,0,0,0,0,0,0,0,0,0,0,0,39,0,0,0,0,3,0,0,10,0,0,0,2,0,4,0,22,0,0,0,0,0,0,0,14,0,0,0,26,0,0,95,0,0,11,0,0,13,0,0,0
Baker Donelson,62,1,0,21,1,2,20,0,0,18,0,0,2,1,0,1,0,1,0,1,0,1,0,0,0,0,0,1,0,20,2,0,1,0,0,1,0,1,0,0,0,0,1,1,0,21,0,0,0,0,15,0,0,15,0,1,0,20,1,0,18,1,0,22,1,0,20,0,0,0,6,0,59,2,4,41,0,0,28,0,0,3,1,0,1,0,1,0,2,0,1,0,0,0,0,0,1,0,49,8,0,3,0,0,6,0,2,0,0,0,0,1,0,0,46,0,0,0,0,14,0,0,38,0,1,0,43,1,0,20,2,0,36,1,0,35,0,0,0,0,0,0,0,0,0,0,0,0,0,0,0,0,0,0,0,0,0,0,0,0,0,0,0,0,0,0,0,2,0,0,0,0,0,0,0,0,0,0,0,0,0,0,0,0,0,0,0,0,2,0,0,1,0,0,0,1,0,0,0,0,0,2,0,0,0,0,0,0
American Fidelity Assurance,55,1,0,30,0,0,28,0,0,29,0,1,4,2,0,1,0,0,0,1,0,0,0,0,0,0,0,1,0,31,0,0,2,0,1,1,0,1,0,0,2,1,1,0,0,25,0,0,0,0,15,0,1,20,0,2,0,21,2,0,36,1,0,29,0,0,23,0,0,0,0,0,88,0,0,28,0,0,118,0,0,28,8,0,1,0,0,0,6,0,0,0,0,0,0,0,0,0,366,0,0,9,0,1,3,0,2,0,0,1,2,1,0,0,70,0,0,0,0,35,0,0,34,0,6,0,28,5,0,38,35,0,43,0,0,33,0,0,0,0,0,1,0,0,0,0,0,0,0,0,0,0,0,0,0,0,0,0,0,0,0,0,0,0,0,0,0,5,0,0,1,0,0,0,0,0,0,0,0,0,0,0,0,2,0,0,0,0,0,0,1,1,0,1,0,0,0,0,4,0,0,0,0,0,1,0,0,0
PCL Construction Enterprises,36,1,0,19,0,0,19,0,0,22,0,0,2,1,0,1,0,1,0,2,0,0,0,0,0,0,0,1,0,11,0,0,0,0,1,2,0,0,0,0,1,0,1,1,0,20,0,0,0,1,11,0,0,10,0,0,0,15,0,0,13,1,0,26,0,0,21,0,0,0,32,0,1601,0,0,1270,0,0,1297,0,0,102,90,0,276,0,74,0,115,0,0,0,0,0,0,0,145,0,1541,0,0,0,0,186,253,0,0,0,0,39,0,114,103,0,2330,0,0,0,18,1412,0,0,948,0,0,0,949,0,0,1057,117,0,1652,0,0,1490,0,0,0,1,0,38,0,0,46,0,0,55,0,0,2,2,0,7,0,0,0,1,0,0,0,0,0,0,0,1,0,37,0,0,0,0,5,0,0,0,0,0,0,0,2,1,0,84,0,0,0,0,29,0,0,25,0,0,0,48,0,0,54,3,0,72,0,0,77,0,0,0
Methodist Hospital System,61,0,0,2,0,0,2,0,0,0,0,0,4,0,0,0,0,0,0,0,0,0,0,0,0,0,0,0,0,2,0,0,0,0,0,0,0,0,0,0,0,1,0,0,0,2,0,0,0,0,1,0,0,2,0,0,1,3,0,0,0,0,0,2,0,0,2,0,0,0,0,0,0,0,0,0,0,0,0,0,0,4,0,0,0,0,0,0,0,0,0,0,0,0,0,0,0,0,0,0,0,0,0,0,0,0,0,0,0,0,0,0,0,0,0,0,0,0,0,0,0,0,0,0,0,0,0,0,0,0,0,0,0,0,0,0,0,0,0,0,0,0,0,0,0,0,0,0,0,0,0,0,0,0,0,0,0,0,0,0,0,0,0,0,0,0,0,0,0,0,0,0,0,0,0,0,0,0,0,0,0,0,0,0,0,0,0,0,0,0,0,0,0,0,0,0,0,0,0,0,0,0,0,0,0,0,0,0
FactSet Research Systems,84,0,0,25,1,0,30,0,0,32,0,1,6,1,0,1,0,2,0,1,0,0,0,0,0,0,0,0,0,15,0,0,1,0,0,1,0,2,0,0,0,0,1,1,0,11,0,0,0,0,9,0,0,12,0,0,0,10,1,0,12,1,0,9,0,0,25,0,0,0,0,0,444,10,0,244,0,0,405,0,5,45,20,0,12,0,28,0,8,0,0,0,0,0,0,0,0,0,319,0,0,20,0,0,9,0,17,0,0,0,0,5,18,0,187,0,0,0,0,129,0,0,149,0,0,0,112,32,0,335,13,0,96,0,0,161,0,0,0,0,0,5,0,0,5,0,0,5,0,0,0,0,0,0,0,0,0,0,0,0,0,0,0,0,0,0,0,13,0,0,0,0,0,1,0,0,0,0,0,0,0,1,0,5,0,0,0,0,0,0,0,1,0,0,0,4,0,0,8,0,0,0,0,0,4,0,0,0
Autodesk,60,2,0,26,2,0,15,0,0,16,0,0,2,2,0,0,0,2,0,0,0,3,0,0,0,0,0,1,0,20,1,0,0,0,1,0,0,1,0,1,1,1,2,1,0,19,0,0,0,0,17,0,0,14,0,1,0,23,0,0,18,2,0,14,0,1,15,0,0,0,135,0,3189,608,0,1110,0,0,1138,0,0,148,135,0,0,0,182,0,0,0,760,0,0,0,0,0,109,0,2395,138,0,0,0,123,0,0,92,0,93,69,63,107,133,0,2089,0,0,0,0,2100,0,0,1552,0,80,0,1301,0,0,1344,139,0,1019,0,39,1160,0,0,0,3,0,80,9,0,39,0,0,28,0,0,1,4,0,0,0,3,0,0,0,17,0,0,0,0,0,3,0,56,2,0,0,0,2,0,0,2,0,3,1,4,2,3,0,58,0,0,0,0,46,0,0,38,0,0,0,31,0,0,32,1,0,30,0,0,28,0,0,0
Colgate-Palmolive,121,7,0,125,16,0,0,0,0,0,0,0,0,6,0,1,0,6,4,9,0,8,0,0,0,0,0,6,0,203,1,0,5,0,10,12,0,9,0,0,3,2,9,9,0,9,0,0,0,0,0,0,0,0,0,28,0,0,1,0,0,5,0,0,6,0,0,0,0,0,0,0,488,0,0,0,0,0,0,0,0,0,0,0,0,0,0,0,0,0,0,0,0,0,0,0,0,0,749,0,0,0,0,0,0,0,0,0,0,0,0,0,0,0,0,0,0,0,0,0,0,0,0,0,0,0,0,0,0,0,0,0,0,0,0,0,0,0,0,0,0,18,0,0,0,0,0,0,0,0,0,0,0,0,0,0,0,0,0,0,0,0,0,0,0,0,0,24,0,0,0,0,0,0,0,0,0,0,0,0,0,0,0,0,0,0,0,0,0,0,0,0,0,0,0,0,0,0,0,0,0,0,0,0,0,0,0,0
Burns & McDonnell,33,3,0,48,2,1,33,0,0,0,0,0,0,2,0,2,0,2,0,2,0,2,0,0,0,0,0,3,0,52,3,0,2,0,4,2,0,1,0,0,3,2,2,2,0,44,0,0,0,0,44,0,1,47,0,3,0,50,2,0,48,2,0,42,2,0,42,0,0,0,69,0,1196,36,5,681,0,0,0,0,0,0,32,0,34,0,38,0,67,0,18,0,0,0,0,0,78,0,1288,108,0,74,0,171,30,0,12,0,0,140,97,54,89,0,877,0,0,0,0,907,0,12,872,0,122,0,1183,38,0,693,53,0,562,27,0,852,0,0,0,3,0,39,4,0,20,0,0,0,0,0,0,1,0,1,0,0,0,0,0,1,0,0,0,0,0,1,0,24,2,0,0,0,1,0,0,0,0,0,0,2,0,0,0,19,0,0,0,0,31,0,0,29,0,3,0,80,0,0,17,0,0,18,0,0,27,0,0,0
Hyatt Hotels,146,0,0,0,0,0,0,0,0,2,0,0,0,0,0,0,0,0,0,0,0,0,0,0,0,0,0,0,0,1,0,0,0,0,0,0,0,0,0,0,0,0,0,0,0,0,0,0,0,0,0,0,0,2,0,0,0,0,0,0,0,0,0,0,0,0,0,0,0,0,0,0,0,0,0,0,0,0,0,0,0,0,0,0,0,0,0,0,0,0,0,0,0,0,0,0,0,0,0,0,0,0,0,0,0,0,0,0,0,0,0,0,0,0,0,0,0,0,0,0,0,0,0,0,0,0,0,0,0,0,0,0,0,0,0,0,0,0,0,0,0,0,0,0,0,0,0,0,0,0,0,0,0,0,0,0,0,0,0,0,0,0,0,0,0,0,0,0,0,0,0,0,0,0,0,0,0,0,0,0,0,0,0,0,0,0,0,0,0,0,0,0,0,0,0,0,0,0,0,0,0,0,0,0,0,0,0,0
NuStar Energy,20,0,0,0,0,0,0,0,0,0,0,0,0,0,0,0,0,0,0,0,0,0,0,0,0,0,0,0,0,1,0,0,0,0,0,0,0,0,0,0,0,0,0,0,0,0,0,0,0,0,0,0,0,0,0,0,0,0,0,0,0,0,0,0,0,0,0,0,0,0,0,0,0,0,0,0,0,0,0,0,0,0,0,0,0,0,0,0,0,0,0,0,0,0,0,0,0,0,7,0,0,0,0,0,0,0,0,0,0,0,0,0,0,0,0,0,0,0,0,0,0,0,0,0,0,0,0,0,0,0,0,0,0,0,0,0,0,0,0,0,0,0,0,0,0,0,0,0,0,0,0,0,0,0,0,0,0,0,0,0,0,0,0,0,0,0,0,1,0,0,0,0,0,0,0,0,0,0,0,0,0,0,0,0,0,0,0,0,0,0,0,0,0,0,0,0,0,0,0,0,0,0,0,0,0,0,0,0
Arnold & Porter,142,1,0,23,0,0,29,0,0,18,0,0,0,1,0,0,0,0,0,1,0,1,0,0,0,0,0,0,0,21,0,0,0,0,2,0,0,4,0,0,2,2,0,1,0,16,0,0,0,0,12,0,0,28,0,4,0,20,0,0,24,1,1,17,0,0,15,0,0,0,4,0,58,0,0,83,0,0,46,0,0,0,2,0,0,0,0,0,1,0,21,0,0,0,0,0,0,0,65,0,0,0,0,3,0,0,7,0,0,2,5,0,3,0,23,0,0,0,0,16,0,0,65,0,7,0,60,0,0,63,0,4,43,0,0,13,0,0,0,0,0,0,0,0,1,0,0,1,0,0,0,1,0,0,0,0,0,0,0,4,0,0,0,0,0,0,0,1,0,0,0,0,0,0,0,0,0,0,0,0,0,0,0,1,0,0,0,0,1,0,0,0,0,1,0,1,0,0,0,0,0,2,0,0,0,0,0,0
S.C. Johnson & Son,112,0,0,148,3,0,0,0,0,0,0,0,0,1,0,1,0,1,0,27,0,88,0,15,0,0,0,0,0,114,6,0,0,0,7,0,0,17,0,0,4,0,4,1,0,52,0,0,2,0,0,0,0,0,0,3,0,0,1,0,0,0,0,0,5,0,0,0,0,0,0,0,0,0,0,0,0,0,0,0,0,0,0,0,0,0,0,0,0,0,0,0,0,0,0,0,0,0,0,0,0,0,0,0,0,0,0,0,0,0,0,0,0,0,0,0,0,0,0,0,0,0,0,0,0,0,0,0,0,0,0,0,0,0,0,0,0,0,0,0,0,0,0,0,0,0,0,0,0,0,0,0,0,0,0,0,0,0,0,0,0,0,0,0,0,0,0,0,0,0,0,0,0,0,0,0,0,0,0,0,0,0,0,0,0,0,0,0,0,0,0,0,0,0,0,0,0,0,0,0,0,0,0,0,0,0,0,0
Arkansas Children's Hospital,113,0,0,1,0,0,0,0,0,2,0,0,0,0,0,0,0,0,0,0,0,0,0,0,0,0,0,1,0,2,0,0,0,0,0,0,0,0,0,0,0,0,0,0,0,1,0,0,0,0,1,0,0,2,0,0,0,1,0,0,0,0,0,1,1,0,0,0,0,0,0,0,21,0,0,0,0,0,19,0,0,0,0,0,0,0,0,0,0,0,0,0,0,0,0,0,2,0,37,0,0,0,0,0,0,0,0,0,0,0,0,0,0,0,16,0,0,0,0,7,0,0,35,0,0,0,10,0,0,0,0,0,6,11,0,0,0,0,0,0,0,0,0,0,0,0,0,0,0,0,0,0,0,0,0,0,0,0,0,0,0,0,0,0,0,0,0,0,0,0,0,0,0,0,0,0,0,0,0,0,0,0,0,0,0,0,0,0,0,0,0,0,0,0,0,1,0,0,0,0,0,0,0,0,0,0,0,0
OhioHealth,97,0,0,1,0,0,1,0,0,1,0,0,0,0,0,0,0,0,0,0,0,0,0,0,0,0,0,0,0,2,0,0,0,0,0,1,0,0,0,0,0,0,0,0,0,2,0,0,0,0,1,0,0,0,0,0,0,1,0,0,0,0,0,1,0,0,2,0,0,0,0,0,157,0,0,76,0,0,6,0,0,0,0,0,0,0,0,0,0,0,0,0,0,0,0,0,0,0,300,0,0,0,0,0,39,0,0,0,0,0,0,0,0,0,306,0,0,0,0,130,0,0,0,0,0,0,51,0,0,0,0,0,65,0,0,404,0,0,0,0,0,4,0,0,0,0,0,0,0,0,0,0,0,0,0,0,0,0,0,0,0,0,0,0,0,0,0,6,0,0,0,0,0,1,0,0,0,0,0,0,0,0,0,2,0,0,0,0,10,0,0,0,0,0,0,1,0,0,0,0,0,1,0,0,18,0,0,0
Grainger,120,1,1,29,0,0,31,0,0,25,0,0,5,1,0,1,0,1,0,1,0,2,0,0,0,0,0,1,0,17,1,0,2,0,2,2,0,1,0,0,0,2,1,2,0,30,0,0,0,0,31,0,0,40,0,0,0,41,1,0,28,2,0,30,1,1,26,0,0,0,38,14,2241,0,0,1578,0,0,1367,0,0,316,53,0,60,0,45,0,44,0,94,0,0,0,0,0,41,0,1625,96,0,110,0,188,113,0,43,0,0,0,204,48,112,0,1553,0,0,0,0,1506,0,0,1851,0,0,0,2063,74,0,1653,70,0,2189,75,27,1351,0,0,0,0,0,36,0,0,74,0,0,55,0,0,10,0,0,0,0,0,0,0,0,2,0,0,0,0,0,1,0,35,3,0,0,0,4,0,0,0,0,0,0,8,1,1,0,31,0,0,0,0,22,0,0,47,0,0,0,75,0,0,61,0,0,143,1,0,49,0,0,0
Marriott International,65,2,0,38,1,0,0,1,0,0,0,1,0,3,0,1,0,3,0,2,0,2,0,1,0,0,0,1,0,31,2,0,2,0,2,1,0,1,1,0,2,1,2,1,0,44,0,0,1,0,45,1,0,29,0,0,0,0,3,0,0,1,0,0,3,0,0,0,0,0,284,0,12882,175,0,0,268,0,0,0,56,0,400,0,318,0,762,0,257,0,353,0,259,0,0,0,193,0,10634,1082,0,345,0,1099,104,0,262,136,0,785,143,684,367,0,11877,0,0,853,0,12420,620,0,8130,0,0,0,0,658,0,0,312,0,0,1064,0,0,0,0,0,5,0,582,5,0,0,8,0,0,0,2,0,22,0,4,0,30,0,4,0,4,0,9,0,0,0,1,0,687,79,0,2,0,44,0,0,8,1,0,9,6,14,5,0,1037,0,0,23,0,728,55,0,566,0,0,0,0,33,0,0,8,0,0,56,0,0,0,0,0
Whole Foods Market,40,1,0,27,0,0,18,1,0,22,1,0,3,0,0,1,0,1,0,0,0,2,0,0,0,0,0,4,0,29,0,0,4,0,0,1,0,0,1,0,1,0,1,1,0,20,0,0,0,0,20,0,0,26,0,2,1,15,1,0,22,1,0,15,1,2,18,0,0,1,0,0,789,0,0,284,0,0,1849,0,0,780,0,0,0,0,0,0,0,0,0,0,0,0,0,0,11,0,2166,0,0,17,0,0,0,0,0,3,0,0,0,0,0,0,1459,0,0,0,0,1427,0,0,1182,0,5,1,741,0,0,505,0,0,550,0,3,856,0,0,45,0,0,29,0,0,22,0,0,118,0,0,47,0,0,0,0,0,0,0,0,0,0,0,0,0,0,0,0,101,0,0,0,0,0,0,0,0,0,0,0,0,0,0,0,62,0,0,0,0,38,0,0,37,0,0,0,62,0,0,28,0,0,24,0,0,79,0,0,18
National Instruments,53,1,0,16,0,0,18,1,0,18,0,0,0,1,0,1,0,3,0,1,0,0,0,1,0,0,0,0,0,22,0,0,2,0,1,1,0,0,0,0,1,0,2,0,0,18,0,0,0,0,15,1,0,16,0,0,0,15,0,0,22,0,0,24,0,0,48,0,0,0,40,0,740,0,0,417,55,0,447,0,0,0,20,0,122,0,128,0,26,0,0,0,72,0,0,0,0,0,934,0,0,86,0,34,23,0,0,0,0,161,0,46,0,0,821,0,0,0,0,719,78,0,622,0,0,0,557,0,0,846,0,0,584,0,0,1099,0,0,0,0,0,8,0,0,5,0,0,9,0,0,0,0,0,0,0,1,0,0,0,0,0,4,0,0,0,0,0,27,0,0,0,0,0,1,0,0,0,0,1,0,0,0,0,9,0,0,0,0,11,1,0,16,0,0,0,5,0,0,18,0,0,8,0,0,25,0,0,0
Hitachi Data Systems,95,9,0,150,6,1,0,0,1,0,0,1,0,9,0,4,0,6,0,4,0,4,0,0,0,1,0,8,0,202,5,0,5,0,4,4,0,4,0,1,7,6,6,9,1,5,0,0,0,0,0,1,1,0,0,7,1,0,8,1,0,7,1,0,8,2,0,0,0,0,127,0,2768,120,2,0,0,5,0,0,14,0,278,0,69,0,161,0,67,0,108,0,0,0,42,0,139,0,3674,118,0,159,0,64,87,0,86,0,25,200,125,103,197,2,128,0,0,0,0,0,137,0,0,0,153,3,0,154,5,0,165,17,0,125,18,0,0,0,0,0,0,19,0,0,0,0,0,0,0,0,0,4,0,0,0,3,0,0,0,1,0,0,0,0,0,1,0,33,0,0,1,0,1,0,0,0,0,0,1,1,0,3,0,1,0,0,0,0,0,9,0,0,0,0,0,0,0,0,0,3,0,0,0,0,0,0,0,0
LifeBridge Health,126,1,0,9,0,0,5,0,0,7,0,0,1,0,0,1,0,0,0,1,0,0,0,0,0,0,0,1,0,7,0,0,1,0,0,0,0,1,0,0,0,0,0,0,0,6,0,0,0,0,7,0,0,6,0,1,0,2,0,0,7,0,0,8,1,0,2,0,0,0,12,0,177,0,0,42,0,0,83,0,0,4,0,0,25,0,0,0,11,0,0,0,0,0,0,0,16,0,84,0,0,21,0,0,0,0,30,0,0,0,0,0,0,0,42,0,0,0,0,46,0,0,61,0,25,0,18,0,0,26,0,0,45,32,0,15,0,0,0,0,0,2,0,0,3,0,0,6,0,0,1,0,0,3,0,0,0,0,0,0,0,0,0,0,0,0,0,2,0,0,0,0,0,0,0,3,0,0,0,0,0,0,0,1,0,0,0,0,0,0,0,2,0,3,0,0,0,0,0,0,0,0,2,0,0,0,0,0
The Everett Clinic,96,0,0,7,0,0,10,0,0,17,0,0,1,0,0,0,0,0,0,1,0,0,0,0,0,0,0,0,0,5,0,0,0,0,0,0,0,0,0,0,0,0,0,0,0,7,0,0,0,0,5,0,0,3,0,0,0,6,0,0,11,0,0,18,0,0,6,0,0,0,0,0,45,0,0,44,0,0,41,0,0,6,0,0,0,0,0,0,14,0,0,0,0,0,0,0,0,0,31,0,0,0,0,0,0,0,0,0,0,0,0,0,0,0,45,0,0,0,0,36,0,0,18,0,0,0,22,0,0,42,0,0,67,0,0,25,0,0,0,0,0,0,0,0,4,0,0,1,0,0,0,0,0,0,0,0,0,0,0,0,0,0,0,0,0,0,0,0,0,0,0,0,0,0,0,0,0,0,0,0,0,0,0,1,0,0,0,0,2,0,0,3,0,0,0,0,0,0,4,0,0,8,0,0,2,0,0,0
Zappos.com,15,0,0,19,1,0,19,0,0,23,0,0,3,2,0,1,0,0,0,1,0,0,0,0,0,0,0,1,0,12,0,0,1,0,0,1,0,1,1,1,1,0,0,0,0,11,0,0,0,0,13,1,0,13,0,1,0,14,0,0,18,2,0,15,0,0,21,0,0,0,0,0,2867,440,0,1985,0,0,2877,0,0,99,113,0,23,0,0,0,57,0,0,0,0,0,0,0,160,0,1183,0,0,43,0,0,232,0,64,236,54,47,0,0,0,0,1037,0,0,0,0,1404,71,0,1956,0,48,0,1704,0,0,1824,110,0,2040,0,0,2903,0,0,0,0,0,88,4,0,72,0,0,151,0,0,3,0,0,0,0,0,0,5,0,0,0,0,0,0,0,3,0,26,0,0,0,0,0,9,0,7,2,0,0,0,0,0,0,49,0,0,0,0,54,4,0,87,0,0,0,66,0,0,108,8,0,116,0,0,109,0,0,0
Kimley-Horn and Associates,139,0,0,16,1,0,6,1,0,4,0,0,0,0,0,0,0,1,0,1,0,1,0,0,0,0,0,0,0,12,0,0,1,0,1,0,0,2,0,0,0,0,0,0,0,13,0,0,0,0,11,0,1,15,0,0,0,13,1,0,10,2,0,15,1,0,8,0,0,0,0,0,711,10,0,261,69,0,152,0,0,0,0,0,0,0,55,0,96,0,27,0,0,0,0,0,0,0,543,0,0,22,0,23,0,0,64,0,0,0,0,0,0,0,425,0,0,0,0,446,0,9,279,0,0,0,340,16,0,359,98,0,412,31,0,215,0,0,0,0,0,8,0,0,7,0,0,8,0,0,0,0,0,0,0,0,0,9,0,0,0,0,0,0,0,0,0,6,0,0,0,0,0,0,0,0,0,0,0,0,0,0,0,10,0,0,0,0,5,0,0,4,0,0,0,7,0,0,26,1,0,7,1,0,8,0,0,0
Ernst & Young,67,1,0,7,6,0,0,1,0,0,1,0,0,4,0,1,1,8,0,6,0,7,0,0,0,0,1,4,0,0,1,0,3,0,2,7,0,3,0,0,4,4,1,5,0,0,0,0,0,0,0,0,0,0,0,2,0,0,7,0,0,7,0,0,3,1,0,0,0,0,156,0,1541,919,0,0,296,0,0,264,0,0,679,0,216,127,1407,0,1131,0,1895,0,0,0,0,128,466,0,0,771,0,727,0,329,1247,0,468,0,0,1055,739,590,990,0,0,0,0,0,0,0,0,0,0,0,326,0,0,1068,0,0,1056,0,0,537,184,0,0,0,0,4,0,18,16,0,0,3,0,0,0,0,0,1,0,3,0,24,0,12,0,24,0,0,0,0,0,3,0,0,7,0,5,0,3,18,0,8,0,0,11,14,12,11,0,0,0,0,0,0,0,0,0,0,0,2,0,0,11,0,0,12,0,0,10,5,0,0,0,0
Cooley,148,1,0,4,0,0,7,0,0,1,0,0,1,1,0,0,0,0,0,0,0,0,0,0,0,0,0,0,0,4,0,0,0,0,0,1,0,0,0,0,0,2,0,0,0,16,0,0,0,0,6,0,0,5,0,0,0,0,0,0,2,0,0,0,0,0,2,0,0,0,13,0,19,0,0,189,0,0,5,0,0,12,12,0,0,0,0,0,0,0,0,0,0,0,0,0,0,0,93,0,0,0,0,0,22,0,0,0,0,0,34,0,0,0,104,0,0,0,0,42,0,0,129,0,0,0,0,0,0,67,0,0,0,0,0,34,0,0,0,1,0,0,0,0,0,0,0,0,0,0,0,0,0,0,0,0,0,0,0,0,0,0,0,0,0,0,0,0,0,0,0,0,0,0,0,0,0,0,0,0,0,0,0,1,0,0,0,0,0,0,0,3,0,0,0,0,0,0,3,0,0,0,0,0,2,0,0,0
SRA International,131,2,0,20,0,0,3,0,0,3,1,0,0,1,0,0,0,0,0,1,0,0,0,0,0,0,0,1,0,56,0,0,0,0,2,0,0,1,1,0,1,0,3,0,0,53,0,0,0,0,5,0,0,15,0,1,1,3,0,0,1,2,0,8,0,0,2,0,0,0,30,0,161,0,0,113,0,0,51,8,0,0,9,0,0,0,0,0,13,0,0,0,0,0,0,0,3,0,180,0,0,0,0,22,0,0,9,8,0,26,0,36,0,0,247,0,0,0,0,110,0,0,492,0,5,6,41,0,0,30,12,0,231,0,0,74,0,0,0,0,0,3,0,0,1,0,0,5,0,0,0,0,0,0,0,0,0,2,0,0,0,0,0,0,0,0,0,0,0,0,0,0,0,0,0,0,0,0,1,0,0,0,0,0,0,0,0,0,3,0,0,22,0,1,0,0,0,0,0,0,0,4,0,0,2,0,0,0
CH2M Hill,116,2,0,39,2,1,47,0,0,21,0,0,0,1,0,2,0,2,0,2,0,2,0,0,0,0,0,2,0,42,1,0,2,0,2,1,0,2,0,0,1,1,2,2,0,42,1,0,0,0,35,0,0,41,0,2,1,45,2,0,45,1,0,42,2,0,37,0,0,0,132,0,5130,136,28,3859,0,0,2180,0,0,0,221,0,211,0,195,0,219,0,350,0,0,0,0,0,167,0,4929,79,0,119,0,270,140,0,292,0,0,116,85,168,356,0,6103,24,0,0,0,3463,0,0,4241,0,211,60,4336,390,0,4466,114,0,3635,255,0,4067,0,0,0,12,0,502,7,0,599,0,0,469,0,0,0,4,0,9,0,11,0,17,0,26,0,0,0,0,0,9,0,459,0,0,42,0,30,7,0,7,0,0,17,0,41,14,0,664,1,0,0,0,796,0,0,276,0,0,1,1287,78,0,1101,3,0,802,46,0,499,0,0,0
EOG Resources,81,0,0,3,0,0,4,0,0,6,0,0,1,0,0,0,0,0,0,0,0,0,0,0,0,0,0,0,0,4,0,0,0,0,0,2,0,0,0,0,0,0,0,0,0,1,0,0,0,0,3,0,0,4,0,0,0,6,0,0,4,0,0,3,0,0,6,0,0,0,0,0,0,0,0,0,0,0,0,0,0,0,0,0,0,0,0,0,0,0,0,0,0,0,0,0,0,0,0,0,0,0,0,0,0,0,0,0,0,0,0,0,0,0,0,0,0,0,0,80,0,0,125,0,0,0,111,0,0,0,0,0,0,0,0,0,0,0,0,0,0,0,0,0,0,0,0,0,0,0,0,0,0,0,0,0,0,0,0,0,0,0,0,0,0,0,0,0,0,0,0,0,0,0,0,0,0,0,0,0,0,0,0,0,0,0,0,0,5,0,0,6,0,0,0,10,0,0,0,0,0,0,0,0,0,0,0,0
J. M. Smucker,117,0,0,2,0,0,0,0,0,0,0,0,0,0,0,0,0,0,0,0,0,1,0,0,0,0,0,0,0,2,0,0,0,0,0,0,0,0,0,0,0,0,0,0,0,4,0,0,0,0,5,0,0,5,0,0,0,5,0,0,0,1,0,0,0,0,0,0,0,0,0,0,382,0,0,0,0,0,0,0,0,0,0,0,0,0,0,0,0,0,163,0,0,0,0,0,0,0,346,0,0,0,0,0,0,0,0,0,0,0,0,0,0,0,461,0,0,0,0,918,0,0,520,0,0,0,995,0,0,0,334,0,0,0,0,0,0,0,0,0,0,22,0,0,0,0,0,0,0,0,0,0,0,0,0,0,0,0,0,6,0,0,0,0,0,0,0,11,0,0,0,0,0,0,0,0,0,0,0,0,0,0,0,12,0,0,0,0,30,0,0,27,0,0,0,45,0,0,0,9,0,0,0,0,0,0,0,0
Schweitzer Engineering Labs,106,1,0,9,0,0,6,0,0,9,0,0,0,2,0,0,0,0,0,2,0,1,0,0,0,0,0,1,0,10,0,0,1,0,1,0,0,0,0,0,1,1,0,2,0,11,0,0,0,0,9,1,0,2,0,0,0,5,0,0,7,1,0,5,0,0,4,0,0,0,32,0,436,0,0,189,0,0,291,0,0,0,126,0,0,0,0,0,92,0,28,0,0,0,0,0,80,0,531,0,0,197,0,65,0,0,0,0,0,49,149,0,136,0,639,0,0,0,0,534,46,0,97,0,0,0,227,0,0,323,38,0,253,0,0,226,0,0,0,1,0,2,0,0,10,0,0,4,0,0,0,0,0,0,0,0,0,0,0,0,0,0,0,0,0,3,0,13,0,0,8,0,0,0,0,0,0,0,0,16,0,1,0,21,0,0,0,0,15,1,0,0,0,0,0,5,0,0,7,0,0,8,0,0,8,0,0,0
Ultimate Software,32,1,0,24,1,0,25,0,1,27,0,0,3,1,0,1,0,1,0,1,0,1,0,0,0,0,0,1,0,23,1,0,1,0,1,1,0,1,0,0,1,1,2,1,0,28,0,0,0,0,24,0,0,20,0,1,1,24,1,0,26,1,0,27,1,0,24,0,0,0,27,0,2218,80,0,664,0,14,689,0,0,103,98,0,41,0,38,0,39,0,43,0,0,0,0,0,39,0,1470,45,0,51,0,36,76,0,60,0,0,153,82,93,82,0,1654,0,0,0,0,798,0,0,491,0,32,19,977,88,0,909,44,0,1071,42,0,631,0,0,0,0,0,40,2,0,11,0,0,19,0,0,2,2,0,1,0,0,0,0,0,0,0,0,0,0,0,0,0,22,2,0,0,0,0,0,0,0,0,0,0,0,1,0,0,48,0,0,0,0,2,0,0,8,0,0,0,37,0,0,17,1,0,32,0,0,9,0,0,0
The Cheesecake Factory,144,1,0,14,1,0,11,0,0,30,0,1,3,1,0,0,0,0,0,1,0,0,0,0,0,0,0,1,0,18,0,0,2,0,0,1,0,1,0,0,1,1,1,2,0,18,0,0,0,0,8,0,0,16,0,3,0,36,1,0,26,2,0,15,1,0,25,0,0,0,8,0,564,25,0,307,0,0,548,0,5,65,20,0,0,0,0,0,21,0,0,0,0,0,0,0,10,0,722,0,0,211,0,0,13,0,15,0,0,19,13,27,47,0,707,0,0,0,0,488,0,0,558,0,110,0,623,9,0,388,36,0,479,19,0,371,0,0,0,0,0,13,1,0,8,0,0,34,0,0,2,0,0,0,0,0,0,0,0,0,0,0,0,0,0,2,0,28,0,0,5,0,0,0,0,0,0,0,0,0,0,1,0,17,0,0,0,0,13,0,0,18,0,1,0,24,0,0,13,4,0,15,0,0,9,0,0,0
Scottrade,38,1,0,13,1,0,9,0,0,9,0,0,1,1,0,1,0,0,0,1,0,1,0,0,0,0,0,0,0,6,0,0,1,0,1,1,0,1,0,0,0,0,1,1,0,9,0,0,0,0,9,0,0,8,0,1,0,7,1,0,5,1,0,9,0,0,8,0,0,0,26,0,214,60,0,147,0,0,212,0,0,6,5,0,42,0,0,0,12,0,6,0,0,0,0,0,0,0,214,0,0,8,0,16,7,0,42,0,0,0,0,23,7,0,163,0,0,0,0,115,0,0,231,0,9,0,92,76,0,86,8,0,148,0,0,114,0,0,0,0,0,10,2,0,7,0,0,10,0,0,5,0,0,0,0,0,0,0,0,0,0,0,0,0,0,0,0,5,0,0,0,0,0,0,0,1,0,0,0,0,0,0,0,1,0,0,0,0,4,0,0,3,0,0,0,0,3,0,4,0,0,7,0,0,1,0,0,0
World Wide Technology,58,1,0,22,1,0,20,0,0,16,0,0,3,1,0,1,0,1,0,1,0,0,0,0,0,0,0,1,0,22,0,0,0,0,1,1,0,0,0,0,2,2,0,1,0,19,0,0,0,0,15,0,0,15,0,0,0,17,2,0,24,1,0,13,2,0,12,0,0,0,29,0,521,48,0,315,0,0,490,0,0,103,19,0,8,0,33,0,12,0,0,0,0,0,0,0,12,0,542,0,0,0,0,6,50,0,0,0,0,36,35,0,26,0,563,0,0,0,0,1164,0,0,330,0,0,0,282,13,0,312,9,0,248,43,0,274,0,0,0,0,0,4,1,0,5,0,0,24,0,0,1,0,0,0,0,0,0,0,0,0,0,0,0,0,0,0,0,11,0,0,0,0,0,0,0,0,0,0,1,0,0,0,0,8,0,0,0,0,41,0,0,10,0,0,0,2,0,0,3,0,0,2,0,0,2,0,0,0
Navy Federal Credit Union,104,0,0,3,0,0,8,0,0,9,0,0,1,0,0,0,0,0,0,0,0,0,0,0,0,0,0,1,0,7,0,0,0,0,0,1,0,0,0,0,0,1,0,0,0,5,0,0,0,0,6,0,0,11,0,0,0,5,0,0,5,0,0,6,0,0,6,0,0,0,0,0,150,0,0,378,0,0,403,0,0,46,0,0,0,0,0,0,0,0,0,0,0,0,0,0,36,0,648,0,0,0,0,0,180,0,0,0,0,0,37,0,0,0,204,0,0,0,0,567,0,0,1005,0,0,0,78,0,0,446,0,0,259,0,0,129,0,0,0,0,0,2,0,0,8,0,0,9,0,0,2,0,0,0,0,0,0,0,0,0,0,0,0,0,0,0,0,12,0,0,0,0,0,7,0,0,0,0,0,0,0,0,0,12,0,0,0,0,6,0,0,33,0,0,0,0,0,0,16,0,0,15,0,0,2,0,0,0
Stew Leonard's,109,0,0,0,0,0,0,0,0,0,0,0,0,0,0,0,0,0,0,0,0,0,0,0,0,0,0,0,0,4,0,0,0,0,0,0,0,0,0,0,0,0,0,0,0,2,0,0,0,0,2,0,0,0,0,0,0,0,0,0,2,0,0,3,0,0,1,0,0,0,0,0,0,0,0,0,0,0,0,0,0,0,0,0,0,0,0,0,0,0,0,0,0,0,0,0,0,0,57,0,0,0,0,0,0,0,0,0,0,0,0,0,0,0,36,0,0,0,0,8,0,0,0,0,0,0,0,0,0,19,0,0,17,0,0,10,0,0,0,0,0,0,0,0,0,0,0,0,0,0,0,0,0,0,0,0,0,0,0,0,0,0,0,0,0,0,0,3,0,0,0,0,0,0,0,0,0,0,0,0,0,0,0,0,0,0,0,0,0,0,0,0,0,0,0,0,0,0,0,0,0,0,0,0,1,0,0,0
Intel,54,1,0,26,1,0,39,0,0,38,0,1,9,1,0,1,0,1,0,1,0,1,0,0,0,0,0,1,0,20,1,0,1,0,1,1,0,2,0,0,1,1,1,1,0,21,0,0,0,0,23,0,0,22,0,1,0,22,1,0,24,1,0,27,1,0,27,0,0,0,101,0,5214,160,0,6840,0,0,5899,0,100,1514,445,0,141,0,194,0,111,0,157,0,0,0,0,0,82,0,5649,281,0,177,0,259,358,0,355,0,0,223,248,174,274,0,6080,0,0,0,0,6401,0,0,6182,0,136,0,6258,122,0,6205,284,0,4952,126,0,5327,0,0,0,7,0,283,3,0,265,0,0,313,0,0,387,11,0,9,0,4,0,10,0,3,0,0,0,0,0,2,0,211,8,0,1,0,7,10,0,9,0,0,6,10,1,12,0,175,0,0,0,0,308,0,0,359,0,0,0,395,0,0,307,5,0,203,4,0,240,0,0,0
Sheetz,143,0,0,0,0,0,0,0,0,1,0,0,0,0,0,0,0,0,0,0,0,0,0,0,0,0,0,1,0,0,0,0,0,0,0,0,0,0,0,0,0,0,0,0,0,1,0,0,0,0,0,0,0,2,0,0,0,0,0,0,0,0,0,1,0,0,0,1,0,0,0,0,0,0,0,0,0,0,4,0,0,0,0,0,0,0,0,0,0,0,0,0,0,0,0,0,8,0,0,0,0,0,0,0,0,0,0,0,0,0,0,0,0,0,15,0,0,0,0,0,0,0,90,0,0,0,0,0,0,0,0,0,7,0,0,0,17,0,0,0,0,0,0,0,0,0,0,0,0,0,0,0,0,0,0,0,0,0,0,0,0,0,0,0,0,0,0,0,0,0,0,0,0,0,0,0,0,0,0,0,0,0,0,1,0,0,0,0,0,0,0,5,0,0,0,0,0,0,0,0,0,0,0,0,0,1,0,0
Balfour Beatty Construction,52,2,0,20,2,1,17,0,0,15,0,0,3,5,0,1,0,0,0,1,0,0,0,0,0,0,0,2,1,16,3,0,2,0,2,1,1,1,0,0,2,0,1,1,0,9,0,0,0,1,9,1,0,16,0,5,0,13,0,0,10,1,0,13,1,0,7,0,0,0,81,0,2586,146,49,724,0,0,513,0,0,163,224,0,59,0,0,0,169,0,0,0,0,0,0,0,103,15,2118,190,0,157,0,153,71,66,94,0,0,158,0,86,104,0,1287,0,0,0,13,1301,76,0,1849,0,305,0,808,0,0,481,176,0,777,116,0,479,0,0,0,0,0,55,1,1,20,0,0,20,0,0,2,6,0,3,0,0,0,4,0,0,0,0,0,0,0,1,0,38,5,0,5,0,3,0,2,4,0,0,0,0,4,1,0,40,0,0,0,0,72,1,0,125,0,10,0,21,0,0,19,2,0,23,11,0,18,0,0,0
Discovery Communications,141,0,0,2,0,0,0,0,0,0,0,0,0,0,0,0,0,0,0,0,0,0,0,0,0,0,0,0,0,2,0,0,1,0,0,0,0,0,0,0,0,0,0,0,0,1,0,0,0,0,0,0,0,2,0,0,0,2,1,0,5,0,0,0,0,0,0,0,0,0,0,0,272,0,0,0,0,0,0,0,0,0,0,0,0,0,0,0,0,0,0,0,0,0,0,0,0,0,660,0,0,56,0,0,0,0,0,0,0,0,0,0,0,0,161,0,0,0,0,0,0,0,205,0,0,0,213,215,0,563,0,0,0,0,0,0,0,0,0,0,0,15,0,0,0,0,0,0,0,0,0,0,0,0,0,0,0,0,0,0,0,0,0,0,0,0,0,29,0,0,3,0,0,0,0,0,0,0,0,0,0,0,0,10,0,0,0,0,0,0,0,14,0,0,0,9,3,0,19,0,0,0,0,0,0,0,0,0
KPMG,103,3,0,136,5,0,0,0,0,0,1,0,0,6,1,5,0,7,0,5,0,3,0,0,0,0,0,5,0,140,6,0,6,0,8,7,0,3,0,1,7,10,5,3,0,60,0,0,0,1,0,1,0,0,0,6,1,0,4,1,0,8,0,0,6,0,0,0,0,0,177,0,8013,220,0,0,0,0,0,80,0,0,451,22,210,0,436,0,162,0,165,0,0,0,0,0,202,0,8456,320,0,343,0,409,327,0,240,0,99,658,705,280,134,0,2899,0,0,0,35,0,100,0,0,0,352,14,0,154,27,0,497,0,0,295,0,0,0,0,0,3,0,80,3,0,0,0,0,0,0,0,0,5,0,2,0,0,0,3,0,9,0,0,0,0,0,4,0,121,0,0,2,0,0,3,0,4,0,0,14,10,3,0,0,33,0,0,0,0,0,1,0,0,0,2,0,0,3,0,0,13,0,0,5,0,0,0,0,0
CHG Healthcare Services,13,1,0,26,1,0,0,0,0,0,0,0,0,1,0,1,0,1,0,1,0,1,0,0,0,0,0,1,0,20,1,0,1,0,1,1,0,1,0,0,1,1,1,1,0,21,0,0,0,0,23,0,0,17,0,1,0,0,1,1,0,1,0,0,1,0,0,0,0,0,9,0,237,7,0,0,0,0,0,0,0,0,10,0,8,0,11,0,27,0,3,0,0,0,0,0,17,0,237,7,0,18,0,6,13,0,17,0,0,8,8,11,5,0,210,0,0,0,0,151,0,0,127,0,9,0,0,12,1,0,10,0,0,11,0,0,0,0,0,0,0,4,0,0,0,0,0,0,0,0,0,0,0,1,0,0,0,0,0,0,0,0,0,0,0,0,0,5,0,0,0,0,0,0,0,0,0,0,0,0,0,0,0,4,0,0,0,0,3,0,0,2,0,0,0,0,0,0,0,0,0,0,0,0,0,0,0,0
Meridian Health,105,1,0,14,1,0,3,0,0,4,0,1,0,1,0,0,0,0,0,0,0,1,0,0,0,1,0,1,0,2,0,0,1,0,1,2,0,0,0,0,2,0,1,0,0,0,0,0,0,0,7,0,0,5,0,0,0,3,1,0,0,0,0,1,1,0,4,0,0,0,15,0,508,16,0,108,0,0,112,0,8,0,12,0,0,0,0,0,0,0,21,0,0,0,10,0,14,0,44,0,0,14,0,20,35,0,0,0,0,32,0,11,0,0,0,0,0,0,0,288,0,0,180,0,0,0,60,12,0,0,0,0,38,37,0,162,0,0,0,0,0,12,0,0,4,0,0,1,0,0,0,0,0,0,0,0,0,0,0,0,0,0,0,1,0,0,0,0,0,0,0,0,1,0,0,0,0,0,0,0,0,0,0,0,0,0,0,0,4,0,0,8,0,0,0,1,0,0,0,0,0,0,0,0,4,0,0,0
Alston & Bird,31,0,0,19,0,0,37,0,0,15,0,0,2,1,0,1,0,1,0,0,0,0,0,0,0,0,0,1,0,21,1,0,1,0,1,1,0,0,0,0,2,2,1,0,1,15,0,0,0,0,14,0,0,17,0,2,0,20,1,0,17,1,0,25,3,0,19,0,0,0,0,0,122,0,0,85,0,0,30,0,0,3,14,0,7,0,3,0,0,0,0,0,0,0,0,0,1,0,145,5,0,4,0,4,7,0,0,0,0,7,5,3,0,1,68,0,0,0,0,114,0,0,84,0,20,0,72,3,0,61,1,0,78,32,0,55,0,0,0,0,0,0,0,0,1,0,0,1,0,0,0,0,0,0,0,0,0,0,0,0,0,0,0,0,0,0,0,3,0,0,0,0,0,0,0,0,0,0,0,0,0,0,0,1,0,0,0,0,1,0,0,4,0,1,0,3,0,0,0,0,0,2,0,0,3,0,0,0
Scripps Health,64,0,0,3,0,0,4,0,0,5,0,0,1,0,0,1,0,0,0,0,0,0,0,0,0,0,0,0,0,4,1,0,0,0,0,0,0,0,0,0,0,1,0,0,0,6,0,0,0,0,3,0,0,4,0,1,1,6,0,0,4,0,0,4,0,0,5,0,0,0,0,0,127,0,0,206,0,0,177,0,0,27,0,0,43,0,0,0,0,0,0,0,0,0,0,0,0,0,199,54,0,0,0,0,0,0,0,0,0,0,27,0,0,0,263,0,0,0,0,93,0,0,216,0,63,7,241,0,0,95,0,0,137,0,0,253,0,0,0,0,0,3,0,0,16,0,0,6,0,0,2,0,0,1,0,0,0,0,0,0,0,0,0,0,0,0,0,10,4,0,0,0,0,0,0,0,0,0,0,0,0,0,0,7,0,0,0,0,1,0,0,3,0,0,1,6,0,0,2,0,0,1,0,0,8,0,0,0
W. L. Gore & Associates,46,0,0,34,0,0,20,0,0,22,0,0,7,1,0,0,0,0,0,0,0,1,0,0,0,0,0,2,0,26,3,0,0,0,0,4,0,1,0,0,2,4,2,2,0,32,0,0,0,0,22,0,0,21,0,1,0,34,1,0,18,1,0,22,1,0,33,0,0,0,0,0,0,0,0,0,0,0,0,0,0,0,0,0,0,0,0,0,0,0,0,0,0,0,0,0,0,0,307,0,0,0,0,0,0,0,0,0,0,0,0,0,0,0,0,0,0,0,0,0,0,0,0,0,0,0,0,0,0,0,0,0,0,0,0,0,0,0,0,0,0,0,0,0,0,0,0,0,0,0,0,0,0,0,0,0,0,0,0,0,0,0,0,0,0,0,0,7,0,0,0,0,0,0,0,0,0,0,0,0,0,0,0,0,0,0,0,0,0,0,0,0,0,0,0,0,0,0,0,0,0,0,0,0,0,0,0,0
Children's Healthcare of Atlanta,57,0,0,5,0,0,5,0,0,5,0,0,1,0,0,0,0,0,0,0,0,0,0,0,0,0,0,1,0,4,0,0,0,0,0,0,0,1,0,0,0,0,0,0,0,4,0,0,0,0,2,0,0,5,0,0,0,4,0,0,4,0,0,3,1,0,3,0,0,0,0,0,891,0,0,425,0,0,673,0,0,58,0,0,0,0,0,0,0,0,0,0,0,0,0,0,210,0,917,0,0,0,0,0,0,0,217,0,0,0,0,0,0,0,691,0,0,0,0,857,0,0,731,0,0,0,320,0,0,800,0,0,559,125,0,285,0,0,0,0,0,14,0,0,12,0,0,40,0,0,1,0,0,0,0,0,0,0,0,0,0,0,0,0,0,0,0,31,0,0,0,0,0,0,0,0,0,0,0,0,0,0,0,21,0,0,0,0,33,0,0,24,0,0,0,3,0,0,26,0,0,23,7,0,9,0,0,0
Genentech,77,4,0,33,2,0,20,1,0,35,1,0,7,0,0,1,0,4,0,4,0,5,0,4,0,4,0,1,1,28,5,0,1,0,4,2,0,2,0,1,0,2,1,1,0,25,0,0,0,0,39,0,0,18,0,2,0,41,1,0,33,2,0,17,3,0,21,0,0,0,278,0,3759,164,0,1823,52,0,2315,35,0,851,0,0,65,0,271,0,213,0,389,0,227,0,168,0,105,16,4336,399,0,89,0,368,314,0,581,0,38,0,721,96,48,0,2854,0,0,0,0,4257,0,0,1329,0,462,0,2577,138,0,2029,183,0,1739,277,0,1614,0,0,0,1,0,64,1,0,74,2,0,66,0,0,87,0,0,0,0,5,0,6,0,12,0,2,0,0,0,0,0,85,15,0,0,0,7,4,0,3,0,0,0,8,8,0,0,40,0,0,0,0,52,0,0,14,0,9,0,62,1,0,59,1,0,56,5,0,53,0,0,0
Baptist Health South Florida,50,2,0,169,8,0,0,0,0,0,0,0,0,8,0,6,0,11,0,6,0,9,18,0,0,0,0,8,0,85,3,0,11,0,3,6,0,5,0,0,5,6,6,6,0,0,0,0,0,0,0,0,0,0,0,16,0,0,5,0,1,5,0,0,9,0,0,0,0,0,0,0,0,0,0,0,0,0,0,0,0,0,0,0,0,0,0,0,0,0,0,0,0,0,0,0,0,0,0,0,0,0,0,0,0,0,0,0,0,0,0,0,0,0,0,0,0,0,0,0,0,0,0,0,0,0,0,0,0,50,0,0,0,0,0,0,0,0,0,0,0,0,0,0,0,0,0,0,0,0,0,0,0,0,0,0,0,0,0,0,0,0,0,0,0,0,0,0,0,0,0,0,0,0,0,0,0,0,0,0,0,0,0,0,0,0,0,0,0,0,0,0,0,0,0,0,0,0,2,0,0,0,0,0,0,0,0,0
NetApp,150,3,0,53,2,0,25,0,0,0,1,0,0,4,0,2,0,2,0,4,0,3,0,0,0,1,0,4,0,55,1,0,3,0,1,3,0,3,1,1,4,3,1,2,0,53,0,0,0,0,36,1,0,33,1,2,0,41,1,0,48,2,0,22,2,1,19,0,0,0,109,0,3004,72,0,2854,0,0,0,49,0,0,293,0,104,0,124,0,175,0,99,0,0,0,32,0,154,0,3068,148,0,66,0,37,81,0,132,38,64,179,68,41,63,0,4003,0,0,0,0,2929,43,0,2215,0,108,0,3814,42,0,3732,68,0,3069,86,29,2050,0,0,0,0,0,49,0,0,75,0,0,0,0,0,0,2,0,2,0,1,0,1,0,6,0,0,0,2,0,5,0,46,0,0,0,0,0,0,0,2,0,1,2,0,0,0,0,43,0,0,0,0,40,0,0,43,0,3,0,87,0,0,57,1,0,49,1,0,74,0,0,0
Capital One,107,0,0,5,0,0,9,0,1,12,0,0,3,0,0,1,0,0,0,0,0,1,0,0,0,0,0,1,0,6,0,0,0,0,1,0,0,0,0,0,1,0,0,1,0,2,0,0,0,0,8,0,0,12,0,1,0,9,0,0,11,0,0,13,2,0,10,0,0,0,0,0,1133,0,0,638,0,48,980,0,0,108,0,0,438,0,0,0,0,0,86,0,0,0,0,0,354,0,1253,0,0,0,0,320,0,0,0,0,0,106,0,0,79,0,459,0,0,0,0,630,0,0,836,0,84,0,483,0,0,324,0,0,990,284,0,803,0,0,0,0,0,16,0,0,26,0,0,54,0,0,5,0,0,22,0,0,0,0,0,0,0,0,0,0,0,7,0,27,0,0,0,0,20,0,0,0,0,0,5,0,0,0,0,13,0,0,0,0,15,0,0,19,0,0,0,18,0,0,12,0,0,30,7,0,30,0,0,0
Umpqua Bank,78,0,0,0,0,0,0,0,0,0,0,0,0,0,0,0,0,0,0,0,0,0,0,0,0,0,0,0,0,0,1,0,0,0,0,0,0,0,0,0,0,0,0,0,0,1,0,0,0,0,0,0,0,0,0,0,0,0,1,0,0,1,0,0,0,0,0,0,1,0,0,0,0,0,0,0,0,0,0,0,0,0,0,0,0,0,0,0,0,0,0,0,0,0,0,0,0,0,0,64,0,0,0,0,0,0,0,0,0,0,0,0,0,0,24,0,0,0,0,0,0,0,0,0,0,0,0,21,0,0,59,0,0,0,0,0,0,55,0,0,0,0,0,0,0,0,0,0,0,0,0,0,0,0,0,0,0,0,0,0,0,0,0,0,0,0,0,0,0,0,0,0,0,0,0,0,0,0,0,0,0,0,0,1,0,0,0,0,0,0,0,0,0,0,0,0,0,0,0,1,0,0,0,0,0,0,0,0
Devon Energy,35,0,0,1,0,0,2,0,0,5,0,0,1,0,0,0,0,1,0,0,0,0,0,0,0,0,0,2,0,1,0,0,0,0,0,0,0,0,0,0,0,0,0,0,0,1,0,0,0,0,4,0,0,7,0,0,0,3,0,0,5,0,0,4,0,0,5,0,0,0,0,0,97,0,0,338,0,0,960,0,0,187,0,0,0,0,77,0,0,0,0,0,0,0,0,0,58,0,74,0,0,0,0,0,0,0,0,0,0,0,0,0,0,0,76,0,0,0,0,692,0,0,893,0,0,0,487,0,0,544,0,0,471,0,0,690,0,0,0,0,0,1,0,0,17,0,0,48,0,0,4,0,0,0,0,1,0,0,0,0,0,0,0,0,0,1,0,4,0,0,0,0,0,0,0,0,0,0,0,0,0,0,0,0,0,0,0,0,27,0,0,44,0,0,0,21,0,0,11,0,0,13,0,0,24,0,0,0
Wegmans Food Markets,9,0,0,13,0,0,5,0,0,10,0,0,1,0,0,0,0,0,0,0,0,0,0,0,0,0,0,0,0,61,0,0,0,0,0,0,0,0,0,0,0,0,0,0,0,36,0,0,0,0,6,0,0,143,0,0,0,146,2,0,3,0,0,8,0,0,5,0,0,0,0,0,122,0,0,195,0,0,401,0,0,108,0,0,0,0,0,0,0,0,0,0,0,0,0,0,0,0,856,0,0,0,0,0,0,0,0,0,0,0,0,0,0,0,197,0,0,0,0,0,0,0,224,0,0,0,356,0,0,35,0,0,309,0,0,51,0,0,0,0,0,1,0,0,9,0,0,16,0,0,18,0,0,0,0,0,0,0,0,0,0,0,0,0,0,0,0,39,0,0,0,0,0,0,0,0,0,0,0,0,0,0,0,5,0,0,0,0,0,0,0,9,0,0,0,19,0,0,0,0,0,27,0,0,6,0,0,0
Sherwin-Williams,130,0,0,19,2,0,29,0,0,34,0,1,0,0,0,0,0,1,0,1,0,0,0,0,0,0,0,0,0,22,2,0,0,0,2,0,0,0,0,0,2,1,1,2,0,22,0,0,0,0,28,0,0,20,0,0,0,37,0,0,34,0,0,57,0,0,42,0,0,0,0,0,0,0,0,0,0,0,0,0,0,0,0,0,0,0,0,0,0,0,0,0,0,0,0,0,0,0,0,0,0,0,0,0,0,0,0,0,0,0,0,0,0,0,0,0,0,0,0,0,0,0,0,0,0,0,0,0,0,0,0,0,0,0,0,0,0,0,0,0,0,0,0,0,0,0,0,0,0,0,0,0,0,0,0,0,0,0,0,0,0,0,0,0,0,0,0,0,0,0,0,0,0,0,0,0,0,0,0,0,0,0,0,0,0,0,0,0,0,0,0,0,0,0,0,0,0,0,0,0,0,0,0,0,0,0,0,0
SAS,8,2,0,44,2,0,0,0,0,0,1,0,0,0,0,1,0,3,0,3,0,1,0,0,0,0,0,4,0,35,1,0,0,0,2,1,0,1,0,1,1,2,3,3,0,38,0,0,0,0,29,1,0,5,0,4,0,0,4,0,0,3,0,0,3,1,0,0,0,0,153,0,3607,161,0,0,0,0,0,77,0,0,0,0,175,0,470,0,292,0,109,0,0,0,0,0,349,0,4208,78,0,0,0,313,53,0,53,0,198,75,213,141,267,0,3892,0,0,0,0,3611,129,0,500,0,255,0,0,305,0,0,138,0,0,204,66,0,0,0,0,0,0,46,2,0,0,0,0,0,2,0,0,0,0,1,0,1,0,1,0,1,0,0,0,0,0,10,0,61,0,0,0,0,3,0,0,0,0,2,0,1,2,4,0,43,0,0,0,0,57,1,0,3,0,5,0,0,2,0,0,0,0,0,1,1,0,0,0,0
SVB Financial Group,48,0,0,0,0,0,0,0,0,83,0,0,0,0,0,0,0,0,0,0,0,0,0,0,0,0,0,0,0,0,0,0,0,0,0,0,0,0,0,0,0,0,0,0,0,0,0,0,0,0,0,0,0,0,0,0,0,0,0,0,0,0,0,0,0,0,0,0,0,0,0,0,0,0,0,0,0,0,0,0,0,0,0,0,0,0,0,0,0,0,0,0,0,0,0,0,0,0,0,0,0,0,0,0,0,0,0,0,0,0,0,0,0,0,0,0,0,0,0,0,0,0,0,0,0,0,0,0,0,0,0,0,0,0,0,0,0,0,0,0,0,0,0,0,0,0,0,0,0,0,0,0,0,0,0,0,0,0,0,0,0,0,0,0,0,0,0,0,0,0,0,0,0,0,0,0,0,0,0,0,0,0,0,0,0,0,0,0,0,0,0,0,0,0,0,0,0,0,0,0,0,0,0,0,0,0,0,0
Roche Diagnostics,138,2,0,35,0,0,0,1,0,0,0,0,0,3,0,1,0,1,0,2,0,3,0,3,0,0,0,3,0,38,2,0,1,1,1,3,0,0,1,0,3,2,1,0,0,37,0,0,1,0,50,0,0,49,0,2,0,46,1,0,49,2,0,38,1,0,27,0,0,0,557,0,8448,0,0,0,296,0,0,0,0,0,678,0,222,0,123,0,890,0,454,0,512,0,0,0,555,0,8821,248,0,250,186,223,617,0,0,342,0,671,300,222,0,0,9803,0,0,246,0,10048,0,0,8156,0,462,0,8608,168,0,8216,352,0,7686,301,0,6414,0,0,0,2,0,357,0,0,0,4,0,0,0,0,0,13,0,8,0,2,0,89,0,15,0,0,0,0,0,16,0,456,31,0,0,1,2,44,0,0,6,0,50,5,2,0,0,576,0,0,7,0,358,0,0,391,0,22,0,842,5,0,598,0,0,524,27,0,506,0,0,0
Stryker,89,1,0,22,2,0,25,0,0,22,0,1,4,1,0,1,0,1,0,1,0,1,0,0,0,0,0,1,0,23,1,0,1,0,1,1,0,1,0,0,1,1,1,1,0,22,0,0,0,0,23,0,0,22,0,1,0,25,1,0,27,2,0,26,1,0,25,0,0,0,116,0,6999,328,0,5234,0,0,4079,0,148,511,352,0,306,0,198,0,413,0,115,0,0,0,0,0,267,0,5241,308,0,233,0,420,445,0,141,0,0,275,75,177,309,0,5496,0,0,0,0,5764,0,0,4926,0,201,0,4313,359,0,4678,564,0,5224,470,0,4343,0,0,0,1,0,127,10,0,182,0,0,180,0,2,17,7,0,4,0,7,0,1,0,0,0,0,0,0,0,12,0,88,8,0,7,0,14,13,0,0,0,0,1,1,4,8,0,94,0,0,0,0,141,0,0,126,0,5,0,130,0,0,155,10,0,220,7,0,185,0,0,0
Gilbane,114,3,0,26,1,0,10,0,0,11,0,0,1,1,1,1,0,2,0,2,0,0,0,0,0,0,0,3,0,29,2,0,0,0,0,1,0,1,0,0,0,0,1,3,0,31,0,0,0,0,13,0,0,18,0,3,0,9,2,1,9,0,0,8,0,0,3,0,0,0,117,0,1308,48,0,453,0,0,350,0,0,37,50,28,89,0,82,0,36,0,0,0,0,0,0,0,46,0,1036,95,0,0,0,0,15,0,24,0,0,0,0,18,139,0,904,0,0,0,0,537,0,0,566,0,181,0,344,41,9,337,0,0,448,0,0,114,0,0,0,5,0,50,0,0,53,0,0,11,0,0,3,0,0,2,0,7,0,2,0,0,0,0,0,0,0,1,0,42,5,0,0,0,0,0,0,0,0,0,0,0,0,1,0,23,0,0,0,0,16,0,0,25,0,4,0,24,1,0,15,0,0,13,0,0,1,0,0,0
Herman Miller,127,1,0,10,0,0,29,0,0,15,0,0,3,1,1,1,0,0,0,0,0,0,0,0,0,0,0,1,0,7,2,0,0,0,1,1,0,0,1,0,1,0,1,0,0,9,0,0,0,0,9,0,0,15,0,1,0,23,1,0,17,0,0,17,1,0,19,0,0,0,56,0,1780,0,0,2001,0,0,868,0,0,148,254,35,52,0,0,0,0,0,0,0,0,0,0,0,32,0,1047,110,0,0,0,38,179,0,0,101,0,44,0,66,0,0,883,0,0,0,0,684,0,0,1367,0,121,0,2112,262,0,1186,0,0,958,42,0,1233,0,0,0,3,0,43,0,0,93,0,0,57,0,0,3,6,0,3,0,0,0,0,0,0,0,0,0,0,0,0,0,21,0,0,0,0,0,7,0,0,1,0,0,0,0,0,0,7,0,0,0,0,12,0,0,23,0,4,0,79,17,0,36,0,0,37,0,0,24,0,0,0
Mayo Clinic,80,1,0,10,0,0,0,0,0,1,0,0,0,0,0,1,0,1,0,1,0,0,0,0,0,0,0,0,0,2,0,0,0,0,1,0,0,0,0,0,0,0,0,0,0,3,0,0,0,0,10,0,0,17,0,0,0,11,0,0,2,0,0,1,0,0,4,0,0,0,86,0,1002,0,0,0,0,0,105,0,0,0,0,0,44,0,24,0,61,0,0,0,0,0,0,0,0,0,105,0,0,0,0,154,0,0,0,0,0,0,0,0,0,0,442,0,0,0,0,273,0,0,590,0,0,0,310,0,0,109,0,0,93,0,0,630,0,0,0,1,0,9,0,0,0,0,0,9,0,0,0,0,0,3,0,2,0,0,0,0,0,0,0,0,0,0,0,0,0,0,0,0,1,0,0,0,0,0,0,0,0,0,0,4,0,0,0,0,8,0,0,14,0,0,0,10,0,0,3,0,0,0,0,0,26,0,0,0
Recreational Equipment (REI),12,0,0,5,0,0,0,0,0,0,0,0,0,1,0,0,0,1,0,0,0,1,0,0,0,0,0,0,0,1,1,0,1,0,0,0,0,0,0,0,0,0,0,0,0,0,0,0,0,0,1,0,0,3,0,0,0,3,0,0,3,0,0,2,0,0,1,0,0,0,0,0,1733,0,0,0,0,0,0,0,0,0,257,0,0,0,217,0,0,0,139,0,0,0,0,0,0,0,310,66,0,216,0,0,0,0,0,0,0,0,0,0,0,0,0,0,0,0,0,361,0,0,1300,0,0,0,7221,0,0,1126,0,0,1230,0,0,423,0,0,0,0,0,31,0,0,0,0,0,0,0,0,0,6,0,0,0,3,0,0,0,0,0,0,0,0,0,0,0,5,0,0,3,0,0,0,0,0,0,0,0,0,0,0,0,0,0,0,0,0,7,0,0,30,0,0,0,423,0,0,48,0,0,55,0,0,19,0,0,0
Quicken Loans,14,1,0,9,0,0,6,0,0,2,0,0,0,0,0,0,0,1,0,0,0,1,0,0,0,0,0,0,0,5,0,0,0,0,1,0,0,1,0,0,0,0,0,1,0,8,0,0,0,0,7,0,0,9,0,0,0,0,0,0,0,0,0,1,0,1,3,0,0,0,16,0,271,0,0,193,0,0,94,0,0,0,0,0,0,0,29,0,0,0,39,0,0,0,0,0,0,0,298,0,0,0,0,21,0,0,33,0,0,0,0,0,22,0,287,0,0,0,0,199,0,0,448,0,0,0,0,0,0,0,0,0,34,0,13,71,0,0,0,0,0,19,0,0,9,0,0,2,0,0,0,0,0,0,0,1,0,0,0,0,0,0,0,0,0,0,0,12,0,0,0,0,1,0,0,2,0,0,0,0,0,6,0,7,0,0,0,0,6,0,0,24,0,0,0,0,0,0,0,0,0,0,0,0,4,0,0,0
Rackspace Hosting,83,4,0,88,1,1,0,0,0,0,0,2,0,1,0,5,0,4,0,3,0,2,0,0,0,0,0,5,0,52,3,0,5,0,3,3,0,2,0,0,2,5,2,4,0,60,0,0,0,0,27,0,1,19,0,3,0,0,3,0,0,3,0,0,2,0,0,0,0,0,78,0,2095,66,9,0,0,0,0,0,73,0,15,0,159,0,75,0,68,0,49,0,0,0,0,0,85,0,1483,112,0,120,0,45,42,0,53,0,0,50,135,37,67,0,1666,0,0,0,0,1088,0,9,754,0,85,0,0,85,0,0,68,0,0,54,0,0,0,0,0,0,0,45,0,0,0,0,0,0,0,4,0,1,0,2,0,0,0,1,0,1,0,0,0,0,0,1,0,16,0,0,0,0,1,1,0,0,0,0,1,2,0,0,0,14,0,0,0,0,13,0,0,8,0,1,0,0,0,0,0,0,0,0,0,0,0,0,0,0
Mars,140,1,0,11,1,1,15,0,0,12,0,0,2,1,0,0,0,1,0,1,0,1,0,0,0,0,0,1,0,19,0,0,1,0,1,1,0,1,0,0,1,1,0,0,0,21,0,0,1,0,11,0,1,19,0,1,0,19,1,0,16,1,0,12,1,0,11,0,0,0,107,0,3240,167,53,3172,0,0,2460,0,0,325,237,0,0,0,255,0,128,0,257,0,0,0,0,0,159,0,4560,0,0,524,0,209,413,0,498,0,0,160,220,0,0,0,4142,0,0,145,0,1592,0,55,3865,0,381,0,3133,142,0,3196,81,0,1321,117,0,2089,0,0,0,2,0,97,3,4,102,0,0,66,0,0,8,4,0,0,0,6,0,4,0,7,0,0,0,0,0,3,0,113,0,0,15,0,6,15,0,1,0,0,0,3,0,0,0,91,0,0,2,0,25,0,1,100,0,7,0,100,2,0,100,0,0,53,3,0,46,0,0,0
Camden Property Trust,11,0,0,3,0,0,9,0,0,2,0,0,1,0,0,0,0,0,0,0,0,1,0,0,0,0,0,0,0,6,0,0,1,0,0,0,0,1,0,0,0,0,1,1,0,3,0,0,0,0,5,0,0,4,0,0,0,6,1,0,8,0,0,2,0,0,3,0,0,0,0,0,123,0,0,184,0,0,31,0,0,7,0,0,0,0,0,0,0,0,69,0,0,0,0,0,0,0,270,0,0,17,0,0,0,0,15,0,0,0,0,15,22,0,76,0,0,0,0,181,0,0,77,0,0,0,116,32,0,148,0,0,47,0,0,47,0,0,0,0,0,2,0,0,7,0,0,1,0,0,0,0,0,0,0,0,0,0,0,0,0,0,0,0,0,0,0,13,0,0,0,0,0,0,0,0,0,0,0,0,0,0,0,0,0,0,0,0,4,0,0,3,0,0,0,0,1,0,5,0,0,0,0,0,1,0,0,0
Plante Moran,45,1,0,39,1,0,4,0,0,0,1,0,0,1,0,3,0,3,0,2,0,4,0,1,0,1,0,2,0,36,4,0,3,0,2,2,0,4,1,1,2,2,3,1,0,52,0,0,3,1,33,1,1,40,0,3,0,34,2,0,61,2,1,53,2,0,42,0,0,0,3,0,257,3,0,16,0,0,0,8,0,0,5,0,20,0,23,0,3,0,16,0,1,0,8,0,10,0,341,13,0,17,0,16,4,0,21,5,4,5,6,7,2,0,236,0,0,10,9,165,6,5,277,0,10,0,228,22,0,456,3,1,304,6,0,278,0,0,0,0,0,3,0,0,0,0,0,0,0,0,0,0,0,1,0,0,0,0,0,0,0,0,0,0,0,0,0,8,0,0,0,0,0,0,0,0,0,0,1,0,0,0,0,10,0,0,0,0,3,0,0,2,0,0,0,11,1,0,4,0,0,4,0,0,12,0,0,0
Winchester Hospital,122,0,0,3,0,0,9,0,0,4,0,0,1,0,0,0,0,0,0,0,0,1,0,0,0,0,0,0,0,8,1,0,0,0,0,0,0,0,0,0,1,0,0,0,0,2,0,0,0,0,5,0,0,7,0,1,0,13,0,0,10,0,0,4,1,0,7,0,0,0,0,0,29,0,0,12,0,0,9,0,0,16,0,0,0,0,0,0,0,0,2,0,0,0,0,0,0,0,16,4,0,0,0,0,0,0,0,0,0,1,0,0,0,0,6,0,0,0,0,15,0,0,17,0,11,0,18,0,0,31,0,0,7,10,0,26,0,0,0,0,0,1,0,0,0,0,0,0,0,0,0,0,0,0,0,0,0,0,0,0,0,0,0,0,0,0,0,0,0,0,0,0,0,0,0,0,0,0,0,0,0,0,0,1,0,0,0,0,1,0,0,0,0,0,0,0,0,0,1,0,0,0,0,0,3,0,0,0
Perkins Coie,66,1,0,43,1,2,39,0,0,38,0,0,5,0,0,1,0,1,0,1,0,5,0,0,0,0,0,0,0,29,0,0,1,0,4,2,0,3,0,0,2,2,2,1,0,45,0,0,0,2,27,0,0,26,0,0,0,30,3,0,36,2,0,31,0,0,25,0,0,0,5,0,169,10,0,52,0,0,94,0,0,16,0,0,4,0,2,0,4,0,6,0,0,0,0,0,0,0,105,0,0,2,0,5,0,0,8,0,0,2,0,3,5,0,135,0,0,0,1,84,0,0,111,0,0,0,63,2,0,44,6,0,75,0,0,55,0,0,0,0,0,2,0,0,0,0,0,1,0,0,0,0,0,0,0,0,0,0,0,0,0,0,0,0,0,0,0,1,0,0,0,0,0,0,0,0,0,0,0,0,0,0,0,0,0,0,0,0,1,0,0,0,0,0,0,1,2,0,0,0,0,2,0,0,2,0,0,0
GoDaddy.com,102,1,0,7,1,0,15,0,0,3,0,0,0,0,0,1,0,1,0,0,0,1,0,0,0,0,0,0,0,13,1,0,1,0,0,1,0,1,0,0,0,0,1,1,0,9,0,0,0,0,9,0,0,8,0,0,1,10,1,0,13,0,0,15,1,0,13,0,0,0,87,0,310,98,0,260,0,0,92,0,0,0,0,0,25,0,24,0,0,0,43,0,0,0,0,0,0,0,661,61,0,42,0,0,51,0,27,0,0,0,0,18,22,0,712,0,0,0,0,545,0,0,327,0,0,30,292,76,0,251,0,0,414,52,0,143,0,0,0,6,0,27,3,0,35,0,0,3,0,0,0,0,0,0,0,4,0,0,0,1,0,0,0,0,0,0,0,44,0,0,8,0,0,2,0,5,0,0,0,0,0,0,0,65,0,0,0,0,24,0,0,17,0,0,2,22,7,0,21,0,0,14,5,0,6,0,0,0
Qualcomm,30,0,0,3,0,0,16,0,0,8,0,0,3,1,0,0,0,1,0,0,0,0,0,0,0,0,0,0,0,5,0,0,0,0,0,0,0,0,0,0,0,0,0,0,0,6,0,0,0,0,3,0,1,6,0,0,0,6,2,0,7,1,0,11,0,0,10,0,0,0,0,0,350,0,0,1978,0,0,824,0,0,338,51,0,0,0,188,0,0,0,0,0,0,0,0,0,0,0,748,0,0,0,0,0,0,0,0,0,0,0,0,0,0,0,1310,0,0,0,0,651,0,39,782,0,0,0,717,200,0,676,443,0,1383,0,0,1345,0,0,0,0,0,6,0,0,84,0,0,31,0,0,15,3,0,0,0,8,0,0,0,0,0,0,0,0,0,0,0,14,0,0,0,0,0,0,0,0,0,0,0,0,0,0,0,35,0,0,0,0,25,0,1,17,0,0,0,47,7,0,22,13,0,94,0,0,48,0,0,0
Aropostale,118,0,0,6,0,0,3,0,0,2,0,0,0,0,0,0,1,0,0,0,0,0,0,0,0,0,0,0,0,11,2,0,0,0,0,0,0,0,0,0,2,0,1,1,0,2,0,0,0,0,0,0,0,4,0,0,0,6,0,0,9,0,0,3,0,0,4,0,0,0,0,0,158,0,0,88,0,0,120,0,0,0,0,0,0,11,0,0,0,0,0,0,0,0,0,0,0,0,228,61,0,0,0,0,0,0,0,0,0,53,0,34,36,0,97,0,0,0,0,0,0,0,126,0,0,0,323,0,0,335,0,0,129,0,0,161,0,0,0,0,0,0,0,0,2,0,0,1,0,0,0,0,0,0,0,0,0,0,0,0,0,0,0,0,0,0,0,1,1,0,0,0,0,0,0,0,0,0,0,0,0,1,0,0,0,0,0,0,0,0,0,4,0,0,0,5,0,0,11,0,0,0,0,0,3,0,0,0
Intuit,26,2,1,25,2,0,2,1,0,5,0,0,1,0,0,1,0,3,0,0,0,2,0,0,0,0,0,1,0,26,0,0,1,0,0,1,0,2,0,0,0,2,2,2,0,29,0,0,0,0,23,0,1,26,0,1,0,29,1,0,25,2,0,5,1,0,2,0,0,0,52,10,671,81,0,105,22,0,309,0,0,109,0,0,80,0,115,0,0,0,146,0,0,0,0,0,26,0,1015,0,0,64,0,0,62,0,62,0,0,0,76,51,78,0,959,0,0,0,0,527,0,5,595,0,9,0,536,34,0,489,84,0,197,15,0,56,0,0,0,0,0,8,1,0,2,0,0,5,0,0,4,0,0,5,0,3,0,0,0,4,0,0,0,0,0,0,0,30,0,0,0,0,0,0,0,0,0,0,0,2,1,1,0,23,0,0,0,0,27,0,0,22,0,0,0,24,0,0,20,1,0,8,1,0,1,0,0,0
Booz Allen Hamilton,94,2,0,103,3,0,0,1,0,0,0,0,0,3,1,4,0,3,0,5,0,7,0,2,0,1,0,2,0,72,7,0,7,0,6,4,0,4,0,0,3,5,2,2,0,48,0,0,0,1,33,0,0,43,0,3,0,43,3,1,33,3,0,28,2,0,0,0,0,0,104,0,5516,139,0,0,23,0,0,0,0,0,82,43,208,0,101,0,180,0,251,0,76,0,17,0,173,0,4410,287,0,262,0,229,148,0,244,0,0,237,196,72,86,0,3105,0,0,0,20,2585,0,0,2327,0,257,0,1822,117,31,1379,125,0,1270,113,0,0,0,0,0,6,0,119,4,0,0,0,0,0,0,0,0,3,0,4,0,1,0,10,0,3,0,1,0,0,0,2,0,107,7,0,2,0,8,2,0,8,0,0,0,6,2,0,0,102,0,0,0,0,58,0,0,54,0,6,0,45,6,2,30,1,0,47,2,0,0,0,0,0
Intercontinental Hotels Group,108,0,0,11,0,0,12,0,0,13,0,0,6,1,0,0,0,0,0,1,0,0,0,0,0,0,0,1,0,10,0,0,1,0,0,1,0,0,0,0,0,1,1,0,0,13,0,0,0,0,14,0,0,8,0,0,0,8,1,0,10,0,0,8,1,0,11,0,0,0,0,0,3312,0,0,2860,0,0,1656,0,0,904,258,0,0,0,0,0,432,0,0,0,0,0,0,0,153,0,3000,0,0,228,0,0,422,0,0,0,0,0,415,489,0,0,4907,0,0,0,0,4898,0,0,3414,0,0,0,2265,328,0,1841,0,0,1711,286,0,2781,0,0,0,0,0,64,0,0,123,0,0,96,0,0,34,0,0,0,0,0,0,12,0,0,0,0,0,0,0,0,0,71,0,0,3,0,0,6,0,0,0,0,0,8,13,0,0,148,0,0,0,0,133,0,0,162,0,0,0,88,3,0,62,0,0,59,3,0,125,0,0,0
TDIndustries,72,1,0,18,1,0,0,0,0,5,0,0,1,1,0,1,0,1,0,0,0,1,0,0,0,0,0,1,0,12,1,0,2,0,0,1,0,1,0,0,0,0,1,1,0,3,0,0,0,0,8,0,0,5,0,0,0,5,0,0,4,1,0,2,0,0,0,0,0,0,13,0,610,26,0,0,0,0,106,0,0,13,23,0,26,0,25,0,0,0,17,0,0,0,0,0,18,0,420,15,0,94,0,0,14,0,35,0,0,0,0,13,19,0,25,0,0,0,0,126,0,0,103,0,0,0,131,0,0,99,18,0,34,0,0,0,0,0,0,0,0,21,0,0,0,0,0,16,0,0,0,0,0,0,0,2,0,0,0,1,0,0,0,0,0,6,0,26,0,0,1,0,0,1,0,0,0,0,0,0,0,0,0,2,0,0,0,0,7,0,0,4,0,0,0,5,0,0,16,2,0,2,0,0,0,0,0,0
Aflac,86,0,0,15,1,0,26,0,0,24,0,0,3,0,0,1,0,1,0,1,0,0,0,0,0,0,0,1,0,14,1,0,1,0,0,1,0,1,0,0,1,0,1,0,0,17,0,0,0,0,20,0,0,21,0,0,0,30,0,0,27,1,0,27,1,0,22,0,0,0,0,0,2143,113,0,1869,0,0,1927,0,0,295,0,0,156,0,181,0,99,0,0,0,0,0,0,0,107,0,1703,66,0,90,0,0,117,0,131,0,0,131,0,61,0,0,2025,0,0,0,0,1641,0,0,1658,0,0,0,2173,0,0,2274,154,0,2114,110,0,1777,0,0,0,0,0,38,2,0,94,0,0,99,0,0,10,0,0,5,0,1,0,0,0,0,0,0,0,0,0,3,0,13,3,0,0,0,0,5,0,0,0,0,1,0,0,0,0,19,0,0,0,0,23,0,0,53,0,0,0,42,0,0,91,3,0,81,3,0,142,0,0,0
Hyland Software,145,2,0,32,2,1,25,0,0,22,0,0,5,1,0,1,1,2,0,1,0,1,0,0,0,0,0,1,0,35,1,0,1,0,1,2,0,2,0,0,1,2,2,2,0,27,0,0,0,0,28,0,0,24,0,1,0,31,2,0,37,1,0,27,2,0,23,0,0,0,27,0,648,16,8,358,0,0,239,0,0,77,51,0,11,9,18,0,8,0,15,0,0,0,0,0,17,0,459,9,0,9,0,8,42,0,51,0,0,14,50,46,20,0,637,0,0,0,0,361,0,0,344,0,18,0,447,69,0,364,41,0,307,6,0,307,0,0,0,0,0,24,0,0,2,0,0,0,0,0,1,0,0,0,0,0,0,0,0,0,0,0,0,0,0,0,0,7,0,0,0,0,0,1,0,1,0,0,0,0,2,0,0,16,0,0,0,0,3,0,0,2,0,0,0,3,1,0,8,0,0,1,0,0,7,0,0,0
Atlantic Health,74,0,0,0,0,0,0,0,0,0,0,0,0,0,0,0,0,0,0,0,0,2,0,0,0,0,0,0,0,70,0,0,0,0,0,0,0,0,0,0,0,0,0,0,0,121,0,0,0,0,86,0,0,75,0,0,0,87,0,0,30,2,0,27,0,0,0,0,0,0,0,0,0,0,0,0,0,0,0,0,0,0,0,0,0,0,0,0,0,0,0,0,0,0,0,0,0,0,0,0,0,0,0,0,0,0,0,0,0,0,0,0,0,0,0,0,0,0,0,0,0,0,0,0,0,0,0,0,0,0,0,0,0,0,0,0,0,0,0,0,0,0,0,0,0,0,0,0,0,0,0,0,0,0,0,0,0,0,0,0,0,0,0,0,0,0,0,0,0,0,0,0,0,0,0,0,0,0,0,0,0,0,0,0,0,0,0,0,0,0,0,0,0,0,0,0,0,0,0,0,0,0,0,0,0,0,0,0
Nordstrom,69,0,0,12,2,0,8,0,0,8,0,0,2,0,0,0,0,0,0,0,0,2,0,0,0,0,0,0,0,9,0,0,0,0,0,0,0,2,0,0,0,0,0,1,0,10,0,0,0,0,7,0,0,11,0,0,0,11,0,0,12,0,0,11,0,0,8,0,0,0,0,0,1677,129,0,1922,0,0,1435,0,0,375,0,0,0,0,0,0,0,0,237,0,0,0,0,0,0,0,2414,0,0,0,0,0,0,0,831,0,0,0,0,0,182,0,1756,0,0,0,0,1192,0,0,2450,0,0,0,1833,0,0,1782,0,0,1769,0,0,1293,0,0,0,0,0,16,1,0,58,0,0,45,0,0,10,0,0,0,0,0,0,0,0,8,0,0,0,0,0,0,0,51,0,0,0,0,0,0,0,39,0,0,0,0,0,6,0,51,0,0,0,0,45,0,0,67,0,0,0,45,0,0,75,0,0,54,0,0,36,0,0,0
Millennium: The Takeda Oncology Company,43,0,0,2,0,0,16,0,0,12,0,0,1,1,0,1,0,0,0,0,0,0,0,0,0,0,0,0,0,3,0,0,0,0,0,0,0,0,0,0,0,1,0,1,0,6,0,0,0,0,4,0,0,9,0,0,0,1,0,0,3,0,0,4,0,1,1,0,0,0,0,0,227,0,0,623,0,0,543,0,0,133,37,0,46,0,0,0,0,0,0,0,0,0,0,0,0,0,385,0,0,0,0,0,0,0,0,0,0,0,82,0,146,0,715,0,0,0,0,410,0,0,799,0,0,0,69,0,0,130,0,0,344,0,18,22,0,0,0,0,0,2,0,0,3,0,0,6,0,0,9,0,0,0,0,0,0,0,0,0,0,0,0,0,0,0,0,4,0,0,0,0,0,0,0,0,0,0,0,0,0,0,0,6,0,0,0,0,4,0,0,14,0,0,0,0,0,0,2,0,0,12,0,0,1,0,0,0
CarMax,100,0,1,2,0,0,0,0,0,0,0,0,0,0,0,1,0,0,0,0,0,0,0,0,0,0,0,0,0,2,0,0,0,0,0,0,0,0,0,0,0,0,0,0,0,0,0,0,0,0,1,0,0,2,0,0,0,2,0,0,0,0,0,0,0,0,0,0,0,0,0,9,315,0,0,0,0,0,0,0,0,0,0,0,25,0,0,0,0,0,0,0,0,0,0,0,0,0,349,0,0,0,0,0,0,0,0,0,0,0,0,0,0,0,0,0,0,0,0,59,0,0,354,0,0,0,139,0,0,0,0,0,0,0,0,0,0,0,0,0,0,4,0,0,0,0,0,0,0,0,0,0,0,2,0,0,0,0,0,0,0,0,0,0,0,0,0,14,0,0,0,0,0,0,0,0,0,0,0,0,0,0,0,0,0,0,0,0,2,0,0,8,0,0,0,7,0,0,0,0,0,0,0,0,0,0,0,0
FedEx,124,1,0,28,1,0,22,0,0,33,0,0,2,2,1,1,0,1,0,1,0,2,0,0,0,0,0,3,0,30,2,0,1,0,1,1,0,1,1,0,1,1,1,1,0,26,0,0,1,0,29,1,0,27,0,1,0,25,1,1,25,2,0,25,1,0,23,0,0,0,170,0,6410,193,0,1271,0,0,1905,0,0,87,548,118,120,0,138,0,673,0,734,0,0,0,0,0,480,0,6049,433,0,210,0,231,206,0,344,318,0,102,344,293,164,0,6942,0,0,151,0,5836,194,0,3655,0,210,0,3518,210,55,4570,224,0,3282,219,0,2243,0,0,0,8,0,179,0,0,33,0,0,76,0,0,4,12,6,4,0,3,0,40,0,19,0,0,0,0,0,9,0,220,6,0,6,0,1,7,0,6,7,0,3,12,6,4,0,373,0,0,4,0,186,7,0,126,0,6,0,230,3,0,344,2,0,203,3,0,175,0,0,0
Novo Nordisk,51,1,0,8,1,0,17,0,0,11,0,0,2,0,0,0,0,0,0,0,0,0,0,1,0,0,0,1,0,9,0,0,1,0,0,0,0,0,0,0,1,1,0,0,0,8,0,0,0,0,11,0,0,11,0,0,0,7,1,0,9,0,0,9,1,0,9,0,0,0,379,0,3853,53,0,5374,0,0,4451,0,0,1007,0,0,0,0,0,0,0,0,0,0,617,0,0,0,321,0,5750,0,0,431,0,0,0,0,0,0,0,632,394,0,0,0,5395,0,0,0,0,9587,0,0,5522,0,0,0,10522,667,0,3378,0,0,4692,259,0,3079,0,0,0,3,0,111,0,0,243,0,0,173,0,0,56,0,0,0,0,0,0,0,0,0,0,1,0,0,0,4,0,128,0,0,9,0,0,0,0,0,0,0,6,0,0,0,0,150,0,0,0,0,340,0,0,138,0,0,0,353,8,0,172,0,0,190,2,0,120,0,0,0
DreamWorks Animation SKG,19,0,0,7,0,0,9,0,0,12,0,0,0,0,0,0,0,0,0,1,0,1,0,0,0,0,0,0,0,4,0,0,1,0,0,0,0,0,0,0,0,0,0,0,0,12,0,0,0,0,6,0,0,7,0,0,0,6,0,0,4,0,0,9,0,0,7,0,0,0,0,0,0,0,0,0,0,0,0,0,0,0,0,0,0,0,0,0,0,0,0,0,0,0,0,0,0,0,0,0,0,0,0,0,0,0,0,0,0,0,0,0,0,0,208,0,0,0,0,0,0,0,0,0,0,0,0,0,0,0,0,0,0,0,0,0,0,0,0,0,0,0,0,0,0,0,0,0,0,0,0,0,0,0,0,0,0,0,0,0,0,0,0,0,0,0,0,0,0,0,0,0,0,0,0,0,0,0,0,0,0,0,0,2,0,0,0,0,0,0,0,0,0,0,0,0,0,0,0,0,0,0,0,0,0,0,0,0
PricewaterhouseCoopers,56,3,0,104,4,1,0,3,0,0,4,0,0,3,0,4,0,3,1,4,0,3,0,2,0,3,0,4,0,112,4,0,4,0,5,1,0,4,2,2,4,4,4,5,0,78,0,0,2,1,53,3,0,32,0,3,1,0,6,0,0,5,0,0,4,1,0,0,0,0,406,0,19167,786,32,0,169,0,0,487,0,0,174,0,1122,0,205,254,600,0,715,0,261,0,162,0,763,0,19161,732,0,238,0,982,1064,0,820,315,483,164,719,616,838,0,16624,0,0,313,134,12012,218,0,4977,0,619,24,0,1018,0,0,197,0,0,403,112,0,0,0,0,4,0,260,21,0,0,1,0,0,3,0,0,3,0,31,0,14,3,3,0,8,0,2,0,1,0,12,0,321,13,0,2,0,13,25,0,7,5,13,2,13,9,4,0,416,0,0,11,0,283,1,0,78,0,7,2,0,23,0,0,3,0,0,4,0,0,0,0,0
Teach For America,79,1,0,21,1,1,21,0,0,21,0,0,3,1,0,1,0,1,0,1,0,1,0,0,0,0,0,1,0,23,1,0,1,0,1,1,0,1,0,0,1,1,1,1,0,23,0,0,0,0,15,0,0,20,0,1,0,22,1,0,22,1,0,21,1,0,20,0,0,0,88,0,1602,190,16,2027,0,0,1463,0,0,381,36,0,24,0,35,0,57,0,47,0,0,0,0,0,213,0,1464,38,0,44,0,25,34,0,34,0,0,42,53,47,59,0,1506,0,0,0,0,1408,0,0,1177,0,101,0,1698,27,0,2404,34,0,2028,88,0,1759,0,0,0,0,0,38,4,0,111,0,0,46,0,0,16,3,0,2,0,0,0,2,0,2,0,0,0,0,0,7,0,32,1,0,1,0,0,3,0,0,0,0,0,6,0,0,0,27,0,0,0,0,39,0,0,37,0,2,0,80,0,0,95,0,0,110,0,0,86,0,0,0
WellStar Health System,135,1,0,7,0,0,10,0,0,14,0,0,2,0,0,2,0,0,0,0,0,0,0,0,0,0,0,0,0,9,0,0,0,0,1,0,0,0,0,0,0,0,0,0,0,14,0,0,0,0,4,0,0,10,0,1,0,8,1,0,16,2,0,9,0,1,4,0,0,0,45,0,548,0,0,428,0,0,573,0,0,48,0,0,49,0,0,0,0,0,0,0,0,0,0,0,0,0,598,0,0,0,0,53,0,0,0,0,0,0,0,0,0,0,882,0,0,0,0,247,0,0,767,0,34,0,303,51,0,478,39,0,265,0,22,184,0,0,0,9,0,9,0,0,11,0,0,52,0,0,1,0,0,0,0,0,0,0,0,0,0,0,0,0,0,0,0,37,0,0,0,0,2,0,0,0,0,0,0,0,0,0,0,50,0,0,0,0,2,0,0,63,0,0,0,6,8,0,24,2,0,4,0,0,8,0,0,0
Credit Acceptance,137,0,0,0,0,0,0,0,0,0,0,0,0,0,0,1,0,0,0,0,0,0,0,0,0,0,0,0,0,2,0,0,0,0,0,0,0,0,0,0,0,0,0,0,0,0,0,0,0,0,0,0,0,2,0,0,0,0,0,0,2,0,0,0,0,0,0,0,0,0,0,0,0,0,0,0,0,0,0,0,0,0,0,0,34,0,0,0,0,0,0,0,0,0,0,0,0,0,71,0,0,0,0,0,0,0,0,0,0,0,0,0,0,0,0,0,0,0,0,0,0,0,51,0,0,0,0,0,0,42,0,0,0,0,0,0,0,0,0,0,0,0,0,0,0,0,0,0,0,0,0,0,0,3,0,0,0,0,0,0,0,0,0,0,0,0,0,1,0,0,0,0,0,0,0,0,0,0,0,0,0,0,0,0,0,0,0,0,0,0,0,1,0,0,0,0,0,0,1,0,0,0,0,0,0,0,0,0
Mercedes-Benz USA,16,0,0,18,0,0,8,0,0,4,0,0,0,0,0,0,0,0,0,0,0,1,0,0,0,0,0,0,0,11,0,0,1,0,1,1,0,1,0,0,1,0,2,0,0,18,0,0,0,0,20,0,0,16,0,0,0,16,0,0,15,0,0,16,0,0,10,0,0,0,0,0,10394,0,0,3712,0,0,2016,0,0,0,0,0,0,0,0,0,0,0,709,0,0,0,0,0,0,0,5989,0,0,483,0,400,440,0,468,0,0,840,0,1016,0,0,11186,0,0,0,0,9378,0,0,8231,0,0,0,6349,0,0,7293,0,0,9102,0,0,4918,0,0,0,0,0,335,0,0,171,0,0,112,0,0,0,0,0,0,0,0,0,0,0,25,0,0,0,0,0,0,0,188,0,0,14,0,8,11,0,8,0,0,13,0,21,0,0,348,0,0,0,0,352,0,0,375,0,0,0,307,0,0,418,0,0,435,0,0,258,0,0,0
Chesapeake Energy,24,0,0,5,0,0,1,1,0,0,0,0,0,0,0,0,0,0,0,0,0,0,0,1,0,0,0,0,0,4,0,0,0,0,0,0,0,0,1,0,0,0,0,0,0,4,0,0,1,0,5,0,0,10,0,0,0,0,0,0,0,0,0,1,0,0,1,0,0,0,0,0,595,0,0,89,130,0,0,0,0,0,0,0,0,0,0,0,0,0,0,0,122,0,0,0,0,0,539,0,0,0,0,0,0,0,0,140,0,0,0,0,0,0,760,0,0,311,0,1021,0,0,1417,0,0,0,0,0,0,0,0,0,50,0,0,24,0,0,0,0,0,22,0,0,6,2,0,0,0,0,0,0,0,0,0,0,0,0,0,0,0,0,0,0,0,0,0,14,0,0,0,0,0,0,0,0,3,0,0,0,0,0,0,29,0,0,10,0,49,0,0,51,0,0,0,0,0,0,0,0,0,4,0,0,6,0,0,0
Goldman Sachs,41,2,0,19,1,0,11,0,0,15,0,0,2,1,0,0,0,0,0,1,0,1,0,0,0,1,0,1,0,15,0,0,1,0,0,0,0,0,0,0,1,1,0,0,0,16,0,0,0,0,21,0,1,11,0,0,0,13,0,0,16,0,0,16,1,0,15,0,0,0,558,0,7917,294,0,2440,0,0,2712,0,0,535,232,0,0,0,0,0,383,0,339,0,0,0,333,0,303,0,5802,0,0,600,0,0,0,0,0,0,0,486,247,0,0,0,6068,0,0,0,0,6756,0,143,2798,0,0,0,2290,0,0,2877,0,0,2215,1063,0,2308,0,0,0,11,0,214,6,0,64,0,0,96,0,0,21,7,0,0,0,0,0,7,0,6,0,0,0,8,0,10,0,135,0,0,13,0,0,0,0,0,0,0,18,8,0,0,0,132,0,0,0,0,147,0,5,121,0,0,0,69,0,0,115,0,0,88,18,0,102,0,0,0
General Mills,71,0,0,19,0,0,17,0,0,14,0,0,1,0,0,0,0,2,0,1,0,1,0,0,0,0,0,1,0,11,0,0,1,0,2,0,0,1,0,0,1,1,0,1,0,16,0,0,0,0,14,0,0,11,0,1,0,17,0,0,17,0,0,13,1,0,12,0,0,0,0,0,2168,0,0,1194,0,0,845,0,0,79,0,0,0,0,133,0,218,0,133,0,0,0,0,0,182,0,1466,0,0,108,0,279,0,0,64,0,0,72,98,0,164,0,1488,0,0,0,0,1011,0,0,925,0,281,0,1196,0,0,988,0,0,1021,97,0,817,0,0,0,0,0,38,0,0,41,0,0,22,0,0,0,0,0,0,0,3,0,0,0,0,0,0,0,0,0,1,0,19,0,0,1,0,3,0,0,0,0,0,4,8,0,3,0,33,0,0,0,0,18,0,0,19,0,8,0,44,0,0,26,0,0,22,3,0,32,0,0,0
Deloitte,76,3,0,72,5,0,0,0,0,0,1,2,0,3,0,3,0,3,0,5,0,4,0,0,0,1,0,4,0,77,3,0,4,0,4,3,0,6,0,0,4,2,3,4,0,102,0,0,0,0,30,1,0,0,0,4,1,0,3,1,0,5,0,0,3,1,0,0,0,0,272,0,11492,727,0,0,0,0,0,207,221,0,446,0,391,0,443,0,839,0,1310,0,0,0,51,0,414,0,13375,448,0,470,0,334,1052,0,2543,0,0,561,217,298,812,0,15237,0,0,0,0,4979,397,0,0,0,815,107,0,291,24,0,700,0,0,304,124,0,0,0,0,7,0,182,14,0,0,0,0,0,0,2,0,12,0,6,0,11,0,9,0,32,0,0,0,0,0,3,0,206,3,0,6,0,0,17,0,59,0,0,5,4,10,36,0,226,0,0,0,0,77,4,0,0,0,18,1,0,4,0,0,7,0,0,5,2,0,0,0,0
