Company Name,twitteruserid,id,2007 count(*),2008 count(*),2009 count(*),2010 count(*),2011 count(*),2012 count(*),2013 count(*),2014 count(*),2015 count(*),2016 count(*),2007 favoriteCount,2008 favoriteCount,2009 favoriteCount,2010 favoriteCount,2011 favoriteCount,2012 favoriteCount,2013 favoriteCount,2014 favoriteCount,2015 favoriteCount,2016 favoriteCount,2007 retweetCount,2008 retweetCount,2009 retweetCount,2010 retweetCount,2011 retweetCount,2012 retweetCount,2013 retweetCount,2014 retweetCount,2015 retweetCount,2016 retweetCount,2007 isReply,2008 isReply,2009 isReply,2010 isReply,2011 isReply,2012 isReply,2013 isReply,2014 isReply,2015 isReply,2016 isReply,2007 isRetweet,2008 isRetweet,2009 isRetweet,2010 isRetweet,2011 isRetweet,2012 isRetweet,2013 isRetweet,2014 isRetweet,2015 isRetweet,2016 isRetweet,2007 isStatusQuote,2008 isStatusQuote,2009 isStatusQuote,2010 isStatusQuote,2011 isStatusQuote,2012 isStatusQuote,2013 isStatusQuote,2014 isStatusQuote,2015 isStatusQuote,2016 isStatusQuote,2007 hasPlace,2008 hasPlace,2009 hasPlace,2010 hasPlace,2011 hasPlace,2012 hasPlace,2013 hasPlace,2014 hasPlace,2015 hasPlace,2016 hasPlace,2007 hasCoords,2008 hasCoords,2009 hasCoords,2010 hasCoords,2011 hasCoords,2012 hasCoords,2013 hasCoords,2014 hasCoords,2015 hasCoords,2016 hasCoords,2007 possiblySensitive,2008 possiblySensitive,2009 possiblySensitive,2010 possiblySensitive,2011 possiblySensitive,2012 possiblySensitive,2013 possiblySensitive,2014 possiblySensitive,2015 possiblySensitive,2016 possiblySensitive,2007 hasExtendedMediaEntities,2008 hasExtendedMediaEntities,2009 hasExtendedMediaEntities,2010 hasExtendedMediaEntities,2011 hasExtendedMediaEntities,2012 hasExtendedMediaEntities,2013 hasExtendedMediaEntities,2014 hasExtendedMediaEntities,2015 hasExtendedMediaEntities,2016 hasExtendedMediaEntities,2007 hasHashtagEntities,2008 hasHashtagEntities,2009 hasHashtagEntities,2010 hasHashtagEntities,2011 hasHashtagEntities,2012 hasHashtagEntities,2013 hasHashtagEntities,2014 hasHashtagEntities,2015 hasHashtagEntities,2016 hasHashtagEntities,2007 hasMediaEntities,2008 hasMediaEntities,2009 hasMediaEntities,2010 hasMediaEntities,2011 hasMediaEntities,2012 hasMediaEntities,2013 hasMediaEntities,2014 hasMediaEntities,2015 hasMediaEntities,2016 hasMediaEntities,2007 hasMentionEntities,2008 hasMentionEntities,2009 hasMentionEntities,2010 hasMentionEntities,2011 hasMentionEntities,2012 hasMentionEntities,2013 hasMentionEntities,2014 hasMentionEntities,2015 hasMentionEntities,2016 hasMentionEntities,2007 hasUrlEntities,2008 hasUrlEntities,2009 hasUrlEntities,2010 hasUrlEntities,2011 hasUrlEntities,2012 hasUrlEntities,2013 hasUrlEntities,2014 hasUrlEntities,2015 hasUrlEntities,2016 hasUrlEntities
Texas Instruments,107,13613292,0,0,0,0,0,0,0,0,2009,1219,0,0,0,0,0,0,0,0,11176,9033,0,0,0,0,0,0,0,0,7615,4962,0,0,0,0,0,0,0,0,271,122,0,0,0,0,0,0,0,0,75,97,0,0,0,0,0,0,0,0,5,19,0,0,0,0,0,0,0,0,0,0,0,0,0,0,0,0,0,0,0,0,0,0,0,0,0,0,0,0,0,0,0,0,0,0,0,0,0,0,740,584,0,0,0,0,0,0,0,0,1260,811,0,0,0,0,0,0,0,0,740,584,0,0,0,0,0,0,0,0,649,495,0,0,0,0,0,0,0,0,1803,1022
DPR Construction,12,36725949,0,0,14,8,5,257,1132,607,516,126,0,0,0,0,1,43,351,610,805,345,0,0,0,12,4,210,1018,716,743,204,0,0,0,0,0,16,94,21,9,2,0,0,0,0,0,21,6,7,58,24,0,0,0,0,0,0,0,0,3,0,0,0,0,0,0,0,1,0,0,0,0,0,0,0,0,0,1,0,0,0,0,0,0,0,0,0,0,0,0,0,0,0,0,0,0,15,45,21,58,50,0,0,0,3,1,164,865,344,398,51,0,0,0,0,0,15,45,21,58,50,0,0,0,3,2,130,730,447,380,57,0,0,0,1,5,196,919,555,451,90
Orrick Herrington & Sutcliffe,104,33724349,0,0,0,39,67,77,247,545,1125,348,0,0,0,1,1,8,31,115,343,299,0,0,0,9,53,83,223,353,990,2090,0,0,0,0,47,58,86,19,8,1,0,0,0,2,0,1,20,60,208,128,0,0,0,0,0,0,0,0,26,4,0,0,0,0,0,0,0,0,0,0,0,0,0,0,0,0,0,0,0,0,0,0,0,0,0,0,0,0,0,0,0,0,0,0,0,0,2,58,277,60,0,0,0,1,2,3,23,82,408,95,0,0,0,0,0,0,2,58,277,60,0,0,0,2,51,75,145,168,601,235,0,0,0,0,42,70,237,509,1052,316
Adobe,37,244264669,0,0,0,0,0,0,47,1350,1368,439,0,0,0,0,0,0,15,913,1237,493,0,0,0,0,0,0,30,1244,1441,383,0,0,0,0,0,0,14,446,453,71,0,0,0,0,0,0,8,145,66,6,0,0,0,0,0,0,0,0,0,0,0,0,0,0,0,0,0,0,0,0,0,0,0,0,0,0,0,0,0,0,0,0,0,0,0,0,0,0,0,0,0,0,0,0,0,0,5,182,297,113,0,0,0,0,0,0,30,794,790,306,0,0,0,0,0,0,5,182,297,113,0,0,0,0,0,0,30,1069,1081,303,0,0,0,0,0,0,26,768,844,366
Hasbro,77,347317843,0,0,0,0,298,305,459,230,223,11,0,0,0,0,20,29,119,90,89,14,0,0,0,0,1395,170,1445,131,483,23,0,0,0,0,30,9,69,0,0,0,0,0,0,0,37,22,57,0,16,5,0,0,0,0,0,0,0,0,3,1,0,0,0,0,0,0,0,0,0,0,0,0,0,0,0,0,0,0,0,0,0,0,0,0,0,0,0,0,0,0,0,0,0,0,5,2,21,0,20,3,0,0,0,0,160,275,358,229,208,8,0,0,0,0,5,2,21,0,20,3,0,0,0,0,132,37,148,0,32,8,0,0,0,0,163,280,347,230,194,6
Edward Jones,5,68860774,0,0,0,0,0,408,408,324,236,58,0,0,0,0,0,92,281,481,773,464,0,0,0,0,0,1276,1696,3025,1714,685,0,0,0,0,0,20,43,31,20,0,0,0,0,0,0,38,27,45,20,3,0,0,0,0,0,0,0,0,3,0,0,0,0,0,0,0,0,0,0,0,0,0,0,0,0,0,0,0,0,0,0,0,0,0,0,0,0,0,0,0,0,0,0,0,0,27,28,35,35,9,0,0,0,0,0,100,129,98,40,5,0,0,0,0,0,27,28,35,35,9,0,0,0,0,0,114,103,95,79,11,0,0,0,0,0,324,320,269,181,45
Container Store,20,92293468,0,0,0,0,0,0,0,0,2174,1067,0,0,0,0,0,0,0,0,3318,1304,0,0,0,0,0,0,0,0,5146,1830,0,0,0,0,0,0,0,0,1420,832,0,0,0,0,0,0,0,0,84,17,0,0,0,0,0,0,0,0,0,1,0,0,0,0,0,0,0,0,0,0,0,0,0,0,0,0,0,0,0,0,0,0,0,0,0,0,0,0,0,0,0,0,0,0,0,0,0,0,412,159,0,0,0,0,0,0,0,0,548,411,0,0,0,0,0,0,0,0,412,159,0,0,0,0,0,0,0,0,1509,862,0,0,0,0,0,0,0,0,632,245
Four Seasons Hotels,92,18363030,0,0,0,0,0,0,0,0,1713,1503,0,0,0,0,0,0,0,0,4438,5061,0,0,0,0,0,0,0,0,3176,3206,0,0,0,0,0,0,0,0,1499,1260,0,0,0,0,0,0,0,0,57,76,0,0,0,0,0,0,0,0,2,5,0,0,0,0,0,0,0,0,0,0,0,0,0,0,0,0,0,0,0,0,0,0,0,0,0,0,0,0,0,0,0,0,0,0,0,0,0,0,190,235,0,0,0,0,0,0,0,0,312,379,0,0,0,0,0,0,0,0,190,235,0,0,0,0,0,0,0,0,1614,1408,0,0,0,0,0,0,0,0,220,303
Morningstar,83,569404984,0,0,0,0,0,20,78,167,92,0,0,0,0,0,0,0,11,39,10,0,0,0,0,0,0,7,361,286,281,0,0,0,0,0,0,0,3,4,0,0,0,0,0,0,0,1,17,41,46,0,0,0,0,0,0,0,0,0,0,0,0,0,0,0,0,0,0,0,0,0,0,0,0,0,0,0,0,0,0,0,0,0,0,0,0,0,0,0,0,0,0,0,0,0,0,0,1,50,17,0,0,0,0,0,0,9,39,67,40,0,0,0,0,0,0,0,1,50,17,0,0,0,0,0,0,3,46,78,50,0,0,0,0,0,0,20,64,59,73,0
Bright Horizons Family Solutions,78,373917299,0,0,0,0,46,70,214,175,319,143,0,0,0,0,0,0,3,8,48,46,0,0,0,0,25,31,43,77,102,60,0,0,0,0,13,14,140,81,200,10,0,0,0,0,3,2,1,11,5,0,0,0,0,0,0,0,0,0,1,2,0,0,0,0,0,0,0,0,0,0,0,0,0,0,0,0,0,0,0,0,0,0,0,0,0,0,0,0,0,0,0,0,0,0,0,6,13,6,90,32,0,0,0,0,31,33,85,83,34,36,0,0,0,0,0,6,13,6,90,32,0,0,0,0,24,17,142,106,204,45,0,0,0,0,10,63,100,39,65,72
USAA,18,89375474,0,0,0,157,203,363,314,390,388,227,0,0,0,0,6,26,52,274,606,278,0,0,0,9,60,154,3264,1059,1093,178,0,0,0,17,10,16,54,38,36,94,0,0,0,1,5,7,25,34,23,0,0,0,0,0,0,0,0,0,3,0,0,0,0,0,0,0,0,0,0,0,0,0,0,0,0,0,0,0,0,0,0,0,0,0,0,0,0,0,0,0,0,0,0,0,0,9,17,70,131,52,0,0,0,72,132,291,225,299,258,103,0,0,0,0,0,9,17,70,131,52,0,0,0,39,47,46,106,227,225,134,0,0,0,0,58,324,252,312,342,118
Microsoft,71,14344319,0,0,0,0,0,0,0,1012,1546,661,0,0,0,0,0,0,0,3380,7578,5597,0,0,0,0,0,0,0,29238,77792,10813,0,0,0,0,0,0,0,420,585,209,0,0,0,0,0,0,0,186,268,66,0,0,0,0,0,0,0,0,15,24,0,0,0,0,0,0,0,0,0,0,0,0,0,0,0,0,0,0,0,0,0,0,0,0,0,0,0,0,0,0,0,0,0,0,0,0,0,278,435,231,0,0,0,0,0,0,0,453,784,340,0,0,0,0,0,0,0,278,435,231,0,0,0,0,0,0,0,756,1106,357,0,0,0,0,0,0,0,592,858,424
JM Family Enterprises,16,2151027474,0,0,0,0,0,0,0,698,34,61,0,0,0,0,0,0,0,20,1,2,0,0,0,0,0,0,0,30,0,0,0,0,0,0,0,0,0,0,0,0,0,0,0,0,0,0,0,0,0,0,0,0,0,0,0,0,0,0,0,0,0,0,0,0,0,0,0,652,34,55,0,0,0,0,0,0,0,652,34,55,0,0,0,0,0,0,0,0,0,0,0,0,0,0,0,0,0,0,0,0,0,0,0,0,0,0,0,698,34,61,0,0,0,0,0,0,0,0,0,0,0,0,0,0,0,0,0,0,0,0,0,0,0,0,0,0,0,698,34,61
QuikTrip,62,1154321220,0,0,0,0,0,0,0,0,2213,1022,0,0,0,0,0,0,0,0,6991,4746,0,0,0,0,0,0,0,0,4828,2311,0,0,0,0,0,0,0,0,1772,803,0,0,0,0,0,0,0,0,19,13,0,0,0,0,0,0,0,0,22,17,0,0,0,0,0,0,0,0,0,0,0,0,0,0,0,0,0,0,0,0,0,0,0,0,0,0,0,0,0,0,0,0,0,0,0,0,0,0,268,137,0,0,0,0,0,0,0,0,269,163,0,0,0,0,0,0,0,0,268,137,0,0,0,0,0,0,0,0,1752,827,0,0,0,0,0,0,0,0,237,39
David Weekley Homes,111,25389817,0,0,0,0,0,139,331,853,962,299,0,0,0,0,0,11,87,895,851,400,0,0,0,0,0,66,847,523,556,198,0,0,0,0,0,33,33,136,202,61,0,0,0,0,0,16,78,68,72,32,0,0,0,0,0,0,0,0,20,7,0,0,0,0,0,0,0,3,0,0,0,0,0,0,0,0,0,3,0,0,0,0,0,0,0,0,0,0,0,0,0,0,0,0,0,24,101,462,569,195,0,0,0,0,0,26,112,71,318,163,0,0,0,0,0,24,101,462,569,195,0,0,0,0,0,54,129,217,318,109,0,0,0,0,0,62,210,331,380,151
Robert W. Baird,19,190025356,0,0,0,0,381,569,803,666,442,125,0,0,0,0,7,16,118,307,289,187,0,0,0,0,276,338,639,804,911,335,0,0,0,0,48,125,242,115,49,11,0,0,0,0,21,71,142,147,155,32,0,0,0,0,0,0,0,0,1,5,0,0,0,0,0,0,0,0,0,0,0,0,0,0,0,0,0,0,0,0,0,0,0,0,0,0,0,0,0,0,0,0,0,0,1,10,26,79,68,29,0,0,0,0,151,379,517,488,327,76,0,0,0,0,1,10,26,79,68,29,0,0,0,0,159,360,602,442,317,83,0,0,0,0,144,306,456,400,232,71
Boston Consulting Group,2,501801749,0,0,0,0,0,0,0,1043,1833,349,0,0,0,0,0,0,0,2298,10829,18818,0,0,0,0,0,0,0,5124,21801,17292,0,0,0,0,0,0,0,16,20,2,0,0,0,0,0,0,0,294,688,94,0,0,0,0,0,0,0,0,0,0,0,0,0,0,0,0,0,0,0,0,0,0,0,0,0,0,0,0,0,0,0,0,0,0,0,0,0,0,0,0,0,0,0,0,0,0,0,151,1094,315,0,0,0,0,0,0,0,843,1506,261,0,0,0,0,0,0,0,151,1094,315,0,0,0,0,0,0,0,491,1004,125,0,0,0,0,0,0,0,647,1325,272
TEKsystems,113,3431881523,0,0,0,0,0,0,0,0,206,62,0,0,0,0,0,0,0,0,48,51,0,0,0,0,0,0,0,0,30,238,0,0,0,0,0,0,0,0,0,0,0,0,0,0,0,0,0,0,2,39,0,0,0,0,0,0,0,0,0,8,0,0,0,0,0,0,0,0,0,0,0,0,0,0,0,0,0,0,0,0,0,0,0,0,0,0,0,0,0,0,0,0,0,0,0,0,0,0,0,40,0,0,0,0,0,0,0,0,174,37,0,0,0,0,0,0,0,0,0,40,0,0,0,0,0,0,0,0,9,45,0,0,0,0,0,0,0,0,205,20
Build-A-Bear Workshop,58,14997308,0,0,0,0,0,0,0,1854,1013,362,0,0,0,0,0,0,0,5671,10429,2530,0,0,0,0,0,0,0,8397,6395,1728,0,0,0,0,0,0,0,1064,513,261,0,0,0,0,0,0,0,293,75,11,0,0,0,0,0,0,0,0,46,7,0,0,0,0,0,0,0,0,0,0,0,0,0,0,0,0,0,0,0,0,0,0,0,0,0,0,0,0,0,0,0,0,0,0,0,0,0,495,334,79,0,0,0,0,0,0,0,665,346,56,0,0,0,0,0,0,0,495,334,79,0,0,0,0,0,0,0,1385,712,282,0,0,0,0,0,0,0,603,427,137
Brocade Communications Systems,96,3060602845,0,0,0,0,0,0,0,0,5,0,0,0,0,0,0,0,0,0,2,0,0,0,0,0,0,0,0,0,0,0,0,0,0,0,0,0,0,0,4,0,0,0,0,0,0,0,0,0,0,0,0,0,0,0,0,0,0,0,0,0,0,0,0,0,0,0,0,0,0,0,0,0,0,0,0,0,0,0,0,0,0,0,0,0,0,0,0,0,0,0,0,0,0,0,0,0,0,0,0,0,0,0,0,0,0,0,0,0,1,0,0,0,0,0,0,0,0,0,0,0,0,0,0,0,0,0,0,0,5,0,0,0,0,0,0,0,0,0,0,0
Google,1,20536157,0,0,0,0,0,0,0,0,1696,1519,0,0,0,0,0,0,0,0,203071,144049,0,0,0,0,0,0,0,0,275750,112341,0,0,0,0,0,0,0,0,1194,1240,0,0,0,0,0,0,0,0,132,96,0,0,0,0,0,0,0,0,6,4,0,0,0,0,0,0,0,0,0,0,0,0,0,0,0,0,0,0,0,0,0,0,0,0,0,0,0,0,0,0,0,0,0,0,0,0,0,0,417,407,0,0,0,0,0,0,0,0,380,317,0,0,0,0,0,0,0,0,417,407,0,0,0,0,0,0,0,0,1286,1348,0,0,0,0,0,0,0,0,1042,697
St. Jude Children's Research Hospital,35,9624042,0,0,0,0,0,0,0,1772,1189,270,0,0,0,0,0,0,0,66429,59797,25313,0,0,0,0,0,0,0,99903,60733,61217,0,0,0,0,0,0,0,1057,474,72,0,0,0,0,0,0,0,276,193,33,0,0,0,0,0,0,0,0,71,20,0,0,0,0,0,0,0,0,0,0,0,0,0,0,0,0,0,0,0,0,0,0,0,0,0,0,0,0,0,0,0,0,0,0,0,0,0,259,387,118,0,0,0,0,0,0,0,495,399,98,0,0,0,0,0,0,0,259,387,118,0,0,0,0,0,0,0,1514,849,155,0,0,0,0,0,0,0,442,521,133
Salesforce.com,25,2813981915,0,0,0,0,0,0,0,40,199,59,0,0,0,0,0,0,0,98,790,229,0,0,0,0,0,0,0,160,10482,1507,0,0,0,0,0,0,0,3,1,0,0,0,0,0,0,0,0,25,100,40,0,0,0,0,0,0,0,0,11,2,0,0,0,0,0,0,0,0,0,0,0,0,0,0,0,0,0,0,0,0,0,0,0,0,0,0,0,0,0,0,0,0,0,0,0,0,0,5,19,31,0,0,0,0,0,0,0,34,175,37,0,0,0,0,0,0,0,5,19,31,0,0,0,0,0,0,0,27,146,45,0,0,0,0,0,0,0,33,186,55
Mattel,74,98458823,0,0,0,0,0,0,460,769,1450,569,0,0,0,0,0,0,218,629,1417,1021,0,0,0,0,0,0,440,1077,936,1858,0,0,0,0,0,0,357,704,1382,548,0,0,0,0,0,0,18,14,11,13,0,0,0,0,0,0,0,0,5,2,0,0,0,0,0,0,0,0,0,0,0,0,0,0,0,0,0,0,0,0,0,0,0,0,0,0,0,0,0,0,0,0,0,0,0,0,34,18,33,7,0,0,0,0,0,0,69,34,37,12,0,0,0,0,0,0,34,18,33,7,0,0,0,0,0,0,387,676,1370,555,0,0,0,0,0,0,149,294,305,105
Monsanto,102,10742132,0,0,0,0,0,0,0,332,2299,570,0,0,0,0,0,0,0,703,11045,6053,0,0,0,0,0,0,0,3396,19917,13196,0,0,0,0,0,0,0,26,448,39,0,0,0,0,0,0,0,70,198,17,0,0,0,0,0,0,0,0,11,21,0,0,0,0,0,0,0,0,0,0,0,0,0,0,0,0,0,0,0,0,0,0,0,0,0,0,0,0,0,0,0,0,0,0,0,0,0,68,587,107,0,0,0,0,0,0,0,177,777,234,0,0,0,0,0,0,0,68,587,107,0,0,0,0,0,0,0,255,1451,130,0,0,0,0,0,0,0,198,1456,404
Darden Restaurants,90,372854615,0,0,0,0,37,22,305,1242,551,285,0,0,0,0,0,5,157,1232,927,850,0,0,0,0,24,39,597,8754,1548,429,0,0,0,0,4,3,60,220,23,5,0,0,0,0,5,3,59,191,40,10,0,0,0,0,0,0,0,0,38,6,0,0,0,0,0,0,0,0,0,0,0,0,0,0,0,0,0,0,0,0,0,0,0,0,0,0,0,0,0,0,0,0,0,0,0,0,49,427,304,250,0,0,0,0,20,12,161,756,367,194,0,0,0,0,0,0,49,427,304,250,0,0,0,0,22,10,236,858,398,208,0,0,0,0,25,16,212,628,270,157
Men's Wearhouse,48,68464500,0,0,0,0,0,0,0,0,1592,1649,0,0,0,0,0,0,0,0,2181,10879,0,0,0,0,0,0,0,0,890,7007,0,0,0,0,0,0,0,0,1422,1481,0,0,0,0,0,0,0,0,7,8,0,0,0,0,0,0,0,0,1,2,0,0,0,0,0,0,0,0,0,0,0,0,0,0,0,0,0,0,0,0,0,0,0,0,0,0,0,0,0,0,0,0,0,0,0,0,0,0,131,129,0,0,0,0,0,0,0,0,124,165,0,0,0,0,0,0,0,0,131,129,0,0,0,0,0,0,0,0,1394,1513,0,0,0,0,0,0,0,0,195,177
MITRE,99,25681997,0,0,82,114,91,81,137,552,837,264,0,0,1,15,21,13,44,226,994,446,0,0,5,68,85,36,443,2625,2461,1176,0,0,0,0,0,1,13,24,34,2,0,0,0,0,0,0,39,223,330,109,0,0,0,0,0,0,0,0,20,28,0,0,0,0,0,0,0,18,0,0,0,0,0,0,0,0,0,18,0,0,0,0,0,0,0,0,0,0,0,0,0,0,0,0,0,0,6,92,167,57,0,0,0,0,0,3,76,389,636,206,0,0,0,0,0,0,6,92,167,57,0,0,0,0,0,4,74,436,608,191,0,0,0,0,38,76,102,370,496,181
Cisco,84,72310385,0,0,0,0,0,0,942,704,713,484,0,0,0,0,0,0,23,14,58,42,0,0,0,0,0,0,75,25,21,21,0,0,0,0,0,0,0,0,0,0,0,0,0,0,0,0,0,0,0,0,0,0,0,0,0,0,0,0,0,0,0,0,0,0,0,0,0,0,0,0,0,0,0,0,0,0,0,0,0,0,0,0,0,0,0,0,0,0,0,0,0,0,0,0,0,0,0,0,0,0,0,0,0,0,0,0,942,704,713,484,0,0,0,0,0,0,0,0,0,0,0,0,0,0,0,0,0,1,0,0,0,0,0,0,0,0,942,704,713,484
Kiewit Corporation,124,388325606,0,0,0,0,74,56,285,448,512,154,0,0,0,0,0,15,124,426,1071,493,0,0,0,0,0,43,421,782,1047,432,0,0,0,0,0,2,2,5,12,1,0,0,0,0,0,2,69,191,203,88,0,0,0,0,0,0,0,0,35,4,0,0,0,0,0,0,0,0,0,0,0,0,0,0,0,0,0,0,0,0,0,0,0,0,0,0,0,0,0,0,0,0,0,0,0,5,96,190,277,107,0,0,0,0,0,18,126,261,249,70,0,0,0,0,0,5,96,190,277,107,0,0,0,0,0,36,199,345,323,102,0,0,0,0,74,35,131,153,193,58
Publix Super Markets,73,56785107,0,0,0,0,0,0,0,520,2071,625,0,0,0,0,0,0,0,267,1227,1027,0,0,0,0,0,0,0,424,1695,1310,0,0,0,0,0,0,0,98,401,77,0,0,0,0,0,0,0,0,2,1,0,0,0,0,0,0,0,0,0,6,0,0,0,0,0,0,0,0,0,0,0,0,0,0,0,0,0,0,0,0,0,0,0,0,0,0,0,0,0,0,0,0,0,0,0,0,0,8,453,304,0,0,0,0,0,0,0,331,1119,419,0,0,0,0,0,0,0,8,453,304,0,0,0,0,0,0,0,122,478,124,0,0,0,0,0,0,0,368,1226,304
Vanderbilt University,108,41621787,0,0,0,0,0,0,0,0,1940,1264,0,0,0,0,0,0,0,0,2281,2874,0,0,0,0,0,0,0,0,2825,2423,0,0,0,0,0,0,0,0,429,133,0,0,0,0,0,0,0,0,70,58,0,0,0,0,0,0,0,0,6,1,0,0,0,0,0,0,0,0,0,0,0,0,0,0,0,0,0,0,0,0,0,0,0,0,0,0,0,0,6,2,0,0,0,0,0,0,0,0,663,855,0,0,0,0,0,0,0,0,494,325,0,0,0,0,0,0,0,0,663,855,0,0,0,0,0,0,0,0,945,711,0,0,0,0,0,0,0,0,1497,1051
Allianz Life Insurance,44,222480935,0,0,0,0,0,0,0,0,1934,1314,0,0,0,0,0,0,0,0,88,64,0,0,0,0,0,0,0,0,183,56,0,0,0,0,0,0,0,0,1,1,0,0,0,0,0,0,0,0,1,1,0,0,0,0,0,0,0,0,1,0,0,0,0,0,0,0,0,0,0,0,0,0,0,0,0,0,0,0,0,0,0,0,0,0,0,0,0,0,0,0,0,0,0,0,0,0,0,0,41,36,0,0,0,0,0,0,0,0,1915,1301,0,0,0,0,0,0,0,0,41,36,0,0,0,0,0,0,0,0,8,3,0,0,0,0,0,0,0,0,1922,1307
Starbucks,68,59899837,0,0,0,0,0,0,595,1135,1311,179,0,0,0,0,0,0,720,3655,7165,2789,0,0,0,0,0,0,5098,8754,21581,2278,0,0,0,0,0,0,372,745,588,68,0,0,0,0,0,0,43,105,270,38,0,0,0,0,0,0,0,0,6,1,0,0,0,0,0,0,22,327,0,0,0,0,0,0,0,0,22,327,0,0,0,0,0,0,0,0,0,0,0,0,0,0,0,0,0,0,20,139,465,76,0,0,0,0,0,0,223,404,799,82,0,0,0,0,0,0,20,139,465,76,0,0,0,0,0,0,412,896,955,114,0,0,0,0,0,0,297,487,517,94
Kimpton Hotels & Restaurants,15,310540568,0,0,0,0,152,127,138,72,44,18,0,0,0,0,2,4,25,38,29,19,0,0,0,0,12,26,111,23,53,33,0,0,0,0,11,5,15,23,23,0,0,0,0,0,3,2,9,5,2,2,0,0,0,0,0,0,0,0,1,1,0,0,0,0,0,0,0,0,0,0,0,0,0,0,0,0,0,0,0,0,0,0,0,0,0,0,0,0,0,0,0,0,0,0,0,6,16,13,13,7,0,0,0,0,107,12,22,13,13,18,0,0,0,0,0,6,16,13,13,7,0,0,0,0,16,11,39,27,27,14,0,0,0,0,131,93,84,34,11,1
American Express,56,42712551,0,0,0,0,0,0,0,0,0,3240,0,0,0,0,0,0,0,0,0,10984,0,0,0,0,0,0,0,0,0,14285,0,0,0,0,0,0,0,0,0,2766,0,0,0,0,0,0,0,0,0,59,0,0,0,0,0,0,0,0,0,2,0,0,0,0,0,0,0,0,0,0,0,0,0,0,0,0,0,0,0,0,0,0,0,0,0,0,0,0,0,0,0,0,0,0,0,0,0,0,0,299,0,0,0,0,0,0,0,0,0,445,0,0,0,0,0,0,0,0,0,299,0,0,0,0,0,0,0,0,0,2963,0,0,0,0,0,0,0,0,0,453
Baker Donelson,47,59338183,0,0,0,0,231,589,432,547,1026,422,0,0,0,0,1,11,25,110,210,83,0,0,0,0,139,3081,429,471,729,283,0,0,0,0,4,13,0,0,0,0,0,0,0,0,17,77,135,97,111,78,0,0,0,0,0,0,0,0,1,0,0,0,0,0,0,0,0,0,0,0,0,0,0,0,0,0,0,0,0,0,0,0,0,0,0,0,0,0,0,0,0,0,0,0,0,19,21,9,101,34,0,0,0,0,116,338,146,176,442,119,0,0,0,0,0,19,21,9,101,34,0,0,0,0,100,375,163,129,216,91,0,0,0,0,104,455,375,506,955,397
American Fidelity Assurance,42,317976536,0,0,0,0,0,514,1212,711,644,120,0,0,0,0,0,5,100,144,161,57,0,0,0,0,0,119,276,372,502,66,0,0,0,0,0,53,83,17,53,4,0,0,0,0,0,15,28,37,55,12,0,0,0,0,0,0,0,0,6,1,0,0,0,0,0,0,0,0,0,0,0,0,0,0,0,0,0,0,0,0,0,0,0,0,0,0,0,0,0,0,0,0,0,0,0,1,6,51,199,75,0,0,0,0,0,270,800,262,171,53,0,0,0,0,0,1,6,51,199,75,0,0,0,0,0,114,302,211,263,35,0,0,0,0,0,111,441,420,308,60
PCL Construction Enterprises,27,128032570,0,0,0,0,0,164,579,708,1327,449,0,0,0,0,0,24,192,939,2158,1159,0,0,0,0,0,259,956,2349,4319,2839,0,0,0,0,0,41,140,79,193,40,0,0,0,0,0,25,123,268,651,250,0,0,0,0,0,0,0,0,52,31,0,0,0,0,0,0,0,0,0,0,0,0,0,0,0,0,0,0,0,0,0,0,0,0,0,0,0,0,0,0,0,0,0,0,0,20,188,266,665,261,0,0,0,0,0,75,270,322,606,232,0,0,0,0,0,20,188,266,665,261,0,0,0,0,0,127,468,524,1142,352,0,0,0,0,0,89,245,321,462,169
Methodist Hospital System,46,228872206,0,0,0,9,98,183,163,238,270,114,0,0,0,0,1,0,5,7,21,11,0,0,0,115,207,141,96,10,122,3,0,0,0,0,0,1,1,1,2,1,0,0,0,7,16,3,7,0,3,0,0,0,0,0,0,0,0,0,0,0,0,0,0,0,0,0,1,0,0,0,0,0,0,0,0,0,1,0,0,0,0,0,0,0,0,0,0,0,0,0,0,0,0,0,0,0,2,0,2,0,0,0,0,3,5,4,7,3,32,6,0,0,0,0,0,0,2,0,2,0,0,0,0,7,20,8,8,2,8,3,0,0,0,1,40,171,144,231,249,107
FactSet Research Systems,70,57650435,0,0,0,0,0,0,0,911,1787,516,0,0,0,0,0,0,0,123,457,114,0,0,0,0,0,0,0,1860,5001,2173,0,0,0,0,0,0,0,35,147,47,0,0,0,0,0,0,0,168,300,72,0,0,0,0,0,0,0,0,1,4,0,0,0,0,0,0,0,0,0,0,0,0,0,0,0,0,0,0,0,0,0,0,0,0,0,0,0,0,0,0,0,0,0,0,0,0,0,52,264,69,0,0,0,0,0,0,0,274,776,233,0,0,0,0,0,0,0,52,264,69,0,0,0,0,0,0,0,599,890,212,0,0,0,0,0,0,0,571,1069,289
Autodesk,45,234518712,0,0,0,0,60,118,68,378,282,0,0,0,0,0,0,3,10,114,137,0,0,0,0,0,5967,1010,691,3338275,623,0,0,0,0,0,2,21,3,21,13,0,0,0,0,0,45,37,5,18,19,0,0,0,0,0,0,0,0,0,1,0,0,0,0,0,0,0,0,12,0,0,0,0,0,0,0,0,0,12,0,0,0,0,0,0,0,0,0,0,0,0,0,0,0,0,0,14,5,152,201,0,0,0,0,0,19,69,54,238,139,0,0,0,0,0,0,14,5,152,201,0,0,0,0,0,48,75,40,189,103,0,0,0,0,0,21,74,61,334,235,0
Colgate-Palmolive,101,21778607,0,0,0,0,212,462,504,441,798,812,0,0,0,0,12,157,242,510,1042,6338,0,0,0,0,256,4883,2265,3852,1792,4140,0,0,0,0,82,184,231,202,511,758,0,0,0,0,35,83,132,74,149,7,0,0,0,0,0,0,0,0,8,7,0,0,0,0,0,0,1,0,0,0,0,0,0,0,0,0,1,0,0,0,0,0,0,0,0,0,0,0,0,0,0,0,0,0,1,9,33,71,110,22,0,0,0,0,59,129,150,213,270,34,0,0,0,0,1,9,33,71,110,22,0,0,0,0,140,304,364,354,704,765,0,0,0,0,43,143,110,94,174,183
Burns & McDonnell,24,288966461,0,0,0,0,0,0,0,701,1777,738,0,0,0,0,0,0,0,36,217,81,0,0,0,0,0,0,0,41,174,39,0,0,0,0,0,0,0,47,94,10,0,0,0,0,0,0,0,0,1,0,0,0,0,0,0,0,0,0,0,0,0,0,0,0,0,0,0,128,270,262,0,0,0,0,0,0,0,128,270,262,0,0,0,0,0,0,0,0,0,0,0,0,0,0,0,0,0,85,1295,692,0,0,0,0,0,0,0,554,764,335,0,0,0,0,0,0,0,85,1295,692,0,0,0,0,0,0,0,454,1332,387,0,0,0,0,0,0,0,645,1646,726
Hyatt Hotels,123,17924644,0,0,0,209,739,619,477,584,446,113,0,0,0,8,84,100,190,475,852,354,0,0,0,122,558,805,695,1781,975,314,0,0,0,33,205,133,91,106,112,11,0,0,0,59,101,96,76,212,112,24,0,0,0,0,0,0,0,0,24,10,0,0,0,0,0,0,0,0,1,2,0,0,0,0,0,0,0,0,1,2,0,0,0,0,0,0,0,0,0,0,0,0,0,0,1,8,20,106,137,35,0,0,0,35,70,105,100,251,201,52,0,0,0,0,1,8,20,106,137,35,0,0,0,144,368,254,177,339,252,45,0,0,0,4,144,398,323,335,222,78
NuStar Energy,14,58910381,0,0,13,10,15,16,33,88,50,6,0,0,1,1,2,1,13,44,65,11,0,0,0,0,8,10,15,75,55,12,0,0,0,0,0,0,3,4,0,1,0,0,0,0,0,0,0,17,8,1,0,0,0,0,0,0,0,0,0,0,0,0,0,0,0,0,0,0,0,0,0,0,0,0,0,0,0,0,0,0,0,0,0,0,0,0,0,0,0,0,0,0,0,0,1,1,15,63,33,3,0,0,0,0,0,3,12,44,22,5,0,0,0,0,1,1,15,63,33,3,0,0,0,0,0,1,16,56,35,5,0,0,0,0,2,12,16,17,11,4
Arnold & Porter,119,1098504926,0,0,0,0,0,0,124,166,244,69,0,0,0,0,0,0,5,23,36,31,0,0,0,0,0,0,40,69,279,50,0,0,0,0,0,0,4,1,4,0,0,0,0,0,0,0,11,3,46,0,0,0,0,0,0,0,0,0,1,0,0,0,0,0,0,0,0,0,0,0,0,0,0,0,0,0,0,0,0,0,0,0,0,0,0,0,0,0,0,0,0,0,0,0,0,0,1,0,9,0,0,0,0,0,0,0,30,65,153,54,0,0,0,0,0,0,1,0,9,0,0,0,0,0,0,0,20,9,80,26,0,0,0,0,0,0,116,165,232,69
S.C. Johnson & Son,93,326813935,0,0,0,0,0,0,0,298,2512,435,0,0,0,0,0,0,0,165,3643,440,0,0,0,0,0,0,0,202,5086,522,0,0,0,0,0,0,0,16,368,158,0,0,0,0,0,0,0,11,88,38,0,0,0,0,0,0,0,0,14,8,0,0,0,0,0,0,0,0,0,0,0,0,0,0,0,0,0,0,0,0,0,0,0,0,0,0,0,0,0,0,0,0,0,0,0,0,0,20,387,156,0,0,0,0,0,0,0,225,1702,192,0,0,0,0,0,0,0,20,387,156,0,0,0,0,0,0,0,230,1937,340,0,0,0,0,0,0,0,226,1744,306
Arkansas Children's Hospital,94,16322617,0,5,67,298,265,245,171,268,328,145,0,0,1,4,14,26,65,346,681,436,0,0,6,196,315,403,349,911,1043,286,0,0,3,21,25,13,19,8,6,0,0,0,0,2,16,11,11,34,37,5,0,0,0,0,0,0,0,0,1,1,0,0,0,0,0,0,0,0,0,0,0,0,0,0,0,0,0,0,0,0,0,0,0,0,0,0,0,0,0,0,0,0,0,0,0,5,6,42,67,49,0,0,2,63,43,97,72,116,179,74,0,0,0,0,0,5,6,42,67,49,0,0,16,131,105,86,46,70,83,18,0,0,0,0,41,93,116,116,149,78
OhioHealth,82,2923178940,0,0,0,0,0,0,0,1,240,694,0,0,0,0,0,0,0,0,13,11,0,0,0,0,0,0,0,0,2,15,0,0,0,0,0,0,0,0,0,0,0,0,0,0,0,0,0,0,0,0,0,0,0,0,0,0,0,0,0,0,0,0,0,0,0,0,0,0,240,694,0,0,0,0,0,0,0,0,240,694,0,0,0,0,0,0,0,0,0,0,0,0,0,0,0,0,0,0,0,0,0,0,0,0,0,0,0,1,240,694,0,0,0,0,0,0,0,0,0,0,0,0,0,0,0,0,0,0,0,0,0,0,0,0,0,0,0,0,240,694
Grainger,100,256527508,0,0,0,0,0,0,0,275,383,88,0,0,0,0,0,0,0,75,133,88,0,0,0,0,0,0,0,54,3087,111,0,0,0,0,0,0,0,16,7,7,0,0,0,0,0,0,0,11,46,14,0,0,0,0,0,0,0,0,8,11,0,0,0,0,0,0,0,0,0,0,0,0,0,0,0,0,0,0,0,0,0,0,0,0,0,0,0,0,0,0,0,0,0,0,0,0,0,63,158,46,0,0,0,0,0,0,0,110,193,65,0,0,0,0,0,0,0,63,158,46,0,0,0,0,0,0,0,69,111,41,0,0,0,0,0,0,0,72,211,42
Marriott International,50,14140913,0,0,0,0,0,0,0,0,2232,968,0,0,0,0,0,0,0,0,10503,8890,0,0,0,0,0,0,0,0,10298,5897,0,0,0,0,0,0,0,0,1289,523,0,0,0,0,0,0,0,0,148,51,0,0,0,0,0,0,0,0,23,5,0,0,0,0,0,0,0,0,0,0,0,0,0,0,0,0,0,0,0,0,0,0,0,0,0,0,0,0,0,0,0,0,0,0,0,0,0,0,603,297,0,0,0,0,0,0,0,0,610,318,0,0,0,0,0,0,0,0,603,297,0,0,0,0,0,0,0,0,1724,722,0,0,0,0,0,0,0,0,825,341
Whole Foods Market,30,15131310,0,0,0,0,0,0,0,0,6,3200,0,0,0,0,0,0,0,0,300,42156,0,0,0,0,0,0,0,0,151,17757,0,0,0,0,0,0,0,0,0,2649,0,0,0,0,0,0,0,0,0,18,0,0,0,0,0,0,0,0,0,5,0,0,0,0,0,0,0,0,0,0,0,0,0,0,0,0,0,0,0,0,0,0,0,0,0,0,0,0,0,0,0,0,0,0,0,0,0,0,6,519,0,0,0,0,0,0,0,0,0,440,0,0,0,0,0,0,0,0,6,519,0,0,0,0,0,0,0,0,0,2705,0,0,0,0,0,0,0,0,2,823
National Instruments,40,44682474,0,0,25,248,300,339,515,769,890,185,0,0,0,26,44,67,288,914,2071,1895,0,0,13,269,306,543,1061,1936,4077,1817,0,0,1,21,54,66,88,79,125,43,0,0,2,32,22,29,17,53,71,17,0,0,0,0,0,0,0,0,64,9,0,0,0,0,0,0,0,0,0,0,0,0,0,0,0,0,0,0,0,0,0,0,0,0,0,0,0,0,0,0,0,0,0,0,2,15,55,110,284,90,0,0,8,117,144,170,327,439,478,102,0,0,0,0,2,15,55,110,284,90,0,0,20,117,168,207,282,380,489,102,0,0,0,0,80,228,331,560,651,118
Hitachi Data Systems,80,15354310,0,0,0,0,0,0,0,0,2075,1164,0,0,0,0,0,0,0,0,8942,5382,0,0,0,0,0,0,0,0,13196,6040,0,0,0,0,0,0,0,0,107,14,0,0,0,0,0,0,0,0,548,467,0,0,0,0,0,0,0,0,12,11,0,0,0,0,0,0,0,0,0,0,0,0,0,0,0,0,0,0,0,0,0,0,0,0,0,0,0,0,0,0,0,0,0,0,0,0,0,0,921,943,0,0,0,0,0,0,0,0,1791,951,0,0,0,0,0,0,0,0,921,943,0,0,0,0,0,0,0,0,1556,1063,0,0,0,0,0,0,0,0,1642,1125
LifeBridge Health,105,2163458978,0,0,0,0,0,0,2,2,0,0,0,0,0,0,0,0,0,0,0,0,0,0,0,0,0,0,0,0,0,0,0,0,0,0,0,0,0,0,0,0,0,0,0,0,0,0,0,0,0,0,0,0,0,0,0,0,0,0,0,0,0,0,0,0,0,0,0,0,0,0,0,0,0,0,0,0,0,0,0,0,0,0,0,0,0,0,0,0,0,0,0,0,0,0,0,0,0,0,0,0,0,0,0,0,0,0,2,2,0,0,0,0,0,0,0,0,0,0,0,0,0,0,0,0,0,0,0,0,0,0,0,0,0,0,0,0,2,2,0,0
The Everett Clinic,81,26550996,0,0,0,0,0,0,0,445,1966,813,0,0,0,0,0,0,0,61,357,304,0,0,0,0,0,0,0,2372,6449,1015,0,0,0,0,0,0,0,17,90,36,0,0,0,0,0,0,0,157,425,78,0,0,0,0,0,0,0,0,76,20,0,0,0,0,0,0,0,0,0,0,0,0,0,0,0,0,0,0,0,0,0,0,0,0,0,0,0,0,0,4,0,0,0,0,0,0,0,63,247,321,0,0,0,0,0,0,0,260,1078,482,0,0,0,0,0,0,0,63,247,321,0,0,0,0,0,0,0,242,1064,407,0,0,0,0,0,0,0,382,1800,708
Zappos.com,10,829968314,0,0,0,0,0,112,159,0,0,0,0,0,0,0,0,24,33,0,0,0,0,0,0,0,0,52,55,0,0,0,0,0,0,0,0,32,29,0,0,0,0,0,0,0,0,14,17,0,0,0,0,0,0,0,0,0,0,0,0,0,0,0,0,0,0,5,0,0,0,0,0,0,0,0,0,5,0,0,0,0,0,0,0,0,0,0,0,0,0,0,0,0,0,0,0,15,6,0,0,0,0,0,0,0,0,65,111,0,0,0,0,0,0,0,0,15,6,0,0,0,0,0,0,0,0,64,65,0,0,0,0,0,0,0,0,47,107,0,0,0
Kimley-Horn and Associates,116,50056003,0,0,0,1,27,28,84,171,204,57,0,0,0,0,0,1,27,152,309,181,0,0,0,0,12,16,74,363,891,147,0,0,0,0,1,7,3,10,0,3,0,0,0,0,1,4,8,27,39,6,0,0,0,0,0,0,0,0,1,2,0,0,0,0,0,0,0,0,0,0,0,0,0,0,0,0,0,0,0,0,0,0,0,0,0,0,0,0,0,0,0,0,0,0,0,0,12,57,105,30,0,0,0,0,1,2,31,62,115,16,0,0,0,0,0,0,12,57,105,30,0,0,0,0,2,17,73,135,148,33,0,0,0,0,15,24,39,81,88,24
SRC/SRCTec,76,78681420,0,0,19,43,33,29,8,19,49,3,0,0,0,0,0,0,0,0,0,0,0,0,0,0,1,0,0,1,1,0,0,0,0,0,0,0,0,0,0,0,0,0,0,0,0,0,0,0,0,0,0,0,0,0,0,0,0,0,0,0,0,0,0,0,0,0,0,0,0,0,0,0,0,0,0,0,0,0,0,0,0,0,0,0,0,0,0,0,0,0,0,0,0,0,0,0,0,0,0,0,0,0,0,0,0,0,0,0,0,0,0,0,0,0,0,0,0,0,0,0,0,0,0,0,0,0,0,0,0,0,0,0,0,0,19,29,8,19,49,3
Ernst & Young,55,368378534,0,123,151,51,218,598,481,613,433,140,0,15,23,31,5,19,76,452,314,142,0,1,5,155,46,3945,411,1951,686,235,0,12,58,0,39,24,24,60,14,4,0,0,0,0,9,108,84,130,106,26,0,0,0,0,0,0,0,1,11,3,0,0,0,0,6,11,5,0,0,0,0,0,0,0,6,11,5,0,0,0,0,0,0,0,0,0,0,0,0,0,0,0,0,0,6,108,55,225,193,95,0,0,0,0,57,290,172,469,314,84,0,0,0,0,6,108,55,225,193,95,0,13,67,1,77,274,161,383,235,55,0,0,0,0,49,131,66,166,167,59
Cooley,125,119120977,0,0,0,0,0,0,0,782,1777,625,0,0,0,0,0,0,0,537,918,371,0,0,0,0,0,0,0,1803,4947,22125,0,0,0,0,0,0,0,13,35,6,0,0,0,0,0,0,0,423,1385,496,0,0,0,0,0,0,0,0,16,5,0,0,0,0,0,0,0,0,0,0,0,0,0,0,0,0,0,0,0,0,0,0,0,0,0,0,0,0,0,0,0,0,0,0,0,0,0,127,316,155,0,0,0,0,0,0,0,487,959,344,0,0,0,0,0,0,0,127,316,155,0,0,0,0,0,0,0,587,1609,561,0,0,0,0,0,0,0,534,1212,403
SRA International,110,18166849,0,0,184,440,350,2,0,0,0,0,0,0,7,8,4,0,0,0,0,0,0,0,0,310,531,1,0,0,0,0,0,0,12,11,3,0,0,0,0,0,0,0,0,86,60,1,0,0,0,0,0,0,0,0,0,0,0,0,0,0,0,0,0,0,0,0,0,0,0,0,0,0,0,0,0,0,0,0,0,0,0,0,0,0,0,0,0,0,0,0,0,0,0,0,0,0,0,0,0,0,0,0,64,264,192,1,0,0,0,0,0,0,0,0,0,0,0,0,0,0,0,0,71,358,269,2,0,0,0,0,0,0,0,2,47,2,0,0,0,0
Ultimate Software,23,376206322,0,0,0,0,84,258,101,368,475,190,0,0,0,0,0,0,1,26,178,119,0,0,0,0,9,0,17,99,229,93,0,0,0,0,0,0,1,2,6,4,0,0,0,0,3,0,1,12,28,3,0,0,0,0,0,0,0,0,5,1,0,0,0,0,0,0,0,0,0,0,0,0,0,0,0,0,0,0,0,0,0,0,0,0,0,0,0,0,0,0,0,0,0,0,0,0,1,17,69,8,0,0,0,0,82,258,97,329,456,187,0,0,0,0,0,0,1,17,69,8,0,0,0,0,3,0,4,39,69,11,0,0,0,0,83,258,101,342,389,180
The Cheesecake Factory,121,2850334863,0,0,0,0,0,0,0,0,0,1373,0,0,0,0,0,0,0,0,0,47,0,0,0,0,0,0,0,0,0,26,0,0,0,0,0,0,0,0,0,0,0,0,0,0,0,0,0,0,0,0,0,0,0,0,0,0,0,0,0,0,0,0,0,0,0,0,0,0,0,0,0,0,0,0,0,0,0,0,0,0,0,0,0,0,0,0,0,0,0,0,0,0,0,0,0,0,0,0,0,1357,0,0,0,0,0,0,0,0,0,1372,0,0,0,0,0,0,0,0,0,1357,0,0,0,0,0,0,0,0,0,1,0,0,0,0,0,0,0,0,0,1373
Scottrade,29,16004376,0,0,0,0,0,0,0,0,2100,1140,0,0,0,0,0,0,0,0,2937,2125,0,0,0,0,0,0,0,0,1635,691,0,0,0,0,0,0,0,0,1150,622,0,0,0,0,0,0,0,0,2,2,0,0,0,0,0,0,0,0,0,0,0,0,0,0,0,0,0,0,0,0,0,0,0,0,0,0,0,0,0,0,0,0,0,0,0,0,0,0,0,0,0,0,0,0,0,0,0,0,102,39,0,0,0,0,0,0,0,0,265,144,0,0,0,0,0,0,0,0,102,39,0,0,0,0,0,0,0,0,1370,750,0,0,0,0,0,0,0,0,1027,563
Stew Leonard's,91,23794152,0,0,0,0,0,0,0,901,1660,623,0,0,0,0,0,0,0,471,1508,830,0,0,0,0,0,0,0,855,1871,772,0,0,0,0,0,0,0,449,489,82,0,0,0,0,0,0,0,289,669,333,0,0,0,0,0,0,0,0,30,2,0,0,0,0,0,0,0,229,100,21,0,0,0,0,0,0,0,229,100,21,0,0,0,0,0,0,0,0,0,0,0,0,0,0,0,0,0,214,631,265,0,0,0,0,0,0,0,266,597,280,0,0,0,0,0,0,0,214,631,265,0,0,0,0,0,0,0,783,1278,459,0,0,0,0,0,0,0,133,432,243
Intel,41,2803191,0,0,0,0,0,0,0,329,2196,719,0,0,0,0,0,0,0,18278,237543,196851,0,0,0,0,0,0,0,9618,145097,108593,0,0,0,0,0,0,0,229,1229,127,0,0,0,0,0,0,0,9,129,76,0,0,0,0,0,0,0,0,16,63,0,0,0,0,0,0,0,0,0,0,0,0,0,0,0,0,0,0,0,0,0,0,0,0,0,0,0,0,0,0,0,0,0,0,0,0,0,57,694,442,0,0,0,0,0,0,0,111,1097,580,0,0,0,0,0,0,0,57,694,442,0,0,0,0,0,0,0,257,1585,465,0,0,0,0,0,0,0,98,700,328
Sheetz,120,14813584,0,0,0,0,0,0,0,0,0,3241,0,0,0,0,0,0,0,0,0,21763,0,0,0,0,0,0,0,0,0,10645,0,0,0,0,0,0,0,0,0,2841,0,0,0,0,0,0,0,0,0,58,0,0,0,0,0,0,0,0,0,51,0,0,0,0,0,0,0,0,0,0,0,0,0,0,0,0,0,0,0,0,0,0,0,0,0,0,0,0,0,0,0,0,0,0,0,0,0,0,0,239,0,0,0,0,0,0,0,0,0,856,0,0,0,0,0,0,0,0,0,239,0,0,0,0,0,0,0,0,0,2880,0,0,0,0,0,0,0,0,0,465
Balfour Beatty Construction,39,295763337,0,0,0,0,49,83,224,352,221,133,0,0,0,0,6,13,161,390,445,693,0,0,0,0,585,366,765,1927,1649,1034,0,0,0,0,2,10,53,98,14,5,0,0,0,0,22,20,42,122,136,59,0,0,0,0,0,0,0,0,2,4,0,0,0,0,0,0,0,0,0,0,0,0,0,0,0,0,0,0,0,0,0,0,0,0,0,0,0,0,0,0,0,0,0,0,0,7,31,74,89,58,0,0,0,0,17,15,102,165,97,69,0,0,0,0,0,7,31,74,89,58,0,0,0,0,30,38,135,268,184,85,0,0,0,0,19,52,133,181,136,87
Discovery Communications,118,22061951,0,0,0,0,0,0,0,1215,1566,441,0,0,0,0,0,0,0,2587,8937,3436,0,0,0,0,0,0,0,17447,32681,11064,0,0,0,0,0,0,0,360,234,11,0,0,0,0,0,0,0,217,356,123,0,0,0,0,0,0,0,0,19,9,0,0,0,0,0,0,0,5,2,0,0,0,0,0,0,0,0,5,2,0,0,0,0,0,0,0,0,0,0,0,0,0,0,0,0,0,0,436,1022,316,0,0,0,0,0,0,0,720,845,224,0,0,0,0,0,0,0,436,1022,316,0,0,0,0,0,0,0,1144,1484,407,0,0,0,0,0,0,0,925,1180,332
KPMG,87,27064606,0,0,0,0,0,0,0,1,2185,1029,0,0,0,0,0,0,0,0,396,335,0,0,0,0,0,0,0,0,731,361,0,0,0,0,0,0,0,0,17,1,0,0,0,0,0,0,0,0,6,0,0,0,0,0,0,0,0,0,0,0,0,0,0,0,0,0,0,0,0,0,0,0,0,0,0,0,0,0,0,0,0,0,0,0,0,0,0,0,0,0,0,0,0,0,0,0,0,0,43,63,0,0,0,0,0,0,0,0,1877,905,0,0,0,0,0,0,0,0,43,63,0,0,0,0,0,0,0,0,822,449,0,0,0,0,0,0,0,1,2121,1002
CHG Healthcare Services,8,23610270,0,0,0,0,0,0,889,997,999,358,0,0,0,0,0,0,88,168,265,168,0,0,0,0,0,0,1643,912,495,175,0,0,0,0,0,0,78,41,21,3,0,0,0,0,0,0,215,125,78,31,0,0,0,0,0,0,0,0,0,0,0,0,0,0,0,0,0,0,0,0,0,0,0,0,0,0,0,0,0,0,0,0,0,0,0,0,0,0,0,0,0,0,0,0,0,0,112,26,19,9,0,0,0,0,0,0,692,774,791,307,0,0,0,0,0,0,112,26,19,9,0,0,0,0,0,0,618,763,665,165,0,0,0,0,0,0,673,905,953,338
Meridian Health,88,104286484,0,0,0,0,0,0,0,1114,1520,563,0,0,0,0,0,0,0,386,828,449,0,0,0,0,0,0,0,1318,143557,630,0,0,0,0,0,0,0,37,25,6,0,0,0,0,0,0,0,306,450,167,0,0,0,0,0,0,0,0,0,0,0,0,0,0,0,0,0,1,24,0,0,0,0,0,0,0,0,1,24,0,0,0,0,0,0,0,0,0,0,0,0,0,0,0,0,0,0,136,321,134,0,0,0,0,0,0,0,313,805,291,0,0,0,0,0,0,0,136,321,134,0,0,0,0,0,0,0,439,647,244,0,0,0,0,0,0,0,883,1163,449
Alston & Bird,22,50308751,0,0,17,31,64,119,154,361,449,151,0,0,1,0,0,4,15,57,115,43,0,0,0,10,18,51,45,289,576,243,0,0,0,0,0,0,4,5,0,0,0,0,0,0,0,8,13,125,146,64,0,0,0,0,0,0,0,0,0,0,0,0,0,0,0,0,0,0,0,0,0,0,0,0,0,0,0,0,0,0,0,0,0,0,0,0,0,0,0,0,0,0,0,0,0,2,4,17,24,8,0,0,0,0,1,9,49,234,220,91,0,0,0,0,0,2,4,17,24,8,0,0,0,1,1,10,23,170,289,111,0,0,0,0,22,99,138,342,433,143
Scripps Health,49,1100931295,0,0,0,0,0,0,406,226,163,36,0,0,0,0,0,0,21,42,28,4,0,0,0,0,0,0,770,363,455,117,0,0,0,0,0,0,6,10,11,0,0,0,0,0,0,0,303,106,127,31,0,0,0,0,0,0,0,0,15,4,0,0,0,0,0,0,0,0,0,0,0,0,0,0,0,0,0,0,0,0,0,0,0,0,0,0,0,0,0,0,0,0,0,0,0,0,12,1,27,16,0,0,0,0,0,0,366,191,133,28,0,0,0,0,0,0,12,1,27,16,0,0,0,0,0,0,371,200,145,33,0,0,0,0,0,0,230,145,104,29
Nugget Market,32,71633425,0,0,0,394,587,354,162,149,524,508,0,0,0,4,11,15,23,71,376,436,0,0,0,74,246,119,38,52,229,282,0,0,0,38,156,132,55,32,64,67,0,0,0,4,17,18,3,0,50,77,0,0,0,0,0,0,0,0,7,4,0,0,0,0,0,0,0,0,0,0,0,0,0,0,0,0,0,0,0,0,0,0,0,0,0,0,0,0,0,0,0,0,0,0,6,2,0,4,326,382,0,0,0,8,73,34,20,32,293,392,0,0,0,0,6,2,0,4,326,382,0,0,0,68,316,185,64,54,193,201,0,0,0,1,119,181,97,100,370,389
Genentech,64,27708036,0,0,0,0,0,0,0,1425,1449,362,0,0,0,0,0,0,0,346,647,260,0,0,0,0,0,0,0,2655,4607,1849,0,0,0,0,0,0,0,35,14,3,0,0,0,0,0,0,0,288,301,96,0,0,0,0,0,0,0,0,10,5,0,0,0,0,0,0,0,0,0,0,0,0,0,0,0,0,0,0,0,0,0,0,0,0,0,0,0,0,0,0,0,0,0,0,0,0,0,249,368,232,0,0,0,0,0,0,0,1347,1357,316,0,0,0,0,0,0,0,249,368,232,0,0,0,0,0,0,0,543,782,141,0,0,0,0,0,0,0,1060,1078,219
NetApp,6,92139388,0,0,0,184,268,51,329,310,33,1,0,0,0,0,12,4,60,110,17,0,0,0,0,23,72,21,551,410,80,1,0,0,0,11,32,6,28,38,2,0,0,0,0,4,0,0,82,46,8,1,0,0,0,0,0,0,0,0,2,0,0,0,0,0,0,0,0,0,0,0,0,0,0,0,0,0,0,0,0,0,0,0,0,0,0,0,0,0,0,0,0,0,0,0,0,0,15,15,6,0,0,0,0,143,202,29,246,225,28,1,0,0,0,0,0,0,15,15,6,0,0,0,0,52,123,19,177,159,12,1,0,0,0,2,56,42,260,251,29,0
Capital One,89,365500647,0,0,0,0,0,101,359,359,292,110,0,0,0,0,0,6,17,192,311,197,0,0,0,0,0,14,94,461,444,142,0,0,0,0,0,6,2,17,1,2,0,0,0,0,0,0,21,69,16,5,0,0,0,0,0,0,0,0,3,0,0,0,0,0,0,0,0,0,0,0,0,0,0,0,0,0,0,0,0,0,0,0,0,0,0,0,0,0,0,0,0,0,0,0,0,5,11,52,124,35,0,0,0,0,0,19,162,289,118,48,0,0,0,0,0,5,11,52,124,35,0,0,0,0,0,19,49,196,106,56,0,0,0,0,0,67,308,273,188,81
Umpqua Bank,65,69084338,0,0,0,384,56,0,0,0,0,0,0,0,0,1,0,0,0,0,0,0,0,0,0,5,0,0,0,0,0,0,0,0,0,0,0,0,0,0,0,0,0,0,0,0,0,0,0,0,0,0,0,0,0,0,0,0,0,0,0,0,0,0,0,384,56,0,0,0,0,0,0,0,0,384,56,0,0,0,0,0,0,0,0,0,0,0,0,0,0,0,0,0,0,0,0,0,0,0,0,0,0,0,0,384,56,0,0,0,0,0,0,0,0,0,0,0,0,0,0,0,0,0,0,0,0,0,0,0,0,0,0,0,0,0,21,0,0,0,0,0
Devon Energy,26,21628891,0,0,0,0,0,0,0,0,0,13,0,0,0,0,0,0,0,0,0,6,0,0,0,0,0,0,0,0,0,24,0,0,0,0,0,0,0,0,0,0,0,0,0,0,0,0,0,0,0,0,0,0,0,0,0,0,0,0,0,0,0,0,0,0,0,0,0,0,0,0,0,0,0,0,0,0,0,0,0,0,0,0,0,0,0,0,0,0,0,0,0,0,0,0,0,0,0,0,0,9,0,0,0,0,0,0,0,0,0,0,0,0,0,0,0,0,0,0,0,9,0,0,0,0,0,0,0,0,0,0,0,0,0,0,0,0,0,0,0,6
Wegmans Food Markets,4,66482863,0,0,0,0,0,0,0,0,1095,2125,0,0,0,0,0,0,0,0,1407,2632,0,0,0,0,0,0,0,0,553,1165,0,0,0,0,0,0,0,0,1039,2042,0,0,0,0,0,0,0,0,1,1,0,0,0,0,0,0,0,0,0,0,0,0,0,0,0,0,0,0,0,0,0,0,0,0,0,0,0,0,0,0,0,0,0,0,0,0,0,0,0,0,0,0,0,0,0,0,0,0,37,50,0,0,0,0,0,0,0,0,28,40,0,0,0,0,0,0,0,0,37,50,0,0,0,0,0,0,0,0,1021,2028,0,0,0,0,0,0,0,0,98,162
Sherwin-Williams,109,111372861,0,0,0,0,0,0,0,1232,1741,257,0,0,0,0,0,0,0,5968,12118,9352,0,0,0,0,0,0,0,4832,7508,2550,0,0,0,0,0,0,0,879,1111,145,0,0,0,0,0,0,0,74,231,18,0,0,0,0,0,0,0,0,13,3,0,0,0,0,0,0,0,0,0,0,0,0,0,0,0,0,0,0,0,0,0,0,0,0,0,0,0,0,0,0,0,0,0,0,0,0,0,256,498,89,0,0,0,0,0,0,0,411,614,110,0,0,0,0,0,0,0,256,498,89,0,0,0,0,0,0,0,981,1392,191,0,0,0,0,0,0,0,205,406,91
SAS,3,1379801,0,0,0,0,0,0,0,0,1243,1999,0,0,0,0,0,0,0,0,1186,3257,0,0,0,0,0,0,0,0,514,1193,0,0,0,0,0,0,0,0,1194,1905,0,0,0,0,0,0,0,0,6,7,0,0,0,0,0,0,0,0,4,1,0,0,0,0,0,0,0,0,0,0,0,0,0,0,0,0,0,0,0,0,0,0,0,0,0,0,0,0,0,0,0,0,0,0,0,0,0,0,21,71,0,0,0,0,0,0,0,0,18,35,0,0,0,0,0,0,0,0,21,71,0,0,0,0,0,0,0,0,1177,1906,0,0,0,0,0,0,0,0,259,389
SVB Financial Group,36,17396865,0,0,0,0,0,0,0,703,1920,619,0,0,0,0,0,0,0,959,4177,2127,0,0,0,0,0,0,0,1975,7372,6175,0,0,0,0,0,0,0,132,263,33,0,0,0,0,0,0,0,173,329,112,0,0,0,0,0,0,0,1,60,27,0,0,0,0,0,0,0,0,3,0,0,0,0,0,0,0,0,0,3,0,0,0,0,0,0,0,0,0,0,0,0,0,0,0,0,0,0,86,283,176,0,0,0,0,0,0,0,394,1172,424,0,0,0,0,0,0,0,86,283,176,0,0,0,0,0,0,0,594,1486,474,0,0,0,0,0,0,0,511,1541,543
Roche Diagnostics,115,62834641,0,0,5,6,4,11,36,149,317,147,0,0,0,4,2,2,8,33,342,267,0,0,0,6,2,20,32,584,1184,463,0,0,0,0,0,1,1,0,20,16,0,0,0,0,0,0,2,87,72,14,0,0,0,0,0,0,0,0,7,1,0,0,0,0,0,0,0,0,0,0,0,0,0,0,0,0,0,0,0,0,0,0,0,0,0,0,0,0,0,0,0,0,0,0,0,0,1,13,64,44,0,0,0,0,0,6,21,129,228,110,0,0,0,0,0,0,1,13,64,44,0,0,0,0,0,4,17,98,165,57,0,0,0,0,1,8,22,94,91,47
Stryker,75,386225125,0,0,0,0,2,180,367,318,332,93,0,0,0,0,0,15,122,243,324,278,0,0,0,0,5,81,825,311,259,103,0,0,0,0,0,2,63,34,18,5,0,0,0,0,0,0,44,17,18,0,0,0,0,0,0,0,0,0,3,0,0,0,0,0,0,0,0,0,0,0,0,0,0,0,0,0,0,0,0,0,0,0,0,0,0,0,0,0,0,0,0,0,0,0,0,0,13,48,197,57,0,0,0,0,0,72,127,107,190,65,0,0,0,0,0,0,13,48,197,57,0,0,0,0,0,6,169,118,93,24,0,0,0,0,0,64,163,165,95,32
Gilbane,95,52426577,0,0,0,0,0,0,739,845,1039,555,0,0,0,0,0,0,135,433,831,634,0,0,0,0,0,0,4831,407608,9989,1740,0,0,0,0,0,0,81,68,29,12,0,0,0,0,0,0,324,396,516,329,0,0,0,0,0,0,0,0,64,11,0,0,0,0,0,0,0,0,0,0,0,0,0,0,0,0,0,0,0,0,0,0,0,0,0,0,0,0,0,0,0,0,0,0,0,0,85,193,407,282,0,0,0,0,0,0,247,404,485,305,0,0,0,0,0,0,85,193,407,282,0,0,0,0,0,0,573,692,764,443,0,0,0,0,0,0,463,519,637,327
Herman Miller,106,18084100,0,0,0,0,0,0,1154,1229,740,115,0,0,0,0,0,0,1465,5175,6791,1472,0,0,0,0,0,0,3693,6366,5879,1392,0,0,0,0,0,0,248,314,76,1,0,0,0,0,0,0,150,113,75,43,0,0,0,0,0,0,0,0,16,1,0,0,0,0,0,0,0,0,0,0,0,0,0,0,0,0,0,0,0,0,0,0,0,0,0,0,0,0,0,0,0,0,0,0,0,0,82,260,475,93,0,0,0,0,0,0,653,655,470,59,0,0,0,0,0,0,82,260,475,93,0,0,0,0,0,0,859,923,480,59,0,0,0,0,0,0,776,713,529,98
Mayo Clinic,67,18410558,0,0,0,0,0,0,0,0,844,2394,0,0,0,0,0,0,0,0,35,81,0,0,0,0,0,0,0,0,143,419,0,0,0,0,0,0,0,0,0,0,0,0,0,0,0,0,0,0,0,0,0,0,0,0,0,0,0,0,0,0,0,0,0,0,0,0,0,0,0,0,0,0,0,0,0,0,0,0,0,0,0,0,0,0,0,0,0,0,0,0,0,0,0,0,0,0,0,0,0,7,0,0,0,0,0,0,0,0,844,2382,0,0,0,0,0,0,0,0,0,7,0,0,0,0,0,0,0,0,2,13,0,0,0,0,0,0,0,0,844,2387
Recreational Equipment (REI),7,16583846,0,0,0,0,0,0,0,0,2289,959,0,0,0,0,0,0,0,0,25230,41830,0,0,0,0,0,0,0,0,6948,11774,0,0,0,0,0,0,0,0,2168,640,0,0,0,0,0,0,0,0,1,25,0,0,0,0,0,0,0,0,6,5,0,0,0,0,0,0,0,0,0,0,0,0,0,0,0,0,0,0,0,0,0,0,0,0,0,0,0,0,0,0,0,0,0,0,0,0,0,0,1975,274,0,0,0,0,0,0,0,0,2099,257,0,0,0,0,0,0,0,0,1975,274,0,0,0,0,0,0,0,0,2143,745,0,0,0,0,0,0,0,0,1949,314
Quicken Loans,9,14336163,0,0,0,0,0,0,0,0,1119,2097,0,0,0,0,0,0,0,0,1397,2775,0,0,0,0,0,0,0,0,3914,14151,0,0,0,0,0,0,0,0,550,1430,0,0,0,0,0,0,0,0,181,215,0,0,0,0,0,0,0,0,20,38,0,0,0,0,0,0,0,0,0,0,0,0,0,0,0,0,0,0,0,0,0,0,0,0,0,0,0,0,0,0,0,0,0,0,0,0,0,0,298,369,0,0,0,0,0,0,0,0,222,323,0,0,0,0,0,0,0,0,298,369,0,0,0,0,0,0,0,0,900,1783,0,0,0,0,0,0,0,0,426,555
Rackspace Hosting,69,30262383,0,0,570,170,0,0,0,0,0,0,0,0,5,2,0,0,0,0,0,0,0,0,0,19,0,0,0,0,0,0,0,0,0,0,0,0,0,0,0,0,0,0,0,1,0,0,0,0,0,0,0,0,0,0,0,0,0,0,0,0,0,0,0,0,0,0,0,0,0,0,0,0,0,0,0,0,0,0,0,0,0,0,0,0,0,0,0,0,0,0,0,0,0,0,0,0,0,0,0,0,0,0,0,2,0,0,0,0,0,0,0,0,0,0,0,0,0,0,0,0,0,0,0,1,0,0,0,0,0,0,0,0,0,0,0,0,0,0,0,0
Bingham McCutchen,28,51201934,0,0,0,0,41,118,254,356,0,0,0,0,0,0,1,4,20,91,0,0,0,0,0,0,13,70,188,456,0,0,0,0,0,0,2,7,11,4,0,0,0,0,0,0,2,1,18,43,0,0,0,0,0,0,0,0,0,0,0,0,0,0,0,0,0,0,0,0,0,0,0,0,0,0,0,0,0,0,0,0,0,0,0,0,0,0,0,0,0,0,0,0,0,0,0,0,0,7,0,0,0,0,0,0,9,64,91,70,0,0,0,0,0,0,0,0,0,7,0,0,0,0,0,0,9,21,74,190,0,0,0,0,0,0,40,92,194,297,0,0
Mars,117,300360969,0,0,0,0,0,0,106,940,1571,610,0,0,0,0,0,0,29,659,2797,866,0,0,0,0,0,0,256,12725,19521,3525,0,0,0,0,0,0,25,333,606,423,0,0,0,0,0,0,37,305,529,80,0,0,0,0,0,0,0,0,10,8,0,0,0,0,0,0,0,0,0,0,0,0,0,0,0,0,0,0,0,0,0,0,0,0,0,0,0,0,0,0,0,0,0,0,0,0,11,123,310,54,0,0,0,0,0,0,36,438,765,133,0,0,0,0,0,0,11,123,310,54,0,0,0,0,0,0,86,722,1265,555,0,0,0,0,0,0,63,496,893,293
Plante Moran,34,632233073,0,0,0,0,0,31,6,10,0,0,0,0,0,0,0,0,1,2,0,0,0,0,0,0,0,37,1,4,0,0,0,0,0,0,0,3,0,0,0,0,0,0,0,0,0,13,0,0,0,0,0,0,0,0,0,0,0,0,0,0,0,0,0,0,0,0,0,0,0,0,0,0,0,0,0,0,0,0,0,0,0,0,0,0,0,0,0,0,0,0,0,0,0,0,0,0,0,3,0,0,0,0,0,0,0,11,0,1,0,0,0,0,0,0,0,0,0,3,0,0,0,0,0,0,0,20,1,3,0,0,0,0,0,0,0,20,6,8,0,0
Perkins Coie,51,32614197,0,0,127,173,186,207,315,485,498,172,0,0,3,15,4,18,11,117,165,124,0,0,1,19,43,44,108,241,363,160,0,0,1,0,0,0,2,5,13,10,0,0,0,0,0,0,4,4,30,9,0,0,0,0,0,0,0,0,2,10,0,0,0,0,0,0,0,0,0,0,0,0,0,0,0,0,0,0,0,0,0,0,0,0,0,0,0,0,0,0,0,0,0,0,0,0,0,1,19,6,0,0,103,172,176,175,113,268,372,150,0,0,0,0,0,0,0,1,19,6,0,0,5,0,0,3,9,16,69,35,0,0,0,0,64,206,309,478,467,167
Qualcomm,21,2344213357,0,0,0,0,0,0,0,244,247,0,0,0,0,0,0,0,0,83,19,0,0,0,0,0,0,0,0,5325,10297,0,0,0,0,0,0,0,0,12,1,0,0,0,0,0,0,0,0,143,191,0,0,0,0,0,0,0,0,0,1,0,0,0,0,0,0,0,0,0,0,0,0,0,0,0,0,0,0,0,0,0,0,0,0,0,0,0,0,0,0,0,0,0,0,0,0,0,0,163,175,0,0,0,0,0,0,0,0,140,152,0,0,0,0,0,0,0,0,163,175,0,0,0,0,0,0,0,0,163,193,0,0,0,0,0,0,0,0,94,149,0
Aéropostale,98,55592183,0,0,0,0,0,0,0,0,2635,572,0,0,0,0,0,0,0,0,915098,140768,0,0,0,0,0,0,0,0,417811,52833,0,0,0,0,0,0,0,0,842,120,0,0,0,0,0,0,0,0,145,17,0,0,0,0,0,0,0,0,15,9,0,0,0,0,0,0,0,0,0,0,0,0,0,0,0,0,0,0,0,0,0,0,0,0,0,0,0,0,0,0,0,0,0,0,0,0,0,0,1842,424,0,0,0,0,0,0,0,0,680,151,0,0,0,0,0,0,0,0,1842,424,0,0,0,0,0,0,0,0,1040,205,0,0,0,0,0,0,0,0,1007,195
Booz Allen Hamilton,79,17375116,0,0,0,0,0,0,0,0,1117,2086,0,0,0,0,0,0,0,0,1500,4411,0,0,0,0,0,0,0,0,4865,9500,0,0,0,0,0,0,0,0,14,6,0,0,0,0,0,0,0,0,715,1323,0,0,0,0,0,0,0,0,13,74,0,0,0,0,0,0,0,0,0,0,0,0,0,0,0,0,0,0,0,0,0,0,0,0,0,0,0,0,0,0,0,0,0,0,0,0,0,0,557,1083,0,0,0,0,0,0,0,0,959,1800,0,0,0,0,0,0,0,0,557,1083,0,0,0,0,0,0,0,0,908,1719,0,0,0,0,0,0,0,0,552,1187
TDIndustries,60,2870778488,0,0,0,0,0,0,0,40,287,381,0,0,0,0,0,0,0,17,116,174,0,0,0,0,0,0,0,66,1346,2954,0,0,0,0,0,0,0,2,8,7,0,0,0,0,0,0,0,10,97,125,0,0,0,0,0,0,0,0,13,48,0,0,0,0,0,0,0,0,0,0,0,0,0,0,0,0,0,0,0,0,0,0,0,0,0,0,0,0,0,0,0,0,0,0,0,0,0,18,97,112,0,0,0,0,0,0,0,33,199,302,0,0,0,0,0,0,0,18,97,112,0,0,0,0,0,0,0,27,183,208,0,0,0,0,0,0,0,18,158,231
Aflac,72,278365892,0,0,0,0,0,219,808,596,586,124,0,0,0,0,0,67,673,1437,8984,577,0,0,0,0,0,630,5835,3685,6841,1369,0,0,0,0,0,8,20,7,5,0,0,0,0,0,0,2,27,6,8,4,0,0,0,0,0,0,0,0,0,1,0,0,0,0,0,0,0,0,0,0,0,0,0,0,0,0,0,0,0,0,0,0,0,0,0,0,0,0,0,0,0,0,0,0,0,0,2,21,50,5,0,0,0,0,0,80,267,249,243,59,0,0,0,0,0,0,2,21,50,5,0,0,0,0,0,123,422,62,87,17,0,0,0,0,0,172,707,552,537,112
Hyland Software,122,15580925,0,0,0,0,0,0,0,0,2228,987,0,0,0,0,0,0,0,0,1856,1496,0,0,0,0,0,0,0,0,1601,1250,0,0,0,0,0,0,0,0,40,24,0,0,0,0,0,0,0,0,93,33,0,0,0,0,0,0,0,0,68,24,0,0,0,0,0,0,0,0,2,0,0,0,0,0,0,0,0,0,2,0,0,0,0,0,0,0,0,0,0,0,0,0,0,0,0,0,0,0,961,664,0,0,0,0,0,0,0,0,1835,850,0,0,0,0,0,0,0,0,961,664,0,0,0,0,0,0,0,0,819,367,0,0,0,0,0,0,0,0,1657,800
Nordstrom,57,15162193,0,0,0,0,0,0,0,0,0,3232,0,0,0,0,0,0,0,0,0,146544,0,0,0,0,0,0,0,0,0,51915,0,0,0,0,0,0,0,0,0,3174,0,0,0,0,0,0,0,0,0,1,0,0,0,0,0,0,0,0,0,0,0,0,0,0,0,0,0,0,0,0,0,0,0,0,0,0,0,0,0,0,0,0,0,0,0,0,0,0,0,0,0,0,0,0,0,0,0,0,0,41,0,0,0,0,0,0,0,0,0,29,0,0,0,0,0,0,0,0,0,41,0,0,0,0,0,0,0,0,0,3180,0,0,0,0,0,0,0,0,0,178
Millennium: The Takeda Oncology Company,33,321974233,0,0,0,0,0,0,1409,615,867,341,0,0,0,0,0,0,320,502,3466,5730,0,0,0,0,0,0,6393,2720,4640,9088,0,0,0,0,0,0,159,8,43,20,0,0,0,0,0,0,17,39,125,82,0,0,0,0,0,0,0,0,1,6,0,0,0,0,0,0,0,0,3,0,0,0,0,0,0,0,0,0,3,0,0,0,0,0,0,0,0,0,0,0,0,0,0,0,0,0,212,61,149,122,0,0,0,0,0,0,784,392,780,300,0,0,0,0,0,0,212,61,149,122,0,0,0,0,0,0,1086,386,464,205,0,0,0,0,0,0,826,459,453,189
CarMax,85,7023592,0,0,0,0,0,0,0,0,659,2566,0,0,0,0,0,0,0,0,505,2556,0,0,0,0,0,0,0,0,377,1039,0,0,0,0,0,0,0,0,593,2445,0,0,0,0,0,0,0,0,33,65,0,0,0,0,0,0,0,0,2,3,0,0,0,0,0,0,0,0,0,0,0,0,0,0,0,0,0,0,0,0,0,0,0,0,0,0,0,0,0,0,0,0,0,0,0,0,0,0,30,79,0,0,0,0,0,0,0,0,106,284,0,0,0,0,0,0,0,0,30,79,0,0,0,0,0,0,0,0,616,2457,0,0,0,0,0,0,0,0,19,80
FedEx,103,2314188024,0,0,0,0,0,0,0,0,1,1446,0,0,0,0,0,0,0,0,0,104,0,0,0,0,0,0,0,0,0,21,0,0,0,0,0,0,0,0,0,0,0,0,0,0,0,0,0,0,0,0,0,0,0,0,0,0,0,0,0,0,0,0,0,0,0,0,0,0,0,0,0,0,0,0,0,0,0,0,0,0,0,0,0,0,0,0,0,0,0,0,0,0,0,0,0,0,0,0,0,19,0,0,0,0,0,0,0,0,1,1446,0,0,0,0,0,0,0,0,0,19,0,0,0,0,0,0,0,0,0,0,0,0,0,0,0,0,0,0,1,1446
Novo Nordisk,38,194037150,1,0,0,0,0,0,432,461,531,152,0,0,0,0,0,0,189,465,1717,1951,0,0,0,0,0,0,3080,1978,5038,1313,1,0,0,0,0,0,39,152,106,40,0,0,0,0,0,0,158,187,181,16,0,0,0,0,0,0,0,0,49,21,0,0,0,0,0,0,0,1,5,0,0,0,0,0,0,0,0,1,5,0,0,0,0,0,0,0,0,0,0,0,0,0,0,0,0,0,65,146,197,34,0,0,0,0,0,0,318,294,373,86,0,0,0,0,0,0,65,146,197,34,1,0,0,0,0,0,252,358,371,79,0,0,0,0,0,0,309,245,331,88
DreamWorks Animation SKG,13,25341996,0,0,0,0,0,0,0,536,2190,503,0,0,0,0,0,0,0,28974,143075,54969,0,0,0,0,0,0,0,36316,214616,72542,0,0,0,0,0,0,0,19,114,30,0,0,0,0,0,0,0,148,427,213,0,0,0,0,0,0,0,0,72,12,0,0,0,0,0,0,0,0,0,0,0,0,0,0,0,0,0,0,0,0,0,0,0,0,0,0,0,0,0,0,0,0,0,0,0,0,0,261,1222,300,0,0,0,0,0,0,0,365,1860,376,0,0,0,0,0,0,0,261,1222,300,0,0,0,0,0,0,0,236,893,312,0,0,0,0,0,0,0,248,614,149
PricewaterhouseCoopers,43,61215722,0,0,0,0,0,0,708,737,1061,716,0,0,0,0,0,0,426,794,1814,2489,0,0,0,0,0,0,1052,1789,15026,4763,0,0,0,0,0,0,68,30,16,19,0,0,0,0,0,0,85,65,160,212,0,0,0,0,0,0,0,0,5,22,0,0,0,0,0,0,2,4,0,0,0,0,0,0,0,0,2,4,0,0,0,0,0,0,0,0,0,0,0,0,0,0,0,0,0,0,114,129,201,238,0,0,0,0,0,0,493,489,875,619,0,0,0,0,0,0,114,129,201,238,0,0,0,0,0,0,465,516,697,541,0,0,0,0,0,0,304,294,604,395
Teach For America,66,19918047,0,0,0,0,0,0,0,0,402,2835,0,0,0,0,0,0,0,0,2321,11202,0,0,0,0,0,0,0,0,2426,16850,0,0,0,0,0,0,0,0,140,1414,0,0,0,0,0,0,0,0,30,598,0,0,0,0,0,0,0,0,5,27,0,0,0,0,0,0,0,0,0,0,0,0,0,0,0,0,0,0,0,0,0,0,0,0,0,0,0,0,0,0,0,0,0,0,0,0,0,0,140,535,0,0,0,0,0,0,0,0,143,1026,0,0,0,0,0,0,0,0,140,535,0,0,0,0,0,0,0,0,236,2337,0,0,0,0,0,0,0,0,220,802
WellStar Health System,112,41440062,0,0,20,36,36,735,900,740,358,73,0,0,0,0,0,14,44,167,354,106,0,0,1,4,25,277,446,4539,362,65,0,0,1,0,0,43,30,67,55,11,0,0,0,1,15,83,153,369,72,11,0,0,0,0,0,1,0,0,1,0,0,0,0,0,0,0,0,0,0,0,0,0,0,0,0,0,0,0,0,0,0,0,0,0,0,0,0,0,1,0,0,0,0,0,0,3,17,183,172,51,0,0,0,2,7,27,143,444,118,7,0,0,0,0,0,3,17,183,172,51,0,0,1,1,17,130,206,494,181,22,0,0,0,0,17,500,727,382,223,41
Mercedes-Benz USA,11,309082586,0,0,0,0,112,278,371,226,9,0,0,0,0,0,0,14,111,205,21,0,0,0,0,0,11,33,184,112,6,0,0,0,0,0,39,152,87,56,5,0,0,0,0,0,0,0,6,0,0,0,0,0,0,0,0,0,0,0,0,0,0,0,0,0,0,0,0,0,0,0,0,0,0,0,0,0,0,0,0,0,0,0,0,0,0,0,0,0,0,0,0,0,0,0,0,1,35,38,3,0,0,0,0,0,42,105,187,107,2,0,0,0,0,0,0,1,35,38,3,0,0,0,0,0,47,152,93,80,5,0,0,0,0,0,58,99,207,106,4,0
Chesapeake Energy,17,71323944,0,0,0,0,733,1737,387,260,75,4,0,0,0,0,142,562,293,576,109,37,0,0,0,0,1864,7836,6278,1472,670,16,0,0,0,0,284,631,120,120,34,1,0,0,0,0,92,398,120,68,19,1,0,0,0,0,0,0,0,0,2,0,0,0,0,0,0,0,0,0,0,0,0,0,0,0,0,0,0,0,0,0,0,0,0,0,0,0,0,0,0,0,0,0,0,0,13,86,72,52,18,4,0,0,0,0,156,659,147,104,36,0,0,0,0,0,13,86,72,52,18,4,0,0,0,0,453,1298,314,219,61,2,0,0,0,0,347,880,219,116,29,0
Goldman Sachs,31,253167239,0,0,0,0,0,0,0,936,1621,666,0,0,0,0,0,0,0,11183,45730,21286,0,0,0,0,0,0,0,14153,41416,16637,0,0,0,0,0,0,0,4,2,1,0,0,0,0,0,0,0,189,224,129,0,0,0,0,0,0,0,0,11,6,0,0,0,0,0,0,0,0,0,0,0,0,0,0,0,0,0,0,0,0,0,0,0,0,0,0,0,0,0,0,0,0,0,0,0,0,0,284,712,319,0,0,0,0,0,0,0,600,1263,526,0,0,0,0,0,0,0,284,712,319,0,0,0,0,0,0,0,682,1070,399,0,0,0,0,0,0,0,626,1192,509
General Mills,59,184856455,0,0,0,32,516,670,711,172,212,11,0,0,0,2,66,102,149,109,90,17,0,0,0,9,237,435,1295,11752,1192,68,0,0,0,3,166,140,91,10,6,0,0,0,0,1,26,46,64,51,116,8,0,0,0,0,0,0,0,0,5,1,0,0,0,0,0,0,0,0,0,0,0,0,0,0,0,0,0,0,0,0,0,0,0,0,0,0,0,0,0,0,0,0,0,0,9,9,88,63,106,9,0,0,0,24,253,417,398,87,145,7,0,0,0,0,9,9,88,63,106,9,0,0,0,6,246,317,333,83,140,10,0,0,0,0,107,271,430,100,120,7
Deloitte,63,8457092,0,0,0,0,0,0,0,5,2182,1054,0,0,0,0,0,0,0,8,51638,10415,0,0,0,0,0,0,0,12,29937,10955,0,0,0,0,0,0,0,0,12,41,0,0,0,0,0,0,0,0,48,117,0,0,0,0,0,0,0,0,16,69,0,0,0,0,0,0,0,0,0,0,0,0,0,0,0,0,0,0,0,0,0,0,0,0,0,0,0,0,0,0,0,0,0,0,0,0,0,0,393,234,0,0,0,0,0,0,0,4,1765,919,0,0,0,0,0,0,0,0,393,234,0,0,0,0,0,0,0,2,535,479,0,0,0,0,0,0,0,5,2047,839
