companyString,date,twitteruserid,id,count(*),favoriteCount,retweetCount,isReply,isRetweet,isStatusQuote,hasPlace,hasCoords,possiblySensitive,hasExtendedMediaEntities,hasHashtagEntities,hasMediaEntities,hasMentionEntities,hasUrlEntities
Google,2015,1,20536157,1696,203071,275750,1194,132,6,0,0,0,417,380,417,1286,1042
Google,2016,1,20536157,1519,144049,112341,1240,96,4,0,0,0,407,317,407,1348,697
Boston Consulting Group,2014,2,501801749,1043,2298,5124,16,294,0,0,0,0,151,843,151,491,647
Boston Consulting Group,2015,2,501801749,1833,10829,21801,20,688,0,0,0,0,1094,1506,1094,1004,1325
Boston Consulting Group,2016,2,501801749,349,18818,17292,2,94,0,0,0,0,315,261,315,125,272
SAS,2015,3,1379801,1243,1186,514,1194,6,4,0,0,0,21,18,21,1177,259
SAS,2016,3,1379801,1999,3257,1193,1905,7,1,0,0,0,71,35,71,1906,389
Wegmans Food Markets,2015,4,66482863,1095,1407,553,1039,1,0,0,0,0,37,28,37,1021,98
Wegmans Food Markets,2016,4,66482863,2125,2632,1165,2042,1,0,0,0,0,50,40,50,2028,162
Edward Jones,2012,5,68860774,408,92,1276,20,38,0,0,0,0,27,100,27,114,324
Edward Jones,2013,5,68860774,408,281,1696,43,27,0,0,0,0,28,129,28,103,320
Edward Jones,2014,5,68860774,324,481,3025,31,45,0,0,0,0,35,98,35,95,269
Edward Jones,2015,5,68860774,236,773,1714,20,20,3,0,0,0,35,40,35,79,181
Edward Jones,2016,5,68860774,58,464,685,0,3,0,0,0,0,9,5,9,11,45
NetApp,2010,6,92139388,184,0,23,11,4,0,0,0,0,0,143,0,52,2
NetApp,2011,6,92139388,268,12,72,32,0,0,0,0,0,0,202,0,123,56
NetApp,2012,6,92139388,51,4,21,6,0,0,0,0,0,0,29,0,19,42
NetApp,2013,6,92139388,329,60,551,28,82,0,0,0,0,15,246,15,177,260
NetApp,2014,6,92139388,310,110,410,38,46,0,0,0,0,15,225,15,159,251
NetApp,2015,6,92139388,33,17,80,2,8,2,0,0,0,6,28,6,12,29
NetApp,2016,6,92139388,1,0,1,0,1,0,0,0,0,0,1,0,1,0
Recreational Equipment (REI),2015,7,16583846,2289,25230,6948,2168,1,6,0,0,0,1975,2099,1975,2143,1949
Recreational Equipment (REI),2016,7,16583846,959,41830,11774,640,25,5,0,0,0,274,257,274,745,314
CHG Healthcare Services,2013,8,23610270,889,88,1643,78,215,0,0,0,0,112,692,112,618,673
CHG Healthcare Services,2014,8,23610270,997,168,912,41,125,0,0,0,0,26,774,26,763,905
CHG Healthcare Services,2015,8,23610270,999,265,495,21,78,0,0,0,0,19,791,19,665,953
CHG Healthcare Services,2016,8,23610270,358,168,175,3,31,0,0,0,0,9,307,9,165,338
Quicken Loans,2015,9,14336163,1119,1397,3914,550,181,20,0,0,0,298,222,298,900,426
Quicken Loans,2016,9,14336163,2097,2775,14151,1430,215,38,0,0,0,369,323,369,1783,555
Zappos.com,2012,10,829968314,112,24,52,32,14,0,5,5,0,15,65,15,64,47
Zappos.com,2013,10,829968314,159,33,55,29,17,0,0,0,0,6,111,6,65,107
Mercedes-Benz USA,2011,11,309082586,112,0,11,39,0,0,0,0,0,0,42,0,47,58
Mercedes-Benz USA,2012,11,309082586,278,14,33,152,0,0,0,0,0,1,105,1,152,99
Mercedes-Benz USA,2013,11,309082586,371,111,184,87,6,0,0,0,0,35,187,35,93,207
Mercedes-Benz USA,2014,11,309082586,226,205,112,56,0,0,0,0,0,38,107,38,80,106
Mercedes-Benz USA,2015,11,309082586,9,21,6,5,0,0,0,0,0,3,2,3,5,4
DPR Construction,2009,12,36725949,14,0,0,0,0,0,0,0,0,0,0,0,0,0
DPR Construction,2010,12,36725949,8,0,12,0,0,0,0,0,0,0,3,0,3,1
DPR Construction,2011,12,36725949,5,1,4,0,0,0,0,0,0,0,1,0,2,5
DPR Construction,2012,12,36725949,257,43,210,16,21,0,0,0,0,15,164,15,130,196
DPR Construction,2013,12,36725949,1132,351,1018,94,6,0,1,1,0,45,865,45,730,919
DPR Construction,2014,12,36725949,607,610,716,21,7,0,0,0,0,21,344,21,447,555
DPR Construction,2015,12,36725949,516,805,743,9,58,3,0,0,0,58,398,58,380,451
DPR Construction,2016,12,36725949,126,345,204,2,24,0,0,0,0,50,51,50,57,90
DreamWorks Animation SKG,2014,13,25341996,536,28974,36316,19,148,0,0,0,0,261,365,261,236,248
DreamWorks Animation SKG,2015,13,25341996,2190,143075,214616,114,427,72,0,0,0,1222,1860,1222,893,614
DreamWorks Animation SKG,2016,13,25341996,503,54969,72542,30,213,12,0,0,0,300,376,300,312,149
NuStar Energy,2009,14,58910381,13,1,0,0,0,0,0,0,0,0,0,0,0,0
NuStar Energy,2010,14,58910381,10,1,0,0,0,0,0,0,0,0,0,0,0,0
NuStar Energy,2011,14,58910381,15,2,8,0,0,0,0,0,0,1,0,1,0,2
NuStar Energy,2012,14,58910381,16,1,10,0,0,0,0,0,0,1,3,1,1,12
NuStar Energy,2013,14,58910381,33,13,15,3,0,0,0,0,0,15,12,15,16,16
NuStar Energy,2014,14,58910381,88,44,75,4,17,0,0,0,0,63,44,63,56,17
NuStar Energy,2015,14,58910381,50,65,55,0,8,0,0,0,0,33,22,33,35,11
NuStar Energy,2016,14,58910381,6,11,12,1,1,0,0,0,0,3,5,3,5,4
Kimpton Hotels & Restaurants,2011,15,310540568,152,2,12,11,3,0,0,0,0,0,107,0,16,131
Kimpton Hotels & Restaurants,2012,15,310540568,127,4,26,5,2,0,0,0,0,6,12,6,11,93
Kimpton Hotels & Restaurants,2013,15,310540568,138,25,111,15,9,0,0,0,0,16,22,16,39,84
Kimpton Hotels & Restaurants,2014,15,310540568,72,38,23,23,5,0,0,0,0,13,13,13,27,34
Kimpton Hotels & Restaurants,2015,15,310540568,44,29,53,23,2,1,0,0,0,13,13,13,27,11
Kimpton Hotels & Restaurants,2016,15,310540568,18,19,33,0,2,1,0,0,0,7,18,7,14,1
JM Family Enterprises,2014,16,2151027474,698,20,30,0,0,0,652,652,0,0,698,0,0,698
JM Family Enterprises,2015,16,2151027474,34,1,0,0,0,0,34,34,0,0,34,0,0,34
JM Family Enterprises,2016,16,2151027474,61,2,0,0,0,0,55,55,0,0,61,0,0,61
Chesapeake Energy,2011,17,71323944,733,142,1864,284,92,0,0,0,0,13,156,13,453,347
Chesapeake Energy,2012,17,71323944,1737,562,7836,631,398,0,0,0,0,86,659,86,1298,880
Chesapeake Energy,2013,17,71323944,387,293,6278,120,120,0,0,0,0,72,147,72,314,219
Chesapeake Energy,2014,17,71323944,260,576,1472,120,68,0,0,0,0,52,104,52,219,116
Chesapeake Energy,2015,17,71323944,75,109,670,34,19,2,0,0,0,18,36,18,61,29
Chesapeake Energy,2016,17,71323944,4,37,16,1,1,0,0,0,0,4,0,4,2,0
USAA,2010,18,89375474,157,0,9,17,1,0,0,0,0,0,72,0,39,0
USAA,2011,18,89375474,203,6,60,10,5,0,0,0,0,0,132,0,47,58
USAA,2012,18,89375474,363,26,154,16,7,0,0,0,0,9,291,9,46,324
USAA,2013,18,89375474,314,52,3264,54,25,0,0,0,0,17,225,17,106,252
USAA,2014,18,89375474,390,274,1059,38,34,0,0,0,0,70,299,70,227,312
USAA,2015,18,89375474,388,606,1093,36,23,3,0,0,0,131,258,131,225,342
USAA,2016,18,89375474,227,278,178,94,0,0,0,0,0,52,103,52,134,118
Robert W. Baird,2011,19,190025356,381,7,276,48,21,0,0,0,0,1,151,1,159,144
Robert W. Baird,2012,19,190025356,569,16,338,125,71,0,0,0,0,10,379,10,360,306
Robert W. Baird,2013,19,190025356,803,118,639,242,142,0,0,0,0,26,517,26,602,456
Robert W. Baird,2014,19,190025356,666,307,804,115,147,0,0,0,0,79,488,79,442,400
Robert W. Baird,2015,19,190025356,442,289,911,49,155,1,0,0,0,68,327,68,317,232
Robert W. Baird,2016,19,190025356,125,187,335,11,32,5,0,0,0,29,76,29,83,71
Container Store,2015,20,92293468,2174,3318,5146,1420,84,0,0,0,0,412,548,412,1509,632
Container Store,2016,20,92293468,1067,1304,1830,832,17,1,0,0,0,159,411,159,862,245
Qualcomm,2014,21,2344213357,244,83,5325,12,143,0,0,0,0,163,140,163,163,94
Qualcomm,2015,21,2344213357,247,19,10297,1,191,1,0,0,0,175,152,175,193,149
Alston & Bird,2009,22,50308751,17,1,0,0,0,0,0,0,0,0,0,0,0,0
Alston & Bird,2010,22,50308751,31,0,10,0,0,0,0,0,0,0,0,0,1,0
Alston & Bird,2011,22,50308751,64,0,18,0,0,0,0,0,0,0,1,0,1,22
Alston & Bird,2012,22,50308751,119,4,51,0,8,0,0,0,0,2,9,2,10,99
Alston & Bird,2013,22,50308751,154,15,45,4,13,0,0,0,0,4,49,4,23,138
Alston & Bird,2014,22,50308751,361,57,289,5,125,0,0,0,0,17,234,17,170,342
Alston & Bird,2015,22,50308751,449,115,576,0,146,0,0,0,0,24,220,24,289,433
Alston & Bird,2016,22,50308751,151,43,243,0,64,0,0,0,0,8,91,8,111,143
Ultimate Software,2011,23,376206322,84,0,9,0,3,0,0,0,0,0,82,0,3,83
Ultimate Software,2012,23,376206322,258,0,0,0,0,0,0,0,0,0,258,0,0,258
Ultimate Software,2013,23,376206322,101,1,17,1,1,0,0,0,0,1,97,1,4,101
Ultimate Software,2014,23,376206322,368,26,99,2,12,0,0,0,0,17,329,17,39,342
Ultimate Software,2015,23,376206322,475,178,229,6,28,5,0,0,0,69,456,69,69,389
Ultimate Software,2016,23,376206322,190,119,93,4,3,1,0,0,0,8,187,8,11,180
Burns & McDonnell,2014,24,288966461,701,36,41,47,0,0,128,128,0,85,554,85,454,645
Burns & McDonnell,2015,24,288966461,1777,217,174,94,1,0,270,270,0,1295,764,1295,1332,1646
Burns & McDonnell,2016,24,288966461,738,81,39,10,0,0,262,262,0,692,335,692,387,726
Salesforce.com,2014,25,2813981915,40,98,160,3,25,0,0,0,0,5,34,5,27,33
Salesforce.com,2015,25,2813981915,199,790,10482,1,100,11,0,0,0,19,175,19,146,186
Salesforce.com,2016,25,2813981915,59,229,1507,0,40,2,0,0,0,31,37,31,45,55
Devon Energy,2016,26,21628891,13,6,24,0,0,0,0,0,0,9,0,9,0,6
PCL Construction Enterprises,2012,27,128032570,164,24,259,41,25,0,0,0,0,20,75,20,127,89
PCL Construction Enterprises,2013,27,128032570,579,192,956,140,123,0,0,0,0,188,270,188,468,245
PCL Construction Enterprises,2014,27,128032570,708,939,2349,79,268,0,0,0,0,266,322,266,524,321
PCL Construction Enterprises,2015,27,128032570,1327,2158,4319,193,651,52,0,0,0,665,606,665,1142,462
PCL Construction Enterprises,2016,27,128032570,449,1159,2839,40,250,31,0,0,0,261,232,261,352,169
Bingham McCutchen,2011,28,51201934,41,1,13,2,2,0,0,0,0,0,9,0,9,40
Bingham McCutchen,2012,28,51201934,118,4,70,7,1,0,0,0,0,0,64,0,21,92
Bingham McCutchen,2013,28,51201934,254,20,188,11,18,0,0,0,0,0,91,0,74,194
Bingham McCutchen,2014,28,51201934,356,91,456,4,43,0,0,0,0,7,70,7,190,297
Scottrade,2015,29,16004376,2100,2937,1635,1150,2,0,0,0,0,102,265,102,1370,1027
Scottrade,2016,29,16004376,1140,2125,691,622,2,0,0,0,0,39,144,39,750,563
Whole Foods Market,2015,30,15131310,6,300,151,0,0,0,0,0,0,6,0,6,0,2
Whole Foods Market,2016,30,15131310,3200,42156,17757,2649,18,5,0,0,0,519,440,519,2705,823
Goldman Sachs,2014,31,253167239,936,11183,14153,4,189,0,0,0,0,284,600,284,682,626
Goldman Sachs,2015,31,253167239,1621,45730,41416,2,224,11,0,0,0,712,1263,712,1070,1192
Goldman Sachs,2016,31,253167239,666,21286,16637,1,129,6,0,0,0,319,526,319,399,509
Nugget Market,2010,32,71633425,394,4,74,38,4,0,0,0,0,0,8,0,68,1
Nugget Market,2011,32,71633425,587,11,246,156,17,0,0,0,0,6,73,6,316,119
Nugget Market,2012,32,71633425,354,15,119,132,18,0,0,0,0,2,34,2,185,181
Nugget Market,2013,32,71633425,162,23,38,55,3,0,0,0,0,0,20,0,64,97
Nugget Market,2014,32,71633425,149,71,52,32,0,0,0,0,0,4,32,4,54,100
Nugget Market,2015,32,71633425,524,376,229,64,50,7,0,0,0,326,293,326,193,370
Nugget Market,2016,32,71633425,508,436,282,67,77,4,0,0,0,382,392,382,201,389
Millennium: The Takeda Oncology Company,2013,33,321974233,1409,320,6393,159,17,0,0,0,0,212,784,212,1086,826
Millennium: The Takeda Oncology Company,2014,33,321974233,615,502,2720,8,39,0,0,0,0,61,392,61,386,459
Millennium: The Takeda Oncology Company,2015,33,321974233,867,3466,4640,43,125,1,3,3,0,149,780,149,464,453
Millennium: The Takeda Oncology Company,2016,33,321974233,341,5730,9088,20,82,6,0,0,0,122,300,122,205,189
Plante Moran,2012,34,632233073,31,0,37,3,13,0,0,0,0,0,11,0,20,20
Plante Moran,2013,34,632233073,6,1,1,0,0,0,0,0,0,0,0,0,1,6
Plante Moran,2014,34,632233073,10,2,4,0,0,0,0,0,0,3,1,3,3,8
St. Jude Children's Research Hospital,2014,35,9624042,1772,66429,99903,1057,276,0,0,0,0,259,495,259,1514,442
St. Jude Children's Research Hospital,2015,35,9624042,1189,59797,60733,474,193,71,0,0,0,387,399,387,849,521
St. Jude Children's Research Hospital,2016,35,9624042,270,25313,61217,72,33,20,0,0,0,118,98,118,155,133
SVB Financial Group,2014,36,17396865,703,959,1975,132,173,1,0,0,0,86,394,86,594,511
SVB Financial Group,2015,36,17396865,1920,4177,7372,263,329,60,3,3,0,283,1172,283,1486,1541
SVB Financial Group,2016,36,17396865,619,2127,6175,33,112,27,0,0,0,176,424,176,474,543
Adobe,2013,37,244264669,47,15,30,14,8,0,0,0,0,5,30,5,30,26
Adobe,2014,37,244264669,1350,913,1244,446,145,0,0,0,0,182,794,182,1069,768
Adobe,2015,37,244264669,1368,1237,1441,453,66,0,0,0,0,297,790,297,1081,844
Adobe,2016,37,244264669,439,493,383,71,6,0,0,0,0,113,306,113,303,366
Novo Nordisk,2007,38,194037150,1,0,0,1,0,0,0,0,0,0,0,0,1,0
Novo Nordisk,2013,38,194037150,432,189,3080,39,158,0,0,0,0,65,318,65,252,309
Novo Nordisk,2014,38,194037150,461,465,1978,152,187,0,1,1,0,146,294,146,358,245
Novo Nordisk,2015,38,194037150,531,1717,5038,106,181,49,5,5,0,197,373,197,371,331
Novo Nordisk,2016,38,194037150,152,1951,1313,40,16,21,0,0,0,34,86,34,79,88
Balfour Beatty Construction,2011,39,295763337,49,6,585,2,22,0,0,0,0,0,17,0,30,19
Balfour Beatty Construction,2012,39,295763337,83,13,366,10,20,0,0,0,0,7,15,7,38,52
Balfour Beatty Construction,2013,39,295763337,224,161,765,53,42,0,0,0,0,31,102,31,135,133
Balfour Beatty Construction,2014,39,295763337,352,390,1927,98,122,0,0,0,0,74,165,74,268,181
Balfour Beatty Construction,2015,39,295763337,221,445,1649,14,136,2,0,0,0,89,97,89,184,136
Balfour Beatty Construction,2016,39,295763337,133,693,1034,5,59,4,0,0,0,58,69,58,85,87
National Instruments,2009,40,44682474,25,0,13,1,2,0,0,0,0,0,8,0,20,0
National Instruments,2010,40,44682474,248,26,269,21,32,0,0,0,0,0,117,0,117,0
National Instruments,2011,40,44682474,300,44,306,54,22,0,0,0,0,2,144,2,168,80
National Instruments,2012,40,44682474,339,67,543,66,29,0,0,0,0,15,170,15,207,228
National Instruments,2013,40,44682474,515,288,1061,88,17,0,0,0,0,55,327,55,282,331
National Instruments,2014,40,44682474,769,914,1936,79,53,0,0,0,0,110,439,110,380,560
National Instruments,2015,40,44682474,890,2071,4077,125,71,64,0,0,0,284,478,284,489,651
National Instruments,2016,40,44682474,185,1895,1817,43,17,9,0,0,0,90,102,90,102,118
Intel,2014,41,2803191,329,18278,9618,229,9,0,0,0,0,57,111,57,257,98
Intel,2015,41,2803191,2196,237543,145097,1229,129,16,0,0,0,694,1097,694,1585,700
Intel,2016,41,2803191,719,196851,108593,127,76,63,0,0,0,442,580,442,465,328
American Fidelity Assurance,2012,42,317976536,514,5,119,53,15,0,0,0,0,1,270,1,114,111
American Fidelity Assurance,2013,42,317976536,1212,100,276,83,28,0,0,0,0,6,800,6,302,441
American Fidelity Assurance,2014,42,317976536,711,144,372,17,37,0,0,0,0,51,262,51,211,420
American Fidelity Assurance,2015,42,317976536,644,161,502,53,55,6,0,0,0,199,171,199,263,308
American Fidelity Assurance,2016,42,317976536,120,57,66,4,12,1,0,0,0,75,53,75,35,60
PricewaterhouseCoopers,2013,43,61215722,708,426,1052,68,85,0,2,2,0,114,493,114,465,304
PricewaterhouseCoopers,2014,43,61215722,737,794,1789,30,65,0,4,4,0,129,489,129,516,294
PricewaterhouseCoopers,2015,43,61215722,1061,1814,15026,16,160,5,0,0,0,201,875,201,697,604
PricewaterhouseCoopers,2016,43,61215722,716,2489,4763,19,212,22,0,0,0,238,619,238,541,395
Allianz Life Insurance,2015,44,222480935,1934,88,183,1,1,1,0,0,0,41,1915,41,8,1922
Allianz Life Insurance,2016,44,222480935,1314,64,56,1,1,0,0,0,0,36,1301,36,3,1307
Autodesk,2011,45,234518712,60,0,5967,2,45,0,0,0,0,0,19,0,48,21
Autodesk,2012,45,234518712,118,3,1010,21,37,0,0,0,0,14,69,14,75,74
Autodesk,2013,45,234518712,68,10,691,3,5,0,0,0,0,5,54,5,40,61
Autodesk,2014,45,234518712,378,114,3338275,21,18,0,12,12,0,152,238,152,189,334
Autodesk,2015,45,234518712,282,137,623,13,19,1,0,0,0,201,139,201,103,235
Methodist Hospital System,2010,46,228872206,9,0,115,0,7,0,0,0,0,0,3,0,7,1
Methodist Hospital System,2011,46,228872206,98,1,207,0,16,0,0,0,0,0,5,0,20,40
Methodist Hospital System,2012,46,228872206,183,0,141,1,3,0,0,0,0,0,4,0,8,171
Methodist Hospital System,2013,46,228872206,163,5,96,1,7,0,1,1,0,2,7,2,8,144
Methodist Hospital System,2014,46,228872206,238,7,10,1,0,0,0,0,0,0,3,0,2,231
Methodist Hospital System,2015,46,228872206,270,21,122,2,3,0,0,0,0,2,32,2,8,249
Methodist Hospital System,2016,46,228872206,114,11,3,1,0,0,0,0,0,0,6,0,3,107
Baker Donelson,2011,47,59338183,231,1,139,4,17,0,0,0,0,0,116,0,100,104
Baker Donelson,2012,47,59338183,589,11,3081,13,77,0,0,0,0,19,338,19,375,455
Baker Donelson,2013,47,59338183,432,25,429,0,135,0,0,0,0,21,146,21,163,375
Baker Donelson,2014,47,59338183,547,110,471,0,97,0,0,0,0,9,176,9,129,506
Baker Donelson,2015,47,59338183,1026,210,729,0,111,1,0,0,0,101,442,101,216,955
Baker Donelson,2016,47,59338183,422,83,283,0,78,0,0,0,0,34,119,34,91,397
Men's Wearhouse,2015,48,68464500,1592,2181,890,1422,7,1,0,0,0,131,124,131,1394,195
Men's Wearhouse,2016,48,68464500,1649,10879,7007,1481,8,2,0,0,0,129,165,129,1513,177
Scripps Health,2013,49,1100931295,406,21,770,6,303,0,0,0,0,12,366,12,371,230
Scripps Health,2014,49,1100931295,226,42,363,10,106,0,0,0,0,1,191,1,200,145
Scripps Health,2015,49,1100931295,163,28,455,11,127,15,0,0,0,27,133,27,145,104
Scripps Health,2016,49,1100931295,36,4,117,0,31,4,0,0,0,16,28,16,33,29
Marriott International,2015,50,14140913,2232,10503,10298,1289,148,23,0,0,0,603,610,603,1724,825
Marriott International,2016,50,14140913,968,8890,5897,523,51,5,0,0,0,297,318,297,722,341
Perkins Coie,2009,51,32614197,127,3,1,1,0,0,0,0,0,0,103,0,5,0
Perkins Coie,2010,51,32614197,173,15,19,0,0,0,0,0,0,0,172,0,0,0
Perkins Coie,2011,51,32614197,186,4,43,0,0,0,0,0,0,0,176,0,0,64
Perkins Coie,2012,51,32614197,207,18,44,0,0,0,0,0,0,0,175,0,3,206
Perkins Coie,2013,51,32614197,315,11,108,2,4,0,0,0,0,0,113,0,9,309
Perkins Coie,2014,51,32614197,485,117,241,5,4,0,0,0,0,1,268,1,16,478
Perkins Coie,2015,51,32614197,498,165,363,13,30,2,0,0,0,19,372,19,69,467
Perkins Coie,2016,51,32614197,172,124,160,10,9,10,0,0,0,6,150,6,35,167
Ernst & Young,2013,52,70001932,103,177,1143,4,52,0,0,0,0,16,62,16,60,77
Ernst & Young,2014,52,70001932,593,2198,7626,4,151,0,0,0,0,103,399,103,315,477
Ernst & Young,2015,52,70001932,1407,8960,21400,5,214,1,0,0,0,461,1137,461,702,1097
Ernst & Young,2016,52,70001932,1144,9339,13272,228,129,11,0,0,0,459,918,459,657,672
Ernst & Young,2008,53,15723011,123,15,1,12,0,0,0,0,0,0,0,0,13,0
Ernst & Young,2009,53,15723011,151,23,5,58,0,0,0,0,0,0,0,0,67,0
Ernst & Young,2010,53,15723011,51,31,155,0,0,0,0,0,0,0,0,0,1,0
Ernst & Young,2011,53,15723011,51,46,268,0,0,0,0,0,0,0,0,0,0,22
Ernst & Young,2012,53,15723011,136,154,724,6,6,0,0,0,0,2,7,2,13,125
Ernst & Young,2013,53,15723011,680,379,2421,59,334,0,0,0,0,78,496,78,492,392
Ernst & Young,2014,53,15723011,603,1167,3497,62,231,1,0,0,0,111,478,111,448,355
Ernst & Young,2015,53,15723011,418,607,2765,37,164,15,0,0,0,122,356,122,275,270
Ernst & Young,2016,53,15723011,150,300,1011,11,46,2,0,0,0,40,124,40,99,115
Ernst & Young,2014,54,297184143,1388,1013,3073,87,54,0,0,0,0,190,1053,190,617,1052
Ernst & Young,2015,54,297184143,1408,1709,3654,49,78,18,0,0,0,639,1092,639,750,1100
Ernst & Young,2016,54,297184143,431,540,732,28,13,4,0,0,0,245,315,245,212,345
Ernst & Young,2011,55,368378534,218,5,46,39,9,0,6,6,0,6,57,6,77,49
Ernst & Young,2012,55,368378534,598,19,3945,24,108,0,11,11,0,108,290,108,274,131
Ernst & Young,2013,55,368378534,481,76,411,24,84,0,5,5,0,55,172,55,161,66
Ernst & Young,2014,55,368378534,613,452,1951,60,130,1,0,0,0,225,469,225,383,166
Ernst & Young,2015,55,368378534,433,314,686,14,106,11,0,0,0,193,314,193,235,167
Ernst & Young,2016,55,368378534,140,142,235,4,26,3,0,0,0,95,84,95,55,59
American Express,2016,56,42712551,3240,10984,14285,2766,59,2,0,0,0,299,445,299,2963,453
Nordstrom,2016,57,15162193,3232,146544,51915,3174,1,0,0,0,0,41,29,41,3180,178
Build-A-Bear Workshop,2014,58,14997308,1854,5671,8397,1064,293,0,0,0,0,495,665,495,1385,603
Build-A-Bear Workshop,2015,58,14997308,1013,10429,6395,513,75,46,0,0,0,334,346,334,712,427
Build-A-Bear Workshop,2016,58,14997308,362,2530,1728,261,11,7,0,0,0,79,56,79,282,137
General Mills,2010,59,184856455,32,2,9,3,1,0,0,0,0,0,24,0,6,0
General Mills,2011,59,184856455,516,66,237,166,26,0,0,0,0,9,253,9,246,107
General Mills,2012,59,184856455,670,102,435,140,46,0,0,0,0,9,417,9,317,271
General Mills,2013,59,184856455,711,149,1295,91,64,0,0,0,0,88,398,88,333,430
General Mills,2014,59,184856455,172,109,11752,10,51,0,0,0,0,63,87,63,83,100
General Mills,2015,59,184856455,212,90,1192,6,116,5,0,0,0,106,145,106,140,120
General Mills,2016,59,184856455,11,17,68,0,8,1,0,0,0,9,7,9,10,7
TDIndustries,2014,60,2870778488,40,17,66,2,10,0,0,0,0,18,33,18,27,18
TDIndustries,2015,60,2870778488,287,116,1346,8,97,13,0,0,0,97,199,97,183,158
TDIndustries,2016,60,2870778488,381,174,2954,7,125,48,0,0,0,112,302,112,208,231
QuikTrip,2015,62,1154321220,2213,6991,4828,1772,19,22,0,0,0,268,269,268,1752,237
QuikTrip,2016,62,1154321220,1022,4746,2311,803,13,17,0,0,0,137,163,137,827,39
Deloitte,2014,63,8457092,5,8,12,0,0,0,0,0,0,0,4,0,2,5
Deloitte,2015,63,8457092,2182,51638,29937,12,48,16,0,0,0,393,1765,393,535,2047
Deloitte,2016,63,8457092,1054,10415,10955,41,117,69,0,0,0,234,919,234,479,839
Genentech,2014,64,27708036,1425,346,2655,35,288,0,0,0,0,249,1347,249,543,1060
Genentech,2015,64,27708036,1449,647,4607,14,301,10,0,0,0,368,1357,368,782,1078
Genentech,2016,64,27708036,362,260,1849,3,96,5,0,0,0,232,316,232,141,219
Umpqua Bank,2010,65,69084338,384,1,5,0,0,0,384,384,0,0,384,0,0,0
Umpqua Bank,2011,65,69084338,56,0,0,0,0,0,56,56,0,0,56,0,0,21
Teach For America,2015,66,19918047,402,2321,2426,140,30,5,0,0,0,140,143,140,236,220
Teach For America,2016,66,19918047,2835,11202,16850,1414,598,27,0,0,0,535,1026,535,2337,802
Mayo Clinic,2015,67,18410558,844,35,143,0,0,0,0,0,0,0,844,0,2,844
Mayo Clinic,2016,67,18410558,2394,81,419,0,0,0,0,0,0,7,2382,7,13,2387
Starbucks,2013,68,59899837,595,720,5098,372,43,0,22,22,0,20,223,20,412,297
Starbucks,2014,68,59899837,1135,3655,8754,745,105,0,327,327,0,139,404,139,896,487
Starbucks,2015,68,59899837,1311,7165,21581,588,270,6,0,0,0,465,799,465,955,517
Starbucks,2016,68,59899837,179,2789,2278,68,38,1,0,0,0,76,82,76,114,94
Rackspace Hosting,2009,69,30262383,570,5,0,0,0,0,0,0,0,0,0,0,0,0
Rackspace Hosting,2010,69,30262383,170,2,19,0,1,0,0,0,0,0,2,0,1,0
FactSet Research Systems,2014,70,57650435,911,123,1860,35,168,0,0,0,0,52,274,52,599,571
FactSet Research Systems,2015,70,57650435,1787,457,5001,147,300,1,0,0,0,264,776,264,890,1069
FactSet Research Systems,2016,70,57650435,516,114,2173,47,72,4,0,0,0,69,233,69,212,289
Microsoft,2014,71,14344319,1012,3380,29238,420,186,0,0,0,0,278,453,278,756,592
Microsoft,2015,71,14344319,1546,7578,77792,585,268,15,0,0,0,435,784,435,1106,858
Microsoft,2016,71,14344319,661,5597,10813,209,66,24,0,0,0,231,340,231,357,424
Aflac,2012,72,278365892,219,67,630,8,2,0,0,0,0,0,80,0,123,172
Aflac,2013,72,278365892,808,673,5835,20,27,0,0,0,0,2,267,2,422,707
Aflac,2014,72,278365892,596,1437,3685,7,6,0,0,0,0,21,249,21,62,552
Aflac,2015,72,278365892,586,8984,6841,5,8,0,0,0,0,50,243,50,87,537
Aflac,2016,72,278365892,124,577,1369,0,4,1,0,0,0,5,59,5,17,112
Publix Super Markets,2014,73,56785107,520,267,424,98,0,0,0,0,0,8,331,8,122,368
Publix Super Markets,2015,73,56785107,2071,1227,1695,401,2,0,0,0,0,453,1119,453,478,1226
Publix Super Markets,2016,73,56785107,625,1027,1310,77,1,6,0,0,0,304,419,304,124,304
Mattel,2013,74,98458823,460,218,440,357,18,0,0,0,0,34,69,34,387,149
Mattel,2014,74,98458823,769,629,1077,704,14,0,0,0,0,18,34,18,676,294
Mattel,2015,74,98458823,1450,1417,936,1382,11,5,0,0,0,33,37,33,1370,305
Mattel,2016,74,98458823,569,1021,1858,548,13,2,0,0,0,7,12,7,555,105
Stryker,2011,75,386225125,2,0,5,0,0,0,0,0,0,0,0,0,0,0
Stryker,2012,75,386225125,180,15,81,2,0,0,0,0,0,0,72,0,6,64
Stryker,2013,75,386225125,367,122,825,63,44,0,0,0,0,13,127,13,169,163
Stryker,2014,75,386225125,318,243,311,34,17,0,0,0,0,48,107,48,118,165
Stryker,2015,75,386225125,332,324,259,18,18,3,0,0,0,197,190,197,93,95
Stryker,2016,75,386225125,93,278,103,5,0,0,0,0,0,57,65,57,24,32
SRC/SRCTec,2009,76,78681420,19,0,0,0,0,0,0,0,0,0,0,0,0,0
SRC/SRCTec,2010,76,78681420,43,0,0,0,0,0,0,0,0,0,0,0,0,0
SRC/SRCTec,2011,76,78681420,33,0,1,0,0,0,0,0,0,0,0,0,0,19
SRC/SRCTec,2012,76,78681420,29,0,0,0,0,0,0,0,0,0,0,0,0,29
SRC/SRCTec,2013,76,78681420,8,0,0,0,0,0,0,0,0,0,0,0,0,8
SRC/SRCTec,2014,76,78681420,19,0,1,0,0,0,0,0,0,0,0,0,0,19
SRC/SRCTec,2015,76,78681420,49,0,1,0,0,0,0,0,0,0,0,0,0,49
SRC/SRCTec,2016,76,78681420,3,0,0,0,0,0,0,0,0,0,0,0,0,3
Hasbro,2011,77,347317843,298,20,1395,30,37,0,0,0,0,5,160,5,132,163
Hasbro,2012,77,347317843,305,29,170,9,22,0,0,0,0,2,275,2,37,280
Hasbro,2013,77,347317843,459,119,1445,69,57,0,0,0,0,21,358,21,148,347
Hasbro,2014,77,347317843,230,90,131,0,0,0,0,0,0,0,229,0,0,230
Hasbro,2015,77,347317843,223,89,483,0,16,3,0,0,0,20,208,20,32,194
Hasbro,2016,77,347317843,11,14,23,0,5,1,0,0,0,3,8,3,8,6
Bright Horizons Family Solutions,2011,78,373917299,46,0,25,13,3,0,0,0,0,0,31,0,24,10
Bright Horizons Family Solutions,2012,78,373917299,70,0,31,14,2,0,0,0,0,6,33,6,17,63
Bright Horizons Family Solutions,2013,78,373917299,214,3,43,140,1,0,0,0,0,13,85,13,142,100
Bright Horizons Family Solutions,2014,78,373917299,175,8,77,81,11,0,0,0,0,6,83,6,106,39
Bright Horizons Family Solutions,2015,78,373917299,319,48,102,200,5,1,0,0,0,90,34,90,204,65
Bright Horizons Family Solutions,2016,78,373917299,143,46,60,10,0,2,0,0,0,32,36,32,45,72
Booz Allen Hamilton,2015,79,17375116,1117,1500,4865,14,715,13,0,0,0,557,959,557,908,552
Booz Allen Hamilton,2016,79,17375116,2086,4411,9500,6,1323,74,0,0,0,1083,1800,1083,1719,1187
Hitachi Data Systems,2015,80,15354310,2075,8942,13196,107,548,12,0,0,0,921,1791,921,1556,1642
Hitachi Data Systems,2016,80,15354310,1164,5382,6040,14,467,11,0,0,0,943,951,943,1063,1125
The Everett Clinic,2014,81,26550996,445,61,2372,17,157,0,0,0,0,63,260,63,242,382
The Everett Clinic,2015,81,26550996,1966,357,6449,90,425,76,0,0,0,247,1078,247,1064,1800
The Everett Clinic,2016,81,26550996,813,304,1015,36,78,20,0,0,4,321,482,321,407,708
OhioHealth,2014,82,2923178940,1,0,0,0,0,0,0,0,0,0,1,0,0,0
OhioHealth,2015,82,2923178940,240,13,2,0,0,0,240,240,0,0,240,0,0,240
OhioHealth,2016,82,2923178940,694,11,15,0,0,0,694,694,0,0,694,0,0,694
Morningstar,2012,83,569404984,20,0,7,0,1,0,0,0,0,0,9,0,3,20
Morningstar,2013,83,569404984,78,11,361,3,17,0,0,0,0,1,39,1,46,64
Morningstar,2014,83,569404984,167,39,286,4,41,0,0,0,0,50,67,50,78,59
Morningstar,2015,83,569404984,92,10,281,0,46,0,0,0,0,17,40,17,50,73
Cisco,2013,84,72310385,942,23,75,0,0,0,0,0,0,0,942,0,0,942
Cisco,2014,84,72310385,704,14,25,0,0,0,0,0,0,0,704,0,1,704
Cisco,2015,84,72310385,713,58,21,0,0,0,0,0,0,0,713,0,0,713
Cisco,2016,84,72310385,484,42,21,0,0,0,0,0,0,0,484,0,0,484
CarMax,2015,85,7023592,659,505,377,593,33,2,0,0,0,30,106,30,616,19
CarMax,2016,85,7023592,2566,2556,1039,2445,65,3,0,0,0,79,284,79,2457,80
KPMG,2014,87,27064606,1,0,0,0,0,0,0,0,0,0,0,0,0,1
KPMG,2015,87,27064606,2185,396,731,17,6,0,0,0,0,43,1877,43,822,2121
KPMG,2016,87,27064606,1029,335,361,1,0,0,0,0,0,63,905,63,449,1002
Meridian Health,2014,88,104286484,1114,386,1318,37,306,0,1,1,0,136,313,136,439,883
Meridian Health,2015,88,104286484,1520,828,143557,25,450,0,24,24,0,321,805,321,647,1163
Meridian Health,2016,88,104286484,563,449,630,6,167,0,0,0,0,134,291,134,244,449
Capital One,2012,89,365500647,101,6,14,6,0,0,0,0,0,5,19,5,19,67
Capital One,2013,89,365500647,359,17,94,2,21,0,0,0,0,11,162,11,49,308
Capital One,2014,89,365500647,359,192,461,17,69,0,0,0,0,52,289,52,196,273
Capital One,2015,89,365500647,292,311,444,1,16,3,0,0,0,124,118,124,106,188
Capital One,2016,89,365500647,110,197,142,2,5,0,0,0,0,35,48,35,56,81
Darden Restaurants,2011,90,372854615,37,0,24,4,5,0,0,0,0,0,20,0,22,25
Darden Restaurants,2012,90,372854615,22,5,39,3,3,0,0,0,0,0,12,0,10,16
Darden Restaurants,2013,90,372854615,305,157,597,60,59,0,0,0,0,49,161,49,236,212
Darden Restaurants,2014,90,372854615,1242,1232,8754,220,191,0,0,0,0,427,756,427,858,628
Darden Restaurants,2015,90,372854615,551,927,1548,23,40,38,0,0,0,304,367,304,398,270
Darden Restaurants,2016,90,372854615,285,850,429,5,10,6,0,0,0,250,194,250,208,157
Stew Leonard's,2014,91,23794152,901,471,855,449,289,0,229,229,0,214,266,214,783,133
Stew Leonard's,2015,91,23794152,1660,1508,1871,489,669,30,100,100,0,631,597,631,1278,432
Stew Leonard's,2016,91,23794152,623,830,772,82,333,2,21,21,0,265,280,265,459,243
Four Seasons Hotels,2015,92,18363030,1713,4438,3176,1499,57,2,0,0,0,190,312,190,1614,220
Four Seasons Hotels,2016,92,18363030,1503,5061,3206,1260,76,5,0,0,0,235,379,235,1408,303
S.C. Johnson & Son,2014,93,326813935,298,165,202,16,11,0,0,0,0,20,225,20,230,226
S.C. Johnson & Son,2015,93,326813935,2512,3643,5086,368,88,14,0,0,0,387,1702,387,1937,1744
S.C. Johnson & Son,2016,93,326813935,435,440,522,158,38,8,0,0,0,156,192,156,340,306
Arkansas Children's Hospital,2008,94,16322617,5,0,0,0,0,0,0,0,0,0,0,0,0,0
Arkansas Children's Hospital,2009,94,16322617,67,1,6,3,0,0,0,0,0,0,2,0,16,0
Arkansas Children's Hospital,2010,94,16322617,298,4,196,21,2,0,0,0,0,0,63,0,131,0
Arkansas Children's Hospital,2011,94,16322617,265,14,315,25,16,0,0,0,0,0,43,0,105,41
Arkansas Children's Hospital,2012,94,16322617,245,26,403,13,11,0,0,0,0,5,97,5,86,93
Arkansas Children's Hospital,2013,94,16322617,171,65,349,19,11,0,0,0,0,6,72,6,46,116
Arkansas Children's Hospital,2014,94,16322617,268,346,911,8,34,0,0,0,0,42,116,42,70,116
Arkansas Children's Hospital,2015,94,16322617,328,681,1043,6,37,1,0,0,0,67,179,67,83,149
Arkansas Children's Hospital,2016,94,16322617,145,436,286,0,5,1,0,0,0,49,74,49,18,78
Gilbane,2013,95,52426577,739,135,4831,81,324,0,0,0,0,85,247,85,573,463
Gilbane,2014,95,52426577,845,433,407608,68,396,0,0,0,0,193,404,193,692,519
Gilbane,2015,95,52426577,1039,831,9989,29,516,64,0,0,0,407,485,407,764,637
Gilbane,2016,95,52426577,555,634,1740,12,329,11,0,0,0,282,305,282,443,327
Brocade Communications Systems,2015,96,3060602845,5,2,0,4,0,0,0,0,0,0,1,0,5,0
Aéropostale,2015,98,55592183,2635,915098,417811,842,145,15,0,0,0,1842,680,1842,1040,1007
Aéropostale,2016,98,55592183,572,140768,52833,120,17,9,0,0,0,424,151,424,205,195
MITRE,2009,99,25681997,82,1,5,0,0,0,0,0,0,0,0,0,0,0
MITRE,2010,99,25681997,114,15,68,0,0,0,0,0,0,0,0,0,0,0
MITRE,2011,99,25681997,91,21,85,0,0,0,0,0,0,0,0,0,0,38
MITRE,2012,99,25681997,81,13,36,1,0,0,0,0,0,0,3,0,4,76
MITRE,2013,99,25681997,137,44,443,13,39,0,0,0,0,6,76,6,74,102
MITRE,2014,99,25681997,552,226,2625,24,223,0,18,18,0,92,389,92,436,370
MITRE,2015,99,25681997,837,994,2461,34,330,20,0,0,0,167,636,167,608,496
MITRE,2016,99,25681997,264,446,1176,2,109,28,0,0,0,57,206,57,191,181
Grainger,2014,100,256527508,275,75,54,16,11,0,0,0,0,63,110,63,69,72
Grainger,2015,100,256527508,383,133,3087,7,46,8,0,0,0,158,193,158,111,211
Grainger,2016,100,256527508,88,88,111,7,14,11,0,0,0,46,65,46,41,42
Colgate-Palmolive,2011,101,21778607,212,12,256,82,35,0,0,0,0,1,59,1,140,43
Colgate-Palmolive,2012,101,21778607,462,157,4883,184,83,0,0,0,0,9,129,9,304,143
Colgate-Palmolive,2013,101,21778607,504,242,2265,231,132,0,1,1,0,33,150,33,364,110
Colgate-Palmolive,2014,101,21778607,441,510,3852,202,74,0,0,0,0,71,213,71,354,94
Colgate-Palmolive,2015,101,21778607,798,1042,1792,511,149,8,0,0,0,110,270,110,704,174
Colgate-Palmolive,2016,101,21778607,812,6338,4140,758,7,7,0,0,0,22,34,22,765,183
Monsanto,2014,102,10742132,332,703,3396,26,70,0,0,0,0,68,177,68,255,198
Monsanto,2015,102,10742132,2299,11045,19917,448,198,11,0,0,0,587,777,587,1451,1456
Monsanto,2016,102,10742132,570,6053,13196,39,17,21,0,0,0,107,234,107,130,404
FedEx,2015,103,2314188024,1,0,0,0,0,0,0,0,0,0,1,0,0,1
FedEx,2016,103,2314188024,1446,104,21,0,0,0,0,0,0,19,1446,19,0,1446
Orrick Herrington & Sutcliffe,2010,104,33724349,39,1,9,0,2,0,0,0,0,0,1,0,2,0
Orrick Herrington & Sutcliffe,2011,104,33724349,67,1,53,47,0,0,0,0,0,0,2,0,51,42
Orrick Herrington & Sutcliffe,2012,104,33724349,77,8,83,58,1,0,0,0,0,0,3,0,75,70
Orrick Herrington & Sutcliffe,2013,104,33724349,247,31,223,86,20,0,0,0,0,2,23,2,145,237
Orrick Herrington & Sutcliffe,2014,104,33724349,545,115,353,19,60,0,0,0,0,58,82,58,168,509
Orrick Herrington & Sutcliffe,2015,104,33724349,1125,343,990,8,208,26,0,0,0,277,408,277,601,1052
Orrick Herrington & Sutcliffe,2016,104,33724349,348,299,2090,1,128,4,0,0,0,60,95,60,235,316
LifeBridge Health,2013,105,2163458978,2,0,0,0,0,0,0,0,0,0,2,0,0,2
LifeBridge Health,2014,105,2163458978,2,0,0,0,0,0,0,0,0,0,2,0,0,2
Herman Miller,2013,106,18084100,1154,1465,3693,248,150,0,0,0,0,82,653,82,859,776
Herman Miller,2014,106,18084100,1229,5175,6366,314,113,0,0,0,0,260,655,260,923,713
Herman Miller,2015,106,18084100,740,6791,5879,76,75,16,0,0,0,475,470,475,480,529
Herman Miller,2016,106,18084100,115,1472,1392,1,43,1,0,0,0,93,59,93,59,98
Texas Instruments,2015,107,13613292,2009,11176,7615,271,75,5,0,0,0,740,1260,740,649,1803
Texas Instruments,2016,107,13613292,1219,9033,4962,122,97,19,0,0,0,584,811,584,495,1022
Vanderbilt University,2015,108,41621787,1940,2281,2825,429,70,6,0,0,6,663,494,663,945,1497
Vanderbilt University,2016,108,41621787,1264,2874,2423,133,58,1,0,0,2,855,325,855,711,1051
Sherwin-Williams,2014,109,111372861,1232,5968,4832,879,74,0,0,0,0,256,411,256,981,205
Sherwin-Williams,2015,109,111372861,1741,12118,7508,1111,231,13,0,0,0,498,614,498,1392,406
Sherwin-Williams,2016,109,111372861,257,9352,2550,145,18,3,0,0,0,89,110,89,191,91
SRA International,2009,110,18166849,184,7,0,12,0,0,0,0,0,0,64,0,71,0
SRA International,2010,110,18166849,440,8,310,11,86,0,0,0,0,0,264,0,358,2
SRA International,2011,110,18166849,350,4,531,3,60,0,0,0,0,0,192,0,269,47
SRA International,2012,110,18166849,2,0,1,0,1,0,0,0,0,0,1,0,2,2
David Weekley Homes,2012,111,25389817,139,11,66,33,16,0,0,0,0,24,26,24,54,62
David Weekley Homes,2013,111,25389817,331,87,847,33,78,0,0,0,0,101,112,101,129,210
David Weekley Homes,2014,111,25389817,853,895,523,136,68,0,3,3,0,462,71,462,217,331
David Weekley Homes,2015,111,25389817,962,851,556,202,72,20,0,0,0,569,318,569,318,380
David Weekley Homes,2016,111,25389817,299,400,198,61,32,7,0,0,0,195,163,195,109,151
WellStar Health System,2009,112,41440062,20,0,1,1,0,0,0,0,0,0,0,0,1,0
WellStar Health System,2010,112,41440062,36,0,4,0,1,0,0,0,0,0,2,0,1,0
WellStar Health System,2011,112,41440062,36,0,25,0,15,0,0,0,0,0,7,0,17,17
WellStar Health System,2012,112,41440062,735,14,277,43,83,1,0,0,0,3,27,3,130,500
WellStar Health System,2013,112,41440062,900,44,446,30,153,0,0,0,0,17,143,17,206,727
WellStar Health System,2014,112,41440062,740,167,4539,67,369,0,0,0,0,183,444,183,494,382
WellStar Health System,2015,112,41440062,358,354,362,55,72,1,0,0,1,172,118,172,181,223
WellStar Health System,2016,112,41440062,73,106,65,11,11,0,0,0,0,51,7,51,22,41
TEKsystems,2015,113,3431881523,206,48,30,0,2,0,0,0,0,0,174,0,9,205
TEKsystems,2016,113,3431881523,62,51,238,0,39,8,0,0,0,40,37,40,45,20
Roche Diagnostics,2012,114,590205767,1,0,0,0,0,0,0,0,0,0,0,0,0,0
Roche Diagnostics,2013,114,590205767,20,3,11,1,0,0,0,0,0,0,8,0,15,17
Roche Diagnostics,2014,114,590205767,185,98,124,56,17,0,0,0,0,14,106,14,121,41
Roche Diagnostics,2015,114,590205767,735,582,947,208,108,1,0,0,0,151,487,151,376,330
Roche Diagnostics,2016,114,590205767,352,245,157,142,11,1,0,0,0,30,156,30,241,192
Roche Diagnostics,2009,115,62834641,5,0,0,0,0,0,0,0,0,0,0,0,0,0
Roche Diagnostics,2010,115,62834641,6,4,6,0,0,0,0,0,0,0,0,0,0,0
Roche Diagnostics,2011,115,62834641,4,2,2,0,0,0,0,0,0,0,0,0,0,1
Roche Diagnostics,2012,115,62834641,11,2,20,1,0,0,0,0,0,0,6,0,4,8
Roche Diagnostics,2013,115,62834641,36,8,32,1,2,0,0,0,0,1,21,1,17,22
Roche Diagnostics,2014,115,62834641,149,33,584,0,87,0,0,0,0,13,129,13,98,94
Roche Diagnostics,2015,115,62834641,317,342,1184,20,72,7,0,0,0,64,228,64,165,91
Roche Diagnostics,2016,115,62834641,147,267,463,16,14,1,0,0,0,44,110,44,57,47
Kimley-Horn and Associates,2010,116,50056003,1,0,0,0,0,0,0,0,0,0,0,0,0,0
Kimley-Horn and Associates,2011,116,50056003,27,0,12,1,1,0,0,0,0,0,1,0,2,15
Kimley-Horn and Associates,2012,116,50056003,28,1,16,7,4,0,0,0,0,0,2,0,17,24
Kimley-Horn and Associates,2013,116,50056003,84,27,74,3,8,0,0,0,0,12,31,12,73,39
Kimley-Horn and Associates,2014,116,50056003,171,152,363,10,27,0,0,0,0,57,62,57,135,81
Kimley-Horn and Associates,2015,116,50056003,204,309,891,0,39,1,0,0,0,105,115,105,148,88
Kimley-Horn and Associates,2016,116,50056003,57,181,147,3,6,2,0,0,0,30,16,30,33,24
Mars,2013,117,300360969,106,29,256,25,37,0,0,0,0,11,36,11,86,63
Mars,2014,117,300360969,940,659,12725,333,305,0,0,0,0,123,438,123,722,496
Mars,2015,117,300360969,1571,2797,19521,606,529,10,0,0,0,310,765,310,1265,893
Mars,2016,117,300360969,610,866,3525,423,80,8,0,0,0,54,133,54,555,293
Discovery Communications,2014,118,22061951,1215,2587,17447,360,217,0,5,5,0,436,720,436,1144,925
Discovery Communications,2015,118,22061951,1566,8937,32681,234,356,19,2,2,0,1022,845,1022,1484,1180
Discovery Communications,2016,118,22061951,441,3436,11064,11,123,9,0,0,0,316,224,316,407,332
Arnold & Porter,2013,119,1098504926,124,5,40,4,11,0,0,0,0,1,30,1,20,116
Arnold & Porter,2014,119,1098504926,166,23,69,1,3,0,0,0,0,0,65,0,9,165
Arnold & Porter,2015,119,1098504926,244,36,279,4,46,1,0,0,0,9,153,9,80,232
Arnold & Porter,2016,119,1098504926,69,31,50,0,0,0,0,0,0,0,54,0,26,69
Sheetz,2016,120,14813584,3241,21763,10645,2841,58,51,0,0,0,239,856,239,2880,465
The Cheesecake Factory,2016,121,2850334863,1373,47,26,0,0,0,0,0,0,1357,1372,1357,1,1373
Hyland Software,2015,122,15580925,2228,1856,1601,40,93,68,2,2,0,961,1835,961,819,1657
Hyland Software,2016,122,15580925,987,1496,1250,24,33,24,0,0,0,664,850,664,367,800
Hyatt Hotels,2010,123,17924644,209,8,122,33,59,0,0,0,0,0,35,0,144,4
Hyatt Hotels,2011,123,17924644,739,84,558,205,101,0,0,0,0,1,70,1,368,144
Hyatt Hotels,2012,123,17924644,619,100,805,133,96,0,0,0,0,8,105,8,254,398
Hyatt Hotels,2013,123,17924644,477,190,695,91,76,0,0,0,0,20,100,20,177,323
Hyatt Hotels,2014,123,17924644,584,475,1781,106,212,0,0,0,0,106,251,106,339,335
Hyatt Hotels,2015,123,17924644,446,852,975,112,112,24,1,1,0,137,201,137,252,222
Hyatt Hotels,2016,123,17924644,113,354,314,11,24,10,2,2,0,35,52,35,45,78
Kiewit Corporation,2011,124,388325606,74,0,0,0,0,0,0,0,0,0,0,0,0,74
Kiewit Corporation,2012,124,388325606,56,15,43,2,2,0,0,0,0,5,18,5,36,35
Kiewit Corporation,2013,124,388325606,285,124,421,2,69,0,0,0,0,96,126,96,199,131
Kiewit Corporation,2014,124,388325606,448,426,782,5,191,0,0,0,0,190,261,190,345,153
Kiewit Corporation,2015,124,388325606,512,1071,1047,12,203,35,0,0,0,277,249,277,323,193
Kiewit Corporation,2016,124,388325606,154,493,432,1,88,4,0,0,0,107,70,107,102,58
Cooley,2014,125,119120977,782,537,1803,13,423,0,0,0,0,127,487,127,587,534
Cooley,2015,125,119120977,1777,918,4947,35,1385,16,0,0,0,316,959,316,1609,1212
Cooley,2016,125,119120977,625,371,22125,6,496,5,0,0,0,155,344,155,561,403
